solid OpenSCAD_Model
  facet normal 0.321414 -0.946939 0
    outer loop
      vertex 60.4235 -2.31259 4.1
      vertex 61.1048 -2.08134 10.4
      vertex 60.4235 -2.31259 10.4
    endloop
  endfacet
  facet normal 0.321414 -0.946939 0
    outer loop
      vertex 61.1048 -2.08134 10.4
      vertex 60.4235 -2.31259 4.1
      vertex 61.1048 -2.08134 4.1
    endloop
  endfacet
  facet normal 0.442314 -0.89686 0
    outer loop
      vertex 61.1048 -2.08134 4.1
      vertex 61.75 -1.76314 10.4
      vertex 61.1048 -2.08134 10.4
    endloop
  endfacet
  facet normal 0.442314 -0.89686 0
    outer loop
      vertex 61.75 -1.76314 10.4
      vertex 61.1048 -2.08134 4.1
      vertex 61.75 -1.76314 4.1
    endloop
  endfacet
  facet normal 0 -1 0
    outer loop
      vertex 3 -2.5 4.1
      vertex 59 -2.5 10.4
      vertex 3 -2.5 10.4
    endloop
  endfacet
  facet normal 0 -1 -0
    outer loop
      vertex 59 -2.5 10.4
      vertex 3 -2.5 4.1
      vertex 59 -2.5 4.1
    endloop
  endfacet
  facet normal -0.442064 0.896984 0
    outer loop
      vertex 0.895248 119.281 4.1
      vertex 0.25 118.963 10.4
      vertex 0.895248 119.281 10.4
    endloop
  endfacet
  facet normal -0.442064 0.896984 0
    outer loop
      vertex 0.25 118.963 10.4
      vertex 0.895248 119.281 4.1
      vertex 0.25 118.963 4.1
    endloop
  endfacet
  facet normal 1 0 0
    outer loop
      vertex 64.5 114.2 10.4
      vertex 64.5 64.6 4.9
      vertex 64.5 114.2 4.1
    endloop
  endfacet
  facet normal 1 0 0
    outer loop
      vertex 64.5 114.2 10.4
      vertex 64.5 52.6 4.9
      vertex 64.5 64.6 4.9
    endloop
  endfacet
  facet normal 1 -0 0
    outer loop
      vertex 64.5 3 10.4
      vertex 64.5 52.6 4.9
      vertex 64.5 114.2 10.4
    endloop
  endfacet
  facet normal 1 0 0
    outer loop
      vertex 64.5 3 4.1
      vertex 64.5 52.6 4.9
      vertex 64.5 3 10.4
    endloop
  endfacet
  facet normal 1 0 0
    outer loop
      vertex 64.5 52.6 4.9
      vertex 64.5 3 4.1
      vertex 64.5 52.6 4.1
    endloop
  endfacet
  facet normal 1 0 0
    outer loop
      vertex 64.5 114.2 4.1
      vertex 64.5 64.6 4.9
      vertex 64.5 64.6 4.1
    endloop
  endfacet
  facet normal 0 0 1
    outer loop
      vertex 35.2037 13.4588 10.4
      vertex 37.2963 13.4588 10.4
      vertex 35.395 14.0224 10.4
    endloop
  endfacet
  facet normal 0 0 1
    outer loop
      vertex 37.5596 12.925 10.4
      vertex 35.5111 5.29389 10.4
      vertex 35.55 4.7 10.4
    endloop
  endfacet
  facet normal 0 0 1
    outer loop
      vertex 37.2963 13.4588 10.4
      vertex 35.2037 13.4588 10.4
      vertex 37.5596 12.925 10.4
    endloop
  endfacet
  facet normal 0 0 1
    outer loop
      vertex 37.5596 12.925 10.4
      vertex 35.395 5.87763 10.4
      vertex 35.5111 5.29389 10.4
    endloop
  endfacet
  facet normal 0 0 1
    outer loop
      vertex 34.9404 12.925 10.4
      vertex 37.5596 12.925 10.4
      vertex 35.2037 13.4588 10.4
    endloop
  endfacet
  facet normal 0 0 1
    outer loop
      vertex 37.5596 12.925 10.4
      vertex 35.2037 6.44121 10.4
      vertex 35.395 5.87763 10.4
    endloop
  endfacet
  facet normal 0 0 1
    outer loop
      vertex 34.6098 12.4301 10.4
      vertex 37.5596 12.925 10.4
      vertex 34.9404 12.925 10.4
    endloop
  endfacet
  facet normal 0 0 1
    outer loop
      vertex 37.5596 12.925 10.4
      vertex 34.9404 6.975 10.4
      vertex 35.2037 6.44121 10.4
    endloop
  endfacet
  facet normal 0 0 1
    outer loop
      vertex 34.2173 11.9827 10.4
      vertex 37.5596 12.925 10.4
      vertex 34.6098 12.4301 10.4
    endloop
  endfacet
  facet normal 0 0 1
    outer loop
      vertex 37.5596 12.925 10.4
      vertex 34.6098 7.46986 10.4
      vertex 34.9404 6.975 10.4
    endloop
  endfacet
  facet normal 0 0 1
    outer loop
      vertex 34.2173 7.91734 10.4
      vertex 37.5596 12.925 10.4
      vertex 34.2173 11.9827 10.4
    endloop
  endfacet
  facet normal 0 0 1
    outer loop
      vertex 37.5596 12.925 10.4
      vertex 34.2173 7.91734 10.4
      vertex 34.6098 7.46986 10.4
    endloop
  endfacet
  facet normal -0 0 1
    outer loop
      vertex 33.7699 11.5902 10.4
      vertex 34.2173 7.91734 10.4
      vertex 34.2173 11.9827 10.4
    endloop
  endfacet
  facet normal 0 0 1
    outer loop
      vertex 33.7699 11.5902 10.4
      vertex 33.7699 8.30976 10.4
      vertex 34.2173 7.91734 10.4
    endloop
  endfacet
  facet normal -0 0 1
    outer loop
      vertex 33.275 11.2596 10.4
      vertex 33.7699 8.30976 10.4
      vertex 33.7699 11.5902 10.4
    endloop
  endfacet
  facet normal 0 0 1
    outer loop
      vertex 33.275 11.2596 10.4
      vertex 33.275 8.64042 10.4
      vertex 33.7699 8.30976 10.4
    endloop
  endfacet
  facet normal -0 0 1
    outer loop
      vertex 32.7412 10.9963 10.4
      vertex 33.275 8.64042 10.4
      vertex 33.275 11.2596 10.4
    endloop
  endfacet
  facet normal 0 0 1
    outer loop
      vertex 32.7412 10.9963 10.4
      vertex 32.7412 8.90365 10.4
      vertex 33.275 8.64042 10.4
    endloop
  endfacet
  facet normal -0 0 1
    outer loop
      vertex 32.1776 10.805 10.4
      vertex 32.7412 8.90365 10.4
      vertex 32.7412 10.9963 10.4
    endloop
  endfacet
  facet normal 0 0 1
    outer loop
      vertex 32.1776 10.805 10.4
      vertex 32.1776 9.09496 10.4
      vertex 32.7412 8.90365 10.4
    endloop
  endfacet
  facet normal -0 0 1
    outer loop
      vertex 31.5939 10.6889 10.4
      vertex 32.1776 9.09496 10.4
      vertex 32.1776 10.805 10.4
    endloop
  endfacet
  facet normal 0 0 1
    outer loop
      vertex 31.5939 10.6889 10.4
      vertex 31.5939 9.21107 10.4
      vertex 32.1776 9.09496 10.4
    endloop
  endfacet
  facet normal -0 0 1
    outer loop
      vertex 31 10.65 10.4
      vertex 31.5939 9.21107 10.4
      vertex 31.5939 10.6889 10.4
    endloop
  endfacet
  facet normal 0 0 1
    outer loop
      vertex 31 10.65 10.4
      vertex 31 9.25 10.4
      vertex 31.5939 9.21107 10.4
    endloop
  endfacet
  facet normal 0 0 1
    outer loop
      vertex 30.4061 10.6889 10.4
      vertex 31 9.25 10.4
      vertex 31 10.65 10.4
    endloop
  endfacet
  facet normal 0 0 1
    outer loop
      vertex 30.4061 10.6889 10.4
      vertex 30.4061 9.21107 10.4
      vertex 31 9.25 10.4
    endloop
  endfacet
  facet normal 0 0 1
    outer loop
      vertex 29.8224 10.805 10.4
      vertex 30.4061 9.21107 10.4
      vertex 30.4061 10.6889 10.4
    endloop
  endfacet
  facet normal 0 0 1
    outer loop
      vertex 29.8224 10.805 10.4
      vertex 29.8224 9.09496 10.4
      vertex 30.4061 9.21107 10.4
    endloop
  endfacet
  facet normal 0 0 1
    outer loop
      vertex 29.2588 10.9963 10.4
      vertex 29.8224 9.09496 10.4
      vertex 29.8224 10.805 10.4
    endloop
  endfacet
  facet normal 0 0 1
    outer loop
      vertex 29.2588 10.9963 10.4
      vertex 29.2588 8.90365 10.4
      vertex 29.8224 9.09496 10.4
    endloop
  endfacet
  facet normal 0 0 1
    outer loop
      vertex 28.725 11.2596 10.4
      vertex 29.2588 8.90365 10.4
      vertex 29.2588 10.9963 10.4
    endloop
  endfacet
  facet normal 0 0 1
    outer loop
      vertex 28.725 11.2596 10.4
      vertex 28.725 8.64042 10.4
      vertex 29.2588 8.90365 10.4
    endloop
  endfacet
  facet normal 0 0 1
    outer loop
      vertex 28.2301 11.5902 10.4
      vertex 28.725 8.64042 10.4
      vertex 28.725 11.2596 10.4
    endloop
  endfacet
  facet normal 0 0 1
    outer loop
      vertex 28.2301 11.5902 10.4
      vertex 28.2301 8.30976 10.4
      vertex 28.725 8.64042 10.4
    endloop
  endfacet
  facet normal 0 0 1
    outer loop
      vertex 27.7827 11.9827 10.4
      vertex 28.2301 8.30976 10.4
      vertex 28.2301 11.5902 10.4
    endloop
  endfacet
  facet normal 0 0 1
    outer loop
      vertex 27.7827 11.9827 10.4
      vertex 27.7827 7.91734 10.4
      vertex 28.2301 8.30976 10.4
    endloop
  endfacet
  facet normal 0 0 1
    outer loop
      vertex 23.7173 11.9827 10.4
      vertex 27.7827 11.9827 10.4
      vertex 27.3902 12.4301 10.4
    endloop
  endfacet
  facet normal 0 0 1
    outer loop
      vertex 27.7827 11.9827 10.4
      vertex 23.7173 11.9827 10.4
      vertex 27.7827 7.91734 10.4
    endloop
  endfacet
  facet normal 0 0 1
    outer loop
      vertex 24.1098 12.4301 10.4
      vertex 27.3902 12.4301 10.4
      vertex 27.0596 12.925 10.4
    endloop
  endfacet
  facet normal 0 0 1
    outer loop
      vertex 27.7827 7.91734 10.4
      vertex 23.7173 11.9827 10.4
      vertex 27.3902 7.46986 10.4
    endloop
  endfacet
  facet normal 0 0 1
    outer loop
      vertex 24.4404 12.925 10.4
      vertex 27.0596 12.925 10.4
      vertex 26.7963 13.4588 10.4
    endloop
  endfacet
  facet normal 0 0 1
    outer loop
      vertex 27.3902 12.4301 10.4
      vertex 24.1098 12.4301 10.4
      vertex 23.7173 11.9827 10.4
    endloop
  endfacet
  facet normal 0 0 1
    outer loop
      vertex 24.7037 13.4588 10.4
      vertex 26.7963 13.4588 10.4
      vertex 26.605 14.0224 10.4
    endloop
  endfacet
  facet normal -0 0 1
    outer loop
      vertex 23.2699 11.5902 10.4
      vertex 27.3902 7.46986 10.4
      vertex 23.7173 11.9827 10.4
    endloop
  endfacet
  facet normal 0 0 1
    outer loop
      vertex 24.895 14.0224 10.4
      vertex 26.605 14.0224 10.4
      vertex 26.4889 14.6061 10.4
    endloop
  endfacet
  facet normal 0 0 1
    outer loop
      vertex 27.0596 12.925 10.4
      vertex 24.4404 12.925 10.4
      vertex 24.1098 12.4301 10.4
    endloop
  endfacet
  facet normal 0 0 1
    outer loop
      vertex 25.0111 14.6061 10.4
      vertex 26.4889 14.6061 10.4
      vertex 26.45 15.2 10.4
    endloop
  endfacet
  facet normal 0 0 1
    outer loop
      vertex 27.3902 7.46986 10.4
      vertex 23.2699 11.5902 10.4
      vertex 27.0596 6.975 10.4
    endloop
  endfacet
  facet normal -0 0 1
    outer loop
      vertex 34.6098 22.9301 10.4
      vertex 38.7301 18.8098 10.4
      vertex 34.9404 23.425 10.4
    endloop
  endfacet
  facet normal 0 0 1
    outer loop
      vertex 37.5596 17.475 10.4
      vertex 35.5111 15.7939 10.4
      vertex 35.55 15.2 10.4
    endloop
  endfacet
  facet normal 0 0 1
    outer loop
      vertex 38.7301 18.8098 10.4
      vertex 34.6098 22.9301 10.4
      vertex 38.2827 18.4173 10.4
    endloop
  endfacet
  facet normal 0 0 1
    outer loop
      vertex 37.5596 17.475 10.4
      vertex 35.395 16.3776 10.4
      vertex 35.5111 15.7939 10.4
    endloop
  endfacet
  facet normal -0 0 1
    outer loop
      vertex 34.2173 22.4827 10.4
      vertex 38.2827 18.4173 10.4
      vertex 34.6098 22.9301 10.4
    endloop
  endfacet
  facet normal 0 0 1
    outer loop
      vertex 37.5596 17.475 10.4
      vertex 35.2037 16.9412 10.4
      vertex 35.395 16.3776 10.4
    endloop
  endfacet
  facet normal 0 0 1
    outer loop
      vertex 34.2173 18.4173 10.4
      vertex 38.2827 18.4173 10.4
      vertex 34.2173 22.4827 10.4
    endloop
  endfacet
  facet normal 0 0 1
    outer loop
      vertex 37.5596 17.475 10.4
      vertex 34.9404 17.475 10.4
      vertex 35.2037 16.9412 10.4
    endloop
  endfacet
  facet normal 0 0 1
    outer loop
      vertex 38.2827 18.4173 10.4
      vertex 34.2173 18.4173 10.4
      vertex 37.8902 17.9699 10.4
    endloop
  endfacet
  facet normal 0 0 1
    outer loop
      vertex 37.5596 17.475 10.4
      vertex 34.6098 17.9699 10.4
      vertex 34.9404 17.475 10.4
    endloop
  endfacet
  facet normal 0 -0 1
    outer loop
      vertex 34.6098 17.9699 10.4
      vertex 37.8902 17.9699 10.4
      vertex 34.2173 18.4173 10.4
    endloop
  endfacet
  facet normal 0 0 1
    outer loop
      vertex 37.8902 17.9699 10.4
      vertex 34.6098 17.9699 10.4
      vertex 37.5596 17.475 10.4
    endloop
  endfacet
  facet normal -0 0 1
    outer loop
      vertex 33.7699 22.0902 10.4
      vertex 34.2173 18.4173 10.4
      vertex 34.2173 22.4827 10.4
    endloop
  endfacet
  facet normal 0 0 1
    outer loop
      vertex 33.7699 22.0902 10.4
      vertex 33.7699 18.8098 10.4
      vertex 34.2173 18.4173 10.4
    endloop
  endfacet
  facet normal -0 0 1
    outer loop
      vertex 33.275 21.7596 10.4
      vertex 33.7699 18.8098 10.4
      vertex 33.7699 22.0902 10.4
    endloop
  endfacet
  facet normal 0 0 1
    outer loop
      vertex 33.275 21.7596 10.4
      vertex 33.275 19.1404 10.4
      vertex 33.7699 18.8098 10.4
    endloop
  endfacet
  facet normal -0 0 1
    outer loop
      vertex 32.7412 21.4963 10.4
      vertex 33.275 19.1404 10.4
      vertex 33.275 21.7596 10.4
    endloop
  endfacet
  facet normal 0 0 1
    outer loop
      vertex 32.7412 21.4963 10.4
      vertex 32.7412 19.4037 10.4
      vertex 33.275 19.1404 10.4
    endloop
  endfacet
  facet normal -0 0 1
    outer loop
      vertex 32.1776 21.305 10.4
      vertex 32.7412 19.4037 10.4
      vertex 32.7412 21.4963 10.4
    endloop
  endfacet
  facet normal 0 0 1
    outer loop
      vertex 32.1776 21.305 10.4
      vertex 32.1776 19.595 10.4
      vertex 32.7412 19.4037 10.4
    endloop
  endfacet
  facet normal -0 0 1
    outer loop
      vertex 31.5939 21.1889 10.4
      vertex 32.1776 19.595 10.4
      vertex 32.1776 21.305 10.4
    endloop
  endfacet
  facet normal 0 0 1
    outer loop
      vertex 31.5939 21.1889 10.4
      vertex 31.5939 19.7111 10.4
      vertex 32.1776 19.595 10.4
    endloop
  endfacet
  facet normal -0 0 1
    outer loop
      vertex 31 21.15 10.4
      vertex 31.5939 19.7111 10.4
      vertex 31.5939 21.1889 10.4
    endloop
  endfacet
  facet normal 0 0 1
    outer loop
      vertex 31 21.15 10.4
      vertex 31 19.75 10.4
      vertex 31.5939 19.7111 10.4
    endloop
  endfacet
  facet normal 0 0 1
    outer loop
      vertex 30.4061 21.1889 10.4
      vertex 31 19.75 10.4
      vertex 31 21.15 10.4
    endloop
  endfacet
  facet normal 0 0 1
    outer loop
      vertex 30.4061 21.1889 10.4
      vertex 30.4061 19.7111 10.4
      vertex 31 19.75 10.4
    endloop
  endfacet
  facet normal 0 0 1
    outer loop
      vertex 29.8224 21.305 10.4
      vertex 30.4061 19.7111 10.4
      vertex 30.4061 21.1889 10.4
    endloop
  endfacet
  facet normal 0 0 1
    outer loop
      vertex 29.8224 21.305 10.4
      vertex 29.8224 19.595 10.4
      vertex 30.4061 19.7111 10.4
    endloop
  endfacet
  facet normal 0 0 1
    outer loop
      vertex 29.2588 21.4963 10.4
      vertex 29.8224 19.595 10.4
      vertex 29.8224 21.305 10.4
    endloop
  endfacet
  facet normal 0 0 1
    outer loop
      vertex 29.2588 21.4963 10.4
      vertex 29.2588 19.4037 10.4
      vertex 29.8224 19.595 10.4
    endloop
  endfacet
  facet normal 0 0 1
    outer loop
      vertex 28.725 21.7596 10.4
      vertex 29.2588 19.4037 10.4
      vertex 29.2588 21.4963 10.4
    endloop
  endfacet
  facet normal 0 0 1
    outer loop
      vertex 28.725 21.7596 10.4
      vertex 28.725 19.1404 10.4
      vertex 29.2588 19.4037 10.4
    endloop
  endfacet
  facet normal 0 0 1
    outer loop
      vertex 28.2301 22.0902 10.4
      vertex 28.725 19.1404 10.4
      vertex 28.725 21.7596 10.4
    endloop
  endfacet
  facet normal 0 0 1
    outer loop
      vertex 28.2301 22.0902 10.4
      vertex 28.2301 18.8098 10.4
      vertex 28.725 19.1404 10.4
    endloop
  endfacet
  facet normal 0 0 1
    outer loop
      vertex 27.7827 22.4827 10.4
      vertex 28.2301 18.8098 10.4
      vertex 28.2301 22.0902 10.4
    endloop
  endfacet
  facet normal 0 0 1
    outer loop
      vertex 27.7827 22.4827 10.4
      vertex 27.7827 18.4173 10.4
      vertex 28.2301 18.8098 10.4
    endloop
  endfacet
  facet normal 0 0 1
    outer loop
      vertex 23.7173 18.4173 10.4
      vertex 27.7827 22.4827 10.4
      vertex 27.3902 22.9301 10.4
    endloop
  endfacet
  facet normal 0 0 1
    outer loop
      vertex 27.7827 22.4827 10.4
      vertex 23.7173 18.4173 10.4
      vertex 27.7827 18.4173 10.4
    endloop
  endfacet
  facet normal 0 0 1
    outer loop
      vertex 23.2699 18.8098 10.4
      vertex 27.3902 22.9301 10.4
      vertex 27.0596 23.425 10.4
    endloop
  endfacet
  facet normal 0 0 1
    outer loop
      vertex 27.7827 18.4173 10.4
      vertex 23.7173 18.4173 10.4
      vertex 27.3902 17.9699 10.4
    endloop
  endfacet
  facet normal 0 0 1
    outer loop
      vertex 22.775 19.1404 10.4
      vertex 27.0596 23.425 10.4
      vertex 26.7963 23.9588 10.4
    endloop
  endfacet
  facet normal 0 -0 1
    outer loop
      vertex 24.1098 17.9699 10.4
      vertex 27.3902 17.9699 10.4
      vertex 23.7173 18.4173 10.4
    endloop
  endfacet
  facet normal 0 0 1
    outer loop
      vertex 22.2412 19.4037 10.4
      vertex 26.7963 23.9588 10.4
      vertex 26.605 24.5224 10.4
    endloop
  endfacet
  facet normal 0 0 1
    outer loop
      vertex 27.3902 17.9699 10.4
      vertex 24.1098 17.9699 10.4
      vertex 27.0596 17.475 10.4
    endloop
  endfacet
  facet normal 0 0 1
    outer loop
      vertex 21.6776 19.595 10.4
      vertex 26.605 24.5224 10.4
      vertex 26.4889 25.1061 10.4
    endloop
  endfacet
  facet normal 0 0 1
    outer loop
      vertex 27.0596 17.475 10.4
      vertex 24.4404 17.475 10.4
      vertex 26.7963 16.9412 10.4
    endloop
  endfacet
  facet normal 0 0 1
    outer loop
      vertex 21.0939 19.7111 10.4
      vertex 26.4889 25.1061 10.4
      vertex 26.45 25.7 10.4
    endloop
  endfacet
  facet normal 0 0 1
    outer loop
      vertex 26.7963 16.9412 10.4
      vertex 24.7037 16.9412 10.4
      vertex 26.605 16.3776 10.4
    endloop
  endfacet
  facet normal 0 0 1
    outer loop
      vertex 64.5 3 10.4
      vertex 46.0111 15.7939 10.4
      vertex 46.05 15.2 10.4
    endloop
  endfacet
  facet normal 0 0 1
    outer loop
      vertex 64.5 3 10.4
      vertex 45.895 16.3776 10.4
      vertex 46.0111 15.7939 10.4
    endloop
  endfacet
  facet normal 0 0 1
    outer loop
      vertex 64.5 3 10.4
      vertex 45.7037 16.9412 10.4
      vertex 45.895 16.3776 10.4
    endloop
  endfacet
  facet normal 0 0 1
    outer loop
      vertex 55.5901 41.6099 10.4
      vertex 45.4404 17.475 10.4
      vertex 45.7037 16.9412 10.4
    endloop
  endfacet
  facet normal 0 0 1
    outer loop
      vertex 55.5901 41.6099 10.4
      vertex 45.1098 17.9699 10.4
      vertex 45.4404 17.475 10.4
    endloop
  endfacet
  facet normal 0 0 1
    outer loop
      vertex 55.5901 41.6099 10.4
      vertex 44.7173 18.4173 10.4
      vertex 45.1098 17.9699 10.4
    endloop
  endfacet
  facet normal 0 0 1
    outer loop
      vertex 55.5901 41.6099 10.4
      vertex 44.2699 18.8098 10.4
      vertex 44.7173 18.4173 10.4
    endloop
  endfacet
  facet normal 0 0 1
    outer loop
      vertex 55.5901 41.6099 10.4
      vertex 43.775 19.1404 10.4
      vertex 44.2699 18.8098 10.4
    endloop
  endfacet
  facet normal 0 0 1
    outer loop
      vertex 55.5901 41.6099 10.4
      vertex 43.2412 19.4037 10.4
      vertex 43.775 19.1404 10.4
    endloop
  endfacet
  facet normal -0 0 1
    outer loop
      vertex 35.2037 27.4412 10.4
      vertex 43.2412 19.4037 10.4
      vertex 55.5901 41.6099 10.4
    endloop
  endfacet
  facet normal 0 0 1
    outer loop
      vertex 43.2412 19.4037 10.4
      vertex 35.2037 27.4412 10.4
      vertex 42.6776 19.595 10.4
    endloop
  endfacet
  facet normal -0 -0 1
    outer loop
      vertex 35.395 26.8776 10.4
      vertex 42.6776 19.595 10.4
      vertex 35.2037 27.4412 10.4
    endloop
  endfacet
  facet normal -0 -0 1
    outer loop
      vertex 35.5111 26.2939 10.4
      vertex 42.0939 19.7111 10.4
      vertex 35.395 26.8776 10.4
    endloop
  endfacet
  facet normal 0 0 1
    outer loop
      vertex 42.0939 19.7111 10.4
      vertex 35.5111 26.2939 10.4
      vertex 41.5 19.75 10.4
    endloop
  endfacet
  facet normal -0 -0 1
    outer loop
      vertex 35.55 25.7 10.4
      vertex 41.5 19.75 10.4
      vertex 35.5111 26.2939 10.4
    endloop
  endfacet
  facet normal 0 0 1
    outer loop
      vertex 41.5 19.75 10.4
      vertex 35.55 25.7 10.4
      vertex 40.9061 19.7111 10.4
    endloop
  endfacet
  facet normal 0 0 1
    outer loop
      vertex 40.9061 19.7111 10.4
      vertex 35.5111 25.1061 10.4
      vertex 40.3224 19.595 10.4
    endloop
  endfacet
  facet normal -0 0 1
    outer loop
      vertex 35.395 24.5224 10.4
      vertex 40.3224 19.595 10.4
      vertex 35.5111 25.1061 10.4
    endloop
  endfacet
  facet normal 0 0 1
    outer loop
      vertex 40.3224 19.595 10.4
      vertex 35.395 24.5224 10.4
      vertex 39.7588 19.4037 10.4
    endloop
  endfacet
  facet normal 0 0 1
    outer loop
      vertex 37.105 16.3776 10.4
      vertex 35.55 15.2 10.4
      vertex 36.9889 15.7939 10.4
    endloop
  endfacet
  facet normal 0 0 1
    outer loop
      vertex 37.2963 16.9412 10.4
      vertex 35.55 15.2 10.4
      vertex 37.105 16.3776 10.4
    endloop
  endfacet
  facet normal 0 0 1
    outer loop
      vertex 37.5596 17.475 10.4
      vertex 35.55 15.2 10.4
      vertex 37.2963 16.9412 10.4
    endloop
  endfacet
  facet normal 0 0 1
    outer loop
      vertex 39.225 19.1404 10.4
      vertex 34.9404 23.425 10.4
      vertex 38.7301 18.8098 10.4
    endloop
  endfacet
  facet normal -0 0 1
    outer loop
      vertex 34.9404 23.425 10.4
      vertex 39.225 19.1404 10.4
      vertex 35.2037 23.9588 10.4
    endloop
  endfacet
  facet normal 0 0 1
    outer loop
      vertex 39.7588 19.4037 10.4
      vertex 35.2037 23.9588 10.4
      vertex 39.225 19.1404 10.4
    endloop
  endfacet
  facet normal -0 0 1
    outer loop
      vertex 35.2037 23.9588 10.4
      vertex 39.7588 19.4037 10.4
      vertex 35.395 24.5224 10.4
    endloop
  endfacet
  facet normal -0 0 1
    outer loop
      vertex 35.5111 25.1061 10.4
      vertex 40.9061 19.7111 10.4
      vertex 35.55 25.7 10.4
    endloop
  endfacet
  facet normal 0 0 1
    outer loop
      vertex 42.6776 19.595 10.4
      vertex 35.395 26.8776 10.4
      vertex 42.0939 19.7111 10.4
    endloop
  endfacet
  facet normal 0 0 1
    outer loop
      vertex 55.5901 41.6099 10.4
      vertex 34.9404 27.975 10.4
      vertex 35.2037 27.4412 10.4
    endloop
  endfacet
  facet normal 0 0 1
    outer loop
      vertex 55.5901 41.6099 10.4
      vertex 34.6098 28.4699 10.4
      vertex 34.9404 27.975 10.4
    endloop
  endfacet
  facet normal 0 0 1
    outer loop
      vertex 55.5901 41.6099 10.4
      vertex 34.2173 28.9173 10.4
      vertex 34.6098 28.4699 10.4
    endloop
  endfacet
  facet normal 0 0 1
    outer loop
      vertex 55.5901 41.6099 10.4
      vertex 33.7699 29.3098 10.4
      vertex 34.2173 28.9173 10.4
    endloop
  endfacet
  facet normal 0 0 1
    outer loop
      vertex 55.5901 41.6099 10.4
      vertex 33.275 29.6404 10.4
      vertex 33.7699 29.3098 10.4
    endloop
  endfacet
  facet normal 0 0 1
    outer loop
      vertex 55.5901 41.6099 10.4
      vertex 32.7412 29.9037 10.4
      vertex 33.275 29.6404 10.4
    endloop
  endfacet
  facet normal 0 0 1
    outer loop
      vertex 55.5901 41.6099 10.4
      vertex 32.1776 30.095 10.4
      vertex 32.7412 29.9037 10.4
    endloop
  endfacet
  facet normal 0 0 1
    outer loop
      vertex 55.5901 41.6099 10.4
      vertex 31.5939 30.2111 10.4
      vertex 32.1776 30.095 10.4
    endloop
  endfacet
  facet normal 0 0 1
    outer loop
      vertex 55.5901 41.6099 10.4
      vertex 31 30.25 10.4
      vertex 31.5939 30.2111 10.4
    endloop
  endfacet
  facet normal -0 0 1
    outer loop
      vertex 6.40988 41.6099 10.4
      vertex 31 30.25 10.4
      vertex 55.5901 41.6099 10.4
    endloop
  endfacet
  facet normal 0 0 1
    outer loop
      vertex 31 30.25 10.4
      vertex 6.40988 41.6099 10.4
      vertex 30.4061 30.2111 10.4
    endloop
  endfacet
  facet normal 0 0 1
    outer loop
      vertex 30.4061 30.2111 10.4
      vertex 6.40988 41.6099 10.4
      vertex 29.8224 30.095 10.4
    endloop
  endfacet
  facet normal 0 -0 1
    outer loop
      vertex 24.895 16.3776 10.4
      vertex 26.605 16.3776 10.4
      vertex 24.7037 16.9412 10.4
    endloop
  endfacet
  facet normal 0 0 1
    outer loop
      vertex 25.0111 14.6061 10.4
      vertex 26.45 15.2 10.4
      vertex 25.05 15.2 10.4
    endloop
  endfacet
  facet normal 0 0 1
    outer loop
      vertex 20.5 19.75 10.4
      vertex 26.45 25.7 10.4
      vertex 26.4889 26.2939 10.4
    endloop
  endfacet
  facet normal 0 0 1
    outer loop
      vertex 26.45 15.2 10.4
      vertex 25.0111 15.7939 10.4
      vertex 25.05 15.2 10.4
    endloop
  endfacet
  facet normal 0 0 1
    outer loop
      vertex 26.4889 15.7939 10.4
      vertex 25.0111 15.7939 10.4
      vertex 26.45 15.2 10.4
    endloop
  endfacet
  facet normal 0 -0 1
    outer loop
      vertex 25.0111 15.7939 10.4
      vertex 26.4889 15.7939 10.4
      vertex 24.895 16.3776 10.4
    endloop
  endfacet
  facet normal 0 0 1
    outer loop
      vertex 26.605 16.3776 10.4
      vertex 24.895 16.3776 10.4
      vertex 26.4889 15.7939 10.4
    endloop
  endfacet
  facet normal 0 0 1
    outer loop
      vertex 19.9061 19.7111 10.4
      vertex 26.4889 26.2939 10.4
      vertex 26.605 26.8776 10.4
    endloop
  endfacet
  facet normal 0 -0 1
    outer loop
      vertex 24.7037 16.9412 10.4
      vertex 26.7963 16.9412 10.4
      vertex 24.4404 17.475 10.4
    endloop
  endfacet
  facet normal 0 -0 1
    outer loop
      vertex 24.4404 17.475 10.4
      vertex 27.0596 17.475 10.4
      vertex 24.1098 17.9699 10.4
    endloop
  endfacet
  facet normal 0 0 1
    outer loop
      vertex 19.3224 19.595 10.4
      vertex 26.605 26.8776 10.4
      vertex 26.7963 27.4412 10.4
    endloop
  endfacet
  facet normal 0 0 1
    outer loop
      vertex 27.3902 22.9301 10.4
      vertex 23.2699 18.8098 10.4
      vertex 23.7173 18.4173 10.4
    endloop
  endfacet
  facet normal 0 0 1
    outer loop
      vertex 27.0596 23.425 10.4
      vertex 22.775 19.1404 10.4
      vertex 23.2699 18.8098 10.4
    endloop
  endfacet
  facet normal 0 0 1
    outer loop
      vertex 26.7963 23.9588 10.4
      vertex 22.2412 19.4037 10.4
      vertex 22.775 19.1404 10.4
    endloop
  endfacet
  facet normal 0 0 1
    outer loop
      vertex 6.40988 41.6099 10.4
      vertex 26.7963 27.4412 10.4
      vertex 27.0596 27.975 10.4
    endloop
  endfacet
  facet normal 0 0 1
    outer loop
      vertex 26.605 24.5224 10.4
      vertex 21.6776 19.595 10.4
      vertex 22.2412 19.4037 10.4
    endloop
  endfacet
  facet normal 0 0 1
    outer loop
      vertex 26.4889 25.1061 10.4
      vertex 21.0939 19.7111 10.4
      vertex 21.6776 19.595 10.4
    endloop
  endfacet
  facet normal 0 0 1
    outer loop
      vertex 6.40988 41.6099 10.4
      vertex 27.0596 27.975 10.4
      vertex 27.3902 28.4699 10.4
    endloop
  endfacet
  facet normal 0 0 1
    outer loop
      vertex 26.45 25.7 10.4
      vertex 20.5 19.75 10.4
      vertex 21.0939 19.7111 10.4
    endloop
  endfacet
  facet normal 0 0 1
    outer loop
      vertex 26.4889 26.2939 10.4
      vertex 19.9061 19.7111 10.4
      vertex 20.5 19.75 10.4
    endloop
  endfacet
  facet normal 0 0 1
    outer loop
      vertex 26.605 26.8776 10.4
      vertex 19.3224 19.595 10.4
      vertex 19.9061 19.7111 10.4
    endloop
  endfacet
  facet normal 0 0 1
    outer loop
      vertex 6.40988 41.6099 10.4
      vertex 27.3902 28.4699 10.4
      vertex 27.7827 28.9173 10.4
    endloop
  endfacet
  facet normal 0 0 1
    outer loop
      vertex 26.7963 27.4412 10.4
      vertex 6.40988 41.6099 10.4
      vertex 18.7588 19.4037 10.4
    endloop
  endfacet
  facet normal 0 0 1
    outer loop
      vertex 26.7963 27.4412 10.4
      vertex 18.7588 19.4037 10.4
      vertex 19.3224 19.595 10.4
    endloop
  endfacet
  facet normal 0 0 1
    outer loop
      vertex 18.7588 19.4037 10.4
      vertex 6.40988 41.6099 10.4
      vertex 18.225 19.1404 10.4
    endloop
  endfacet
  facet normal 0 0 1
    outer loop
      vertex 18.225 19.1404 10.4
      vertex 6.40988 41.6099 10.4
      vertex 17.7301 18.8098 10.4
    endloop
  endfacet
  facet normal 0 0 1
    outer loop
      vertex 16.2963 16.9412 10.4
      vertex -2.5 3 10.4
      vertex 16.105 16.3776 10.4
    endloop
  endfacet
  facet normal 0 0 1
    outer loop
      vertex -2.5 3 10.4
      vertex 16.2963 16.9412 10.4
      vertex 6.40988 41.6099 10.4
    endloop
  endfacet
  facet normal 0 0 1
    outer loop
      vertex 16.5596 17.475 10.4
      vertex 6.40988 41.6099 10.4
      vertex 16.2963 16.9412 10.4
    endloop
  endfacet
  facet normal 0 0 1
    outer loop
      vertex 16.8902 17.9699 10.4
      vertex 6.40988 41.6099 10.4
      vertex 16.5596 17.475 10.4
    endloop
  endfacet
  facet normal 0 0 1
    outer loop
      vertex 17.2827 18.4173 10.4
      vertex 6.40988 41.6099 10.4
      vertex 16.8902 17.9699 10.4
    endloop
  endfacet
  facet normal 0 0 1
    outer loop
      vertex 17.7301 18.8098 10.4
      vertex 6.40988 41.6099 10.4
      vertex 17.2827 18.4173 10.4
    endloop
  endfacet
  facet normal 0 0 1
    outer loop
      vertex 28.2301 29.3098 10.4
      vertex 6.40988 41.6099 10.4
      vertex 27.7827 28.9173 10.4
    endloop
  endfacet
  facet normal 0 0 1
    outer loop
      vertex 28.725 29.6404 10.4
      vertex 6.40988 41.6099 10.4
      vertex 28.2301 29.3098 10.4
    endloop
  endfacet
  facet normal 0 0 1
    outer loop
      vertex 29.2588 29.9037 10.4
      vertex 6.40988 41.6099 10.4
      vertex 28.725 29.6404 10.4
    endloop
  endfacet
  facet normal 0 0 1
    outer loop
      vertex 29.8224 30.095 10.4
      vertex 6.40988 41.6099 10.4
      vertex 29.2588 29.9037 10.4
    endloop
  endfacet
  facet normal 0 0 1
    outer loop
      vertex 59 119.7 10.4
      vertex 64.5 114.2 10.4
      vertex 64.4529 114.918 10.4
    endloop
  endfacet
  facet normal 0 0 1
    outer loop
      vertex 64.5 114.2 10.4
      vertex 55.5901 41.6099 10.4
      vertex 64.5 3 10.4
    endloop
  endfacet
  facet normal 0 0 1
    outer loop
      vertex 59 119.7 10.4
      vertex 64.4529 114.918 10.4
      vertex 64.3126 115.624 10.4
    endloop
  endfacet
  facet normal -0 0 1
    outer loop
      vertex 45.7037 16.9412 10.4
      vertex 64.5 3 10.4
      vertex 55.5901 41.6099 10.4
    endloop
  endfacet
  facet normal 0 0 1
    outer loop
      vertex 59 119.7 10.4
      vertex 64.3126 115.624 10.4
      vertex 64.0813 116.305 10.4
    endloop
  endfacet
  facet normal -0 0 1
    outer loop
      vertex 46.0111 14.6061 10.4
      vertex 64.5 3 10.4
      vertex 46.05 15.2 10.4
    endloop
  endfacet
  facet normal 0 0 1
    outer loop
      vertex 59 119.7 10.4
      vertex 64.0813 116.305 10.4
      vertex 63.7631 116.95 10.4
    endloop
  endfacet
  facet normal -0 0 1
    outer loop
      vertex 45.895 14.0224 10.4
      vertex 64.5 3 10.4
      vertex 46.0111 14.6061 10.4
    endloop
  endfacet
  facet normal 0 0 1
    outer loop
      vertex 59 119.7 10.4
      vertex 63.7631 116.95 10.4
      vertex 63.3634 117.548 10.4
    endloop
  endfacet
  facet normal -0 0 1
    outer loop
      vertex 45.7037 13.4588 10.4
      vertex 64.5 3 10.4
      vertex 45.895 14.0224 10.4
    endloop
  endfacet
  facet normal 0 0 1
    outer loop
      vertex 59 119.7 10.4
      vertex 63.3634 117.548 10.4
      vertex 62.8891 118.089 10.4
    endloop
  endfacet
  facet normal -0 0 1
    outer loop
      vertex 45.4404 12.925 10.4
      vertex 64.5 3 10.4
      vertex 45.7037 13.4588 10.4
    endloop
  endfacet
  facet normal 0 0 1
    outer loop
      vertex 59 119.7 10.4
      vertex 62.8891 118.089 10.4
      vertex 62.3482 118.563 10.4
    endloop
  endfacet
  facet normal 0 -0 1
    outer loop
      vertex 59 -2.5 10.4
      vertex 64.5 3 10.4
      vertex 45.4404 12.925 10.4
    endloop
  endfacet
  facet normal 0 0 1
    outer loop
      vertex 59 119.7 10.4
      vertex 62.3482 118.563 10.4
      vertex 61.75 118.963 10.4
    endloop
  endfacet
  facet normal 0 0 1
    outer loop
      vertex 64.5 3 10.4
      vertex 59 -2.5 10.4
      vertex 64.4529 2.2821 10.4
    endloop
  endfacet
  facet normal 0 0 1
    outer loop
      vertex 59 119.7 10.4
      vertex 61.75 118.963 10.4
      vertex 61.1048 119.281 10.4
    endloop
  endfacet
  facet normal 0 0 1
    outer loop
      vertex 64.3126 1.57649 10.4
      vertex 59 -2.5 10.4
      vertex 64.0813 0.895248 10.4
    endloop
  endfacet
  facet normal 0 0 1
    outer loop
      vertex 59 119.7 10.4
      vertex 61.1048 119.281 10.4
      vertex 60.4235 119.513 10.4
    endloop
  endfacet
  facet normal 0 0 1
    outer loop
      vertex 64.0813 0.895248 10.4
      vertex 59 -2.5 10.4
      vertex 63.7631 0.25 10.4
    endloop
  endfacet
  facet normal 0 0 1
    outer loop
      vertex 59 119.7 10.4
      vertex 60.4235 119.513 10.4
      vertex 59.7179 119.653 10.4
    endloop
  endfacet
  facet normal 0 0 1
    outer loop
      vertex 63.7631 0.25 10.4
      vertex 59 -2.5 10.4
      vertex 63.3634 -0.34819 10.4
    endloop
  endfacet
  facet normal 0 0 1
    outer loop
      vertex 64.5 114.2 10.4
      vertex 59 119.7 10.4
      vertex 55.5901 106.79 10.4
    endloop
  endfacet
  facet normal 0 0 1
    outer loop
      vertex 63.3634 -0.34819 10.4
      vertex 59 -2.5 10.4
      vertex 62.8891 -0.889084 10.4
    endloop
  endfacet
  facet normal 0 0 1
    outer loop
      vertex 64.5 114.2 10.4
      vertex 55.5901 106.79 10.4
      vertex 55.5901 41.6099 10.4
    endloop
  endfacet
  facet normal 0 0 1
    outer loop
      vertex 59 119.7 10.4
      vertex 6.40988 106.79 10.4
      vertex 55.5901 106.79 10.4
    endloop
  endfacet
  facet normal -0 0 1
    outer loop
      vertex -2.5 114.2 10.4
      vertex 6.40988 106.79 10.4
      vertex 3 119.7 10.4
    endloop
  endfacet
  facet normal -0 0 1
    outer loop
      vertex 3 119.7 10.4
      vertex 6.40988 106.79 10.4
      vertex 59 119.7 10.4
    endloop
  endfacet
  facet normal 0 0 1
    outer loop
      vertex 62.8891 -0.889084 10.4
      vertex 59 -2.5 10.4
      vertex 62.3482 -1.36345 10.4
    endloop
  endfacet
  facet normal 0 0 1
    outer loop
      vertex 61.75 -1.76314 10.4
      vertex 59 -2.5 10.4
      vertex 61.1048 -2.08134 10.4
    endloop
  endfacet
  facet normal 0 0 1
    outer loop
      vertex 61.1048 -2.08134 10.4
      vertex 59 -2.5 10.4
      vertex 60.4235 -2.31259 10.4
    endloop
  endfacet
  facet normal 0 0 1
    outer loop
      vertex 60.4235 -2.31259 10.4
      vertex 59 -2.5 10.4
      vertex 59.7179 -2.45294 10.4
    endloop
  endfacet
  facet normal 0 0 1
    outer loop
      vertex 62.3482 -1.36345 10.4
      vertex 59 -2.5 10.4
      vertex 61.75 -1.76314 10.4
    endloop
  endfacet
  facet normal 0 0 1
    outer loop
      vertex 64.4529 2.2821 10.4
      vertex 59 -2.5 10.4
      vertex 64.3126 1.57649 10.4
    endloop
  endfacet
  facet normal -0 0 1
    outer loop
      vertex 45.1098 12.4301 10.4
      vertex 59 -2.5 10.4
      vertex 45.4404 12.925 10.4
    endloop
  endfacet
  facet normal -0 0 1
    outer loop
      vertex 44.7173 11.9827 10.4
      vertex 59 -2.5 10.4
      vertex 45.1098 12.4301 10.4
    endloop
  endfacet
  facet normal -0 0 1
    outer loop
      vertex 44.2699 11.5902 10.4
      vertex 59 -2.5 10.4
      vertex 44.7173 11.9827 10.4
    endloop
  endfacet
  facet normal -0 0 1
    outer loop
      vertex 43.775 11.2596 10.4
      vertex 59 -2.5 10.4
      vertex 44.2699 11.5902 10.4
    endloop
  endfacet
  facet normal -0 0 1
    outer loop
      vertex 43.2412 10.9963 10.4
      vertex 59 -2.5 10.4
      vertex 43.775 11.2596 10.4
    endloop
  endfacet
  facet normal -0 0 1
    outer loop
      vertex 42.6776 10.805 10.4
      vertex 59 -2.5 10.4
      vertex 43.2412 10.9963 10.4
    endloop
  endfacet
  facet normal 0 0 1
    outer loop
      vertex 35.395 3.52237 10.4
      vertex 42.6776 10.805 10.4
      vertex 42.0939 10.6889 10.4
    endloop
  endfacet
  facet normal 0 0 1
    outer loop
      vertex 35.5111 4.10611 10.4
      vertex 42.0939 10.6889 10.4
      vertex 41.5 10.65 10.4
    endloop
  endfacet
  facet normal 0 0 1
    outer loop
      vertex 35.55 4.7 10.4
      vertex 41.5 10.65 10.4
      vertex 40.9061 10.6889 10.4
    endloop
  endfacet
  facet normal 0 0 1
    outer loop
      vertex 35.55 4.7 10.4
      vertex 40.9061 10.6889 10.4
      vertex 40.3224 10.805 10.4
    endloop
  endfacet
  facet normal 0 0 1
    outer loop
      vertex 35.55 4.7 10.4
      vertex 40.3224 10.805 10.4
      vertex 39.7588 10.9963 10.4
    endloop
  endfacet
  facet normal 0 0 1
    outer loop
      vertex 35.55 4.7 10.4
      vertex 39.7588 10.9963 10.4
      vertex 39.225 11.2596 10.4
    endloop
  endfacet
  facet normal 0 0 1
    outer loop
      vertex 35.55 4.7 10.4
      vertex 39.225 11.2596 10.4
      vertex 38.7301 11.5902 10.4
    endloop
  endfacet
  facet normal 0 0 1
    outer loop
      vertex 36.9889 15.7939 10.4
      vertex 35.55 15.2 10.4
      vertex 36.95 15.2 10.4
    endloop
  endfacet
  facet normal 0 0 1
    outer loop
      vertex 36.95 15.2 10.4
      vertex 35.55 15.2 10.4
      vertex 36.9889 14.6061 10.4
    endloop
  endfacet
  facet normal 0 0 1
    outer loop
      vertex 35.5111 14.6061 10.4
      vertex 36.9889 14.6061 10.4
      vertex 35.55 15.2 10.4
    endloop
  endfacet
  facet normal 0 0 1
    outer loop
      vertex 36.9889 14.6061 10.4
      vertex 35.5111 14.6061 10.4
      vertex 37.105 14.0224 10.4
    endloop
  endfacet
  facet normal 0 0 1
    outer loop
      vertex 35.395 14.0224 10.4
      vertex 37.105 14.0224 10.4
      vertex 35.5111 14.6061 10.4
    endloop
  endfacet
  facet normal 0 0 1
    outer loop
      vertex 37.105 14.0224 10.4
      vertex 35.395 14.0224 10.4
      vertex 37.2963 13.4588 10.4
    endloop
  endfacet
  facet normal 0 0 1
    outer loop
      vertex 37.5596 12.925 10.4
      vertex 35.55 4.7 10.4
      vertex 37.8902 12.4301 10.4
    endloop
  endfacet
  facet normal 0 0 1
    outer loop
      vertex 35.55 4.7 10.4
      vertex 38.2827 11.9827 10.4
      vertex 37.8902 12.4301 10.4
    endloop
  endfacet
  facet normal 0 0 1
    outer loop
      vertex 35.55 4.7 10.4
      vertex 38.7301 11.5902 10.4
      vertex 38.2827 11.9827 10.4
    endloop
  endfacet
  facet normal 0 0 1
    outer loop
      vertex 41.5 10.65 10.4
      vertex 35.55 4.7 10.4
      vertex 35.5111 4.10611 10.4
    endloop
  endfacet
  facet normal 0 0 1
    outer loop
      vertex 42.0939 10.6889 10.4
      vertex 35.5111 4.10611 10.4
      vertex 35.395 3.52237 10.4
    endloop
  endfacet
  facet normal 0 0 1
    outer loop
      vertex 42.6776 10.805 10.4
      vertex 35.395 3.52237 10.4
      vertex 59 -2.5 10.4
    endloop
  endfacet
  facet normal -0 0 1
    outer loop
      vertex 35.2037 2.95879 10.4
      vertex 59 -2.5 10.4
      vertex 35.395 3.52237 10.4
    endloop
  endfacet
  facet normal -0 0 1
    outer loop
      vertex 34.9404 2.425 10.4
      vertex 59 -2.5 10.4
      vertex 35.2037 2.95879 10.4
    endloop
  endfacet
  facet normal -0 0 1
    outer loop
      vertex 34.6098 1.93013 10.4
      vertex 59 -2.5 10.4
      vertex 34.9404 2.425 10.4
    endloop
  endfacet
  facet normal -0 0 1
    outer loop
      vertex 34.2173 1.48266 10.4
      vertex 59 -2.5 10.4
      vertex 34.6098 1.93013 10.4
    endloop
  endfacet
  facet normal -0 0 1
    outer loop
      vertex 33.7699 1.09024 10.4
      vertex 59 -2.5 10.4
      vertex 34.2173 1.48266 10.4
    endloop
  endfacet
  facet normal -0 0 1
    outer loop
      vertex 33.275 0.759583 10.4
      vertex 59 -2.5 10.4
      vertex 33.7699 1.09024 10.4
    endloop
  endfacet
  facet normal -0 0 1
    outer loop
      vertex 32.7412 0.496347 10.4
      vertex 59 -2.5 10.4
      vertex 33.275 0.759583 10.4
    endloop
  endfacet
  facet normal -0 0 1
    outer loop
      vertex 32.1776 0.305037 10.4
      vertex 59 -2.5 10.4
      vertex 32.7412 0.496347 10.4
    endloop
  endfacet
  facet normal -0 0 1
    outer loop
      vertex 31.5939 0.188926 10.4
      vertex 59 -2.5 10.4
      vertex 32.1776 0.305037 10.4
    endloop
  endfacet
  facet normal -0 0 1
    outer loop
      vertex 31 0.15 10.4
      vertex 59 -2.5 10.4
      vertex 31.5939 0.188926 10.4
    endloop
  endfacet
  facet normal 0 0 1
    outer loop
      vertex 3 -2.5 10.4
      vertex 31 0.15 10.4
      vertex 30.4061 0.188926 10.4
    endloop
  endfacet
  facet normal 0 0 1
    outer loop
      vertex 26.4889 14.6061 10.4
      vertex 25.0111 14.6061 10.4
      vertex 24.895 14.0224 10.4
    endloop
  endfacet
  facet normal 0 0 1
    outer loop
      vertex 26.605 14.0224 10.4
      vertex 24.895 14.0224 10.4
      vertex 24.7037 13.4588 10.4
    endloop
  endfacet
  facet normal 0 0 1
    outer loop
      vertex 26.7963 13.4588 10.4
      vertex 24.7037 13.4588 10.4
      vertex 24.4404 12.925 10.4
    endloop
  endfacet
  facet normal -0 0 1
    outer loop
      vertex 22.775 11.2596 10.4
      vertex 27.0596 6.975 10.4
      vertex 23.2699 11.5902 10.4
    endloop
  endfacet
  facet normal 0 0 1
    outer loop
      vertex 27.0596 6.975 10.4
      vertex 22.775 11.2596 10.4
      vertex 26.7963 6.44121 10.4
    endloop
  endfacet
  facet normal -0 0 1
    outer loop
      vertex 22.2412 10.9963 10.4
      vertex 26.7963 6.44121 10.4
      vertex 22.775 11.2596 10.4
    endloop
  endfacet
  facet normal 0 0 1
    outer loop
      vertex 26.7963 6.44121 10.4
      vertex 22.2412 10.9963 10.4
      vertex 26.605 5.87763 10.4
    endloop
  endfacet
  facet normal -0 0 1
    outer loop
      vertex 21.6776 10.805 10.4
      vertex 26.605 5.87763 10.4
      vertex 22.2412 10.9963 10.4
    endloop
  endfacet
  facet normal 0 0 1
    outer loop
      vertex 26.605 5.87763 10.4
      vertex 21.6776 10.805 10.4
      vertex 26.4889 5.29389 10.4
    endloop
  endfacet
  facet normal -0 0 1
    outer loop
      vertex 21.0939 10.6889 10.4
      vertex 26.4889 5.29389 10.4
      vertex 21.6776 10.805 10.4
    endloop
  endfacet
  facet normal 0 0 1
    outer loop
      vertex 26.4889 5.29389 10.4
      vertex 21.0939 10.6889 10.4
      vertex 26.45 4.7 10.4
    endloop
  endfacet
  facet normal -0 0 1
    outer loop
      vertex 20.5 10.65 10.4
      vertex 26.45 4.7 10.4
      vertex 21.0939 10.6889 10.4
    endloop
  endfacet
  facet normal 0 0 1
    outer loop
      vertex 26.45 4.7 10.4
      vertex 20.5 10.65 10.4
      vertex 26.4889 4.10611 10.4
    endloop
  endfacet
  facet normal 0 0 1
    outer loop
      vertex 19.9061 10.6889 10.4
      vertex 26.4889 4.10611 10.4
      vertex 20.5 10.65 10.4
    endloop
  endfacet
  facet normal 0 0 1
    outer loop
      vertex 26.4889 4.10611 10.4
      vertex 19.9061 10.6889 10.4
      vertex 26.605 3.52237 10.4
    endloop
  endfacet
  facet normal 0 0 1
    outer loop
      vertex 19.3224 10.805 10.4
      vertex 26.605 3.52237 10.4
      vertex 19.9061 10.6889 10.4
    endloop
  endfacet
  facet normal 0 0 1
    outer loop
      vertex 26.605 3.52237 10.4
      vertex 19.3224 10.805 10.4
      vertex 26.7963 2.95879 10.4
    endloop
  endfacet
  facet normal 0 0 1
    outer loop
      vertex 3 -2.5 10.4
      vertex 26.7963 2.95879 10.4
      vertex 19.3224 10.805 10.4
    endloop
  endfacet
  facet normal 0 0 1
    outer loop
      vertex 26.7963 2.95879 10.4
      vertex 3 -2.5 10.4
      vertex 27.0596 2.425 10.4
    endloop
  endfacet
  facet normal 0 0 1
    outer loop
      vertex 27.0596 2.425 10.4
      vertex 3 -2.5 10.4
      vertex 27.3902 1.93013 10.4
    endloop
  endfacet
  facet normal 0 0 1
    outer loop
      vertex 3 -2.5 10.4
      vertex 19.3224 10.805 10.4
      vertex 18.7588 10.9963 10.4
    endloop
  endfacet
  facet normal 0 0 1
    outer loop
      vertex 3 -2.5 10.4
      vertex 18.7588 10.9963 10.4
      vertex 18.225 11.2596 10.4
    endloop
  endfacet
  facet normal 0 0 1
    outer loop
      vertex 3 -2.5 10.4
      vertex 18.225 11.2596 10.4
      vertex 17.7301 11.5902 10.4
    endloop
  endfacet
  facet normal 0 0 1
    outer loop
      vertex 3 -2.5 10.4
      vertex 17.7301 11.5902 10.4
      vertex 17.2827 11.9827 10.4
    endloop
  endfacet
  facet normal 0 0 1
    outer loop
      vertex 16.105 16.3776 10.4
      vertex -2.5 3 10.4
      vertex 15.9889 15.7939 10.4
    endloop
  endfacet
  facet normal 0 0 1
    outer loop
      vertex 15.9889 15.7939 10.4
      vertex -2.5 3 10.4
      vertex 15.95 15.2 10.4
    endloop
  endfacet
  facet normal 0 0 1
    outer loop
      vertex 15.95 15.2 10.4
      vertex -2.5 3 10.4
      vertex 15.9889 14.6061 10.4
    endloop
  endfacet
  facet normal 0 0 1
    outer loop
      vertex 15.9889 14.6061 10.4
      vertex -2.5 3 10.4
      vertex 16.105 14.0224 10.4
    endloop
  endfacet
  facet normal 0 0 1
    outer loop
      vertex 31 0.15 10.4
      vertex 3 -2.5 10.4
      vertex 59 -2.5 10.4
    endloop
  endfacet
  facet normal 0 0 1
    outer loop
      vertex 29.8224 0.305037 10.4
      vertex 3 -2.5 10.4
      vertex 30.4061 0.188926 10.4
    endloop
  endfacet
  facet normal 0 0 1
    outer loop
      vertex 29.2588 0.496347 10.4
      vertex 3 -2.5 10.4
      vertex 29.8224 0.305037 10.4
    endloop
  endfacet
  facet normal 0 0 1
    outer loop
      vertex 28.725 0.759583 10.4
      vertex 3 -2.5 10.4
      vertex 29.2588 0.496347 10.4
    endloop
  endfacet
  facet normal 0 0 1
    outer loop
      vertex 28.2301 1.09024 10.4
      vertex 3 -2.5 10.4
      vertex 28.725 0.759583 10.4
    endloop
  endfacet
  facet normal 0 0 1
    outer loop
      vertex 27.7827 1.48266 10.4
      vertex 3 -2.5 10.4
      vertex 28.2301 1.09024 10.4
    endloop
  endfacet
  facet normal 0 0 1
    outer loop
      vertex 27.3902 1.93013 10.4
      vertex 3 -2.5 10.4
      vertex 27.7827 1.48266 10.4
    endloop
  endfacet
  facet normal 0 0 1
    outer loop
      vertex 16.8902 12.4301 10.4
      vertex 3 -2.5 10.4
      vertex 17.2827 11.9827 10.4
    endloop
  endfacet
  facet normal 0 0 1
    outer loop
      vertex 16.5596 12.925 10.4
      vertex 3 -2.5 10.4
      vertex 16.8902 12.4301 10.4
    endloop
  endfacet
  facet normal 0 0 1
    outer loop
      vertex -2.5 3 10.4
      vertex 16.5596 12.925 10.4
      vertex 16.2963 13.4588 10.4
    endloop
  endfacet
  facet normal 0 0 1
    outer loop
      vertex 16.105 14.0224 10.4
      vertex -2.5 3 10.4
      vertex 16.2963 13.4588 10.4
    endloop
  endfacet
  facet normal 0 0 1
    outer loop
      vertex 6.40988 106.79 10.4
      vertex -2.5 114.2 10.4
      vertex 6.40988 41.6099 10.4
    endloop
  endfacet
  facet normal 0 0 1
    outer loop
      vertex -2.5 114.2 10.4
      vertex 3 119.7 10.4
      vertex 2.2821 119.653 10.4
    endloop
  endfacet
  facet normal 0 0 1
    outer loop
      vertex -2.5 3 10.4
      vertex 6.40988 41.6099 10.4
      vertex -2.5 114.2 10.4
    endloop
  endfacet
  facet normal 0 0 1
    outer loop
      vertex -2.5 114.2 10.4
      vertex 2.2821 119.653 10.4
      vertex 1.57649 119.513 10.4
    endloop
  endfacet
  facet normal 0 0 1
    outer loop
      vertex 16.5596 12.925 10.4
      vertex -2.5 3 10.4
      vertex 3 -2.5 10.4
    endloop
  endfacet
  facet normal 0 0 1
    outer loop
      vertex -2.5 114.2 10.4
      vertex 1.57649 119.513 10.4
      vertex 0.895248 119.281 10.4
    endloop
  endfacet
  facet normal 0 0 1
    outer loop
      vertex 3 -2.5 10.4
      vertex -2.5 3 10.4
      vertex 2.2821 -2.45294 10.4
    endloop
  endfacet
  facet normal 0 0 1
    outer loop
      vertex -2.5 114.2 10.4
      vertex 0.895248 119.281 10.4
      vertex 0.25 118.963 10.4
    endloop
  endfacet
  facet normal 0 0 1
    outer loop
      vertex 2.2821 -2.45294 10.4
      vertex -2.5 3 10.4
      vertex 1.57649 -2.31259 10.4
    endloop
  endfacet
  facet normal 0 0 1
    outer loop
      vertex -2.5 114.2 10.4
      vertex 0.25 118.963 10.4
      vertex -0.34819 118.563 10.4
    endloop
  endfacet
  facet normal 0 0 1
    outer loop
      vertex 1.57649 -2.31259 10.4
      vertex -2.5 3 10.4
      vertex 0.895248 -2.08134 10.4
    endloop
  endfacet
  facet normal 0 0 1
    outer loop
      vertex -2.5 114.2 10.4
      vertex -0.34819 118.563 10.4
      vertex -0.889084 118.089 10.4
    endloop
  endfacet
  facet normal 0 0 1
    outer loop
      vertex 0.895248 -2.08134 10.4
      vertex -2.5 3 10.4
      vertex 0.25 -1.76314 10.4
    endloop
  endfacet
  facet normal 0 0 1
    outer loop
      vertex -2.5 114.2 10.4
      vertex -0.889084 118.089 10.4
      vertex -1.36345 117.548 10.4
    endloop
  endfacet
  facet normal 0 0 1
    outer loop
      vertex 0.25 -1.76314 10.4
      vertex -2.5 3 10.4
      vertex -0.34819 -1.36345 10.4
    endloop
  endfacet
  facet normal 0 0 1
    outer loop
      vertex -2.5 114.2 10.4
      vertex -1.36345 117.548 10.4
      vertex -1.76314 116.95 10.4
    endloop
  endfacet
  facet normal 0 0 1
    outer loop
      vertex -0.34819 -1.36345 10.4
      vertex -2.5 3 10.4
      vertex -0.889084 -0.889084 10.4
    endloop
  endfacet
  facet normal 0 0 1
    outer loop
      vertex -2.5 114.2 10.4
      vertex -1.76314 116.95 10.4
      vertex -2.08134 116.305 10.4
    endloop
  endfacet
  facet normal 0 0 1
    outer loop
      vertex -0.889084 -0.889084 10.4
      vertex -2.5 3 10.4
      vertex -1.36345 -0.34819 10.4
    endloop
  endfacet
  facet normal 0 0 1
    outer loop
      vertex -2.5 114.2 10.4
      vertex -2.08134 116.305 10.4
      vertex -2.31259 115.624 10.4
    endloop
  endfacet
  facet normal 0 0 1
    outer loop
      vertex -1.36345 -0.34819 10.4
      vertex -2.5 3 10.4
      vertex -1.76314 0.25 10.4
    endloop
  endfacet
  facet normal 0 0 1
    outer loop
      vertex -2.5 114.2 10.4
      vertex -2.31259 115.624 10.4
      vertex -2.45294 114.918 10.4
    endloop
  endfacet
  facet normal 0 0 1
    outer loop
      vertex -1.76314 0.25 10.4
      vertex -2.5 3 10.4
      vertex -2.08134 0.895248 10.4
    endloop
  endfacet
  facet normal 0 0 1
    outer loop
      vertex -2.08134 0.895248 10.4
      vertex -2.5 3 10.4
      vertex -2.31259 1.57649 10.4
    endloop
  endfacet
  facet normal 0 0 1
    outer loop
      vertex -2.31259 1.57649 10.4
      vertex -2.5 3 10.4
      vertex -2.45294 2.2821 10.4
    endloop
  endfacet
  facet normal 0 1 -0
    outer loop
      vertex 59 119.7 4.1
      vertex 3 119.7 10.4
      vertex 59 119.7 10.4
    endloop
  endfacet
  facet normal 0 1 0
    outer loop
      vertex 3 119.7 10.4
      vertex 59 119.7 4.1
      vertex 3 119.7 4.1
    endloop
  endfacet
  facet normal 0.555556 -0.831479 0
    outer loop
      vertex 61.75 -1.76314 4.1
      vertex 62.3482 -1.36345 10.4
      vertex 61.75 -1.76314 10.4
    endloop
  endfacet
  facet normal 0.555556 -0.831479 0
    outer loop
      vertex 62.3482 -1.36345 10.4
      vertex 61.75 -1.76314 4.1
      vertex 62.3482 -1.36345 4.1
    endloop
  endfacet
  facet normal -0.94693 -0.321439 0
    outer loop
      vertex -2.08134 0.895248 4.1
      vertex -2.31259 1.57649 10.4
      vertex -2.31259 1.57649 4.1
    endloop
  endfacet
  facet normal -0.94693 -0.321439 0
    outer loop
      vertex -2.31259 1.57649 10.4
      vertex -2.08134 0.895248 4.1
      vertex -2.08134 0.895248 10.4
    endloop
  endfacet
  facet normal -0.322373 0.946613 0
    outer loop
      vertex 1.57649 119.513 4.1
      vertex 0.895248 119.281 10.4
      vertex 1.57649 119.513 10.4
    endloop
  endfacet
  facet normal -0.322373 0.946613 0
    outer loop
      vertex 0.895248 119.281 10.4
      vertex 1.57649 119.513 4.1
      vertex 0.895248 119.281 4.1
    endloop
  endfacet
  facet normal 0.0654119 -0.997858 0
    outer loop
      vertex 59 -2.5 4.1
      vertex 59.7179 -2.45294 10.4
      vertex 59 -2.5 10.4
    endloop
  endfacet
  facet normal 0.0654119 -0.997858 0
    outer loop
      vertex 59.7179 -2.45294 10.4
      vertex 59 -2.5 4.1
      vertex 59.7179 -2.45294 4.1
    endloop
  endfacet
  facet normal 0.195087 -0.980786 0
    outer loop
      vertex 59.7179 -2.45294 4.1
      vertex 60.4235 -2.31259 10.4
      vertex 59.7179 -2.45294 10.4
    endloop
  endfacet
  facet normal 0.195087 -0.980786 0
    outer loop
      vertex 60.4235 -2.31259 10.4
      vertex 59.7179 -2.45294 4.1
      vertex 60.4235 -2.31259 4.1
    endloop
  endfacet
  facet normal 0.896806 0.442424 0
    outer loop
      vertex 64.0813 116.305 10.4
      vertex 63.7631 116.95 4.1
      vertex 63.7631 116.95 10.4
    endloop
  endfacet
  facet normal 0.896806 0.442424 0
    outer loop
      vertex 63.7631 116.95 4.1
      vertex 64.0813 116.305 10.4
      vertex 64.0813 116.305 4.1
    endloop
  endfacet
  facet normal 0.98082 0.194914 0
    outer loop
      vertex 64.4529 114.918 10.4
      vertex 64.3126 115.624 4.1
      vertex 64.3126 115.624 10.4
    endloop
  endfacet
  facet normal 0.98082 0.194914 0
    outer loop
      vertex 64.3126 115.624 4.1
      vertex 64.4529 114.918 10.4
      vertex 64.4529 114.918 4.1
    endloop
  endfacet
  facet normal -0.555563 -0.831475 0
    outer loop
      vertex -0.34819 -1.36345 4.1
      vertex 0.25 -1.76314 10.4
      vertex -0.34819 -1.36345 10.4
    endloop
  endfacet
  facet normal -0.555563 -0.831475 -0
    outer loop
      vertex 0.25 -1.76314 10.4
      vertex -0.34819 -1.36345 4.1
      vertex 0.25 -1.76314 4.1
    endloop
  endfacet
  facet normal -0.751894 0.659284 0
    outer loop
      vertex -1.36345 117.548 4.1
      vertex -0.889084 118.089 10.4
      vertex -0.889084 118.089 4.1
    endloop
  endfacet
  facet normal -0.751894 0.659284 0
    outer loop
      vertex -0.889084 118.089 10.4
      vertex -1.36345 117.548 4.1
      vertex -1.36345 117.548 10.4
    endloop
  endfacet
  facet normal -0.997858 -0.0654119 0
    outer loop
      vertex -2.45294 2.2821 4.1
      vertex -2.5 3 10.4
      vertex -2.5 3 4.1
    endloop
  endfacet
  facet normal -0.997858 -0.0654119 0
    outer loop
      vertex -2.5 3 10.4
      vertex -2.45294 2.2821 4.1
      vertex -2.45294 2.2821 10.4
    endloop
  endfacet
  facet normal -0.831475 -0.555563 0
    outer loop
      vertex -1.36345 -0.34819 4.1
      vertex -1.76314 0.25 10.4
      vertex -1.76314 0.25 4.1
    endloop
  endfacet
  facet normal -0.831475 -0.555563 0
    outer loop
      vertex -1.76314 0.25 10.4
      vertex -1.36345 -0.34819 4.1
      vertex -1.36345 -0.34819 10.4
    endloop
  endfacet
  facet normal -0.0654119 -0.997858 0
    outer loop
      vertex 2.2821 -2.45294 4.1
      vertex 3 -2.5 10.4
      vertex 2.2821 -2.45294 10.4
    endloop
  endfacet
  facet normal -0.0654119 -0.997858 -0
    outer loop
      vertex 3 -2.5 10.4
      vertex 2.2821 -2.45294 4.1
      vertex 3 -2.5 4.1
    endloop
  endfacet
  facet normal -0.442287 -0.896873 0
    outer loop
      vertex 0.25 -1.76314 4.1
      vertex 0.895248 -2.08134 10.4
      vertex 0.25 -1.76314 10.4
    endloop
  endfacet
  facet normal -0.442287 -0.896873 -0
    outer loop
      vertex 0.895248 -2.08134 10.4
      vertex 0.25 -1.76314 4.1
      vertex 0.895248 -2.08134 4.1
    endloop
  endfacet
  facet normal -0.195084 -0.980786 0
    outer loop
      vertex 1.57649 -2.31259 4.1
      vertex 2.2821 -2.45294 10.4
      vertex 1.57649 -2.31259 10.4
    endloop
  endfacet
  facet normal -0.195084 -0.980786 -0
    outer loop
      vertex 2.2821 -2.45294 10.4
      vertex 1.57649 -2.31259 4.1
      vertex 2.2821 -2.45294 4.1
    endloop
  endfacet
  facet normal -0.555861 0.831276 0
    outer loop
      vertex 0.25 118.963 4.1
      vertex -0.34819 118.563 10.4
      vertex 0.25 118.963 10.4
    endloop
  endfacet
  facet normal -0.555861 0.831276 0
    outer loop
      vertex -0.34819 118.563 10.4
      vertex 0.25 118.963 4.1
      vertex -0.34819 118.563 4.1
    endloop
  endfacet
  facet normal -1 0 0
    outer loop
      vertex -2.5 3 4.1
      vertex -2.5 114.2 10.4
      vertex -2.5 114.2 4.1
    endloop
  endfacet
  facet normal -1 -0 0
    outer loop
      vertex -2.5 114.2 10.4
      vertex -2.5 3 4.1
      vertex -2.5 3 10.4
    endloop
  endfacet
  facet normal -0.65907 0.752082 0
    outer loop
      vertex -0.34819 118.563 4.1
      vertex -0.889084 118.089 10.4
      vertex -0.34819 118.563 10.4
    endloop
  endfacet
  facet normal -0.65907 0.752082 0
    outer loop
      vertex -0.889084 118.089 10.4
      vertex -0.34819 118.563 4.1
      vertex -0.889084 118.089 4.1
    endloop
  endfacet
  facet normal -0.896873 -0.442287 0
    outer loop
      vertex -1.76314 0.25 4.1
      vertex -2.08134 0.895248 10.4
      vertex -2.08134 0.895248 4.1
    endloop
  endfacet
  facet normal -0.896873 -0.442287 0
    outer loop
      vertex -2.08134 0.895248 10.4
      vertex -1.76314 0.25 4.1
      vertex -1.76314 0.25 10.4
    endloop
  endfacet
  facet normal 0.0653289 0.997864 -0
    outer loop
      vertex 59.7179 119.653 4.1
      vertex 59 119.7 10.4
      vertex 59.7179 119.653 10.4
    endloop
  endfacet
  facet normal 0.0653289 0.997864 0
    outer loop
      vertex 59 119.7 10.4
      vertex 59.7179 119.653 4.1
      vertex 59 119.7 4.1
    endloop
  endfacet
  facet normal -0.194616 0.980879 0
    outer loop
      vertex 2.2821 119.653 4.1
      vertex 1.57649 119.513 10.4
      vertex 2.2821 119.653 10.4
    endloop
  endfacet
  facet normal -0.194616 0.980879 0
    outer loop
      vertex 1.57649 119.513 10.4
      vertex 2.2821 119.653 4.1
      vertex 1.57649 119.513 4.1
    endloop
  endfacet
  facet normal -0.0653289 0.997864 0
    outer loop
      vertex 3 119.7 4.1
      vertex 2.2821 119.653 10.4
      vertex 3 119.7 10.4
    endloop
  endfacet
  facet normal -0.0653289 0.997864 0
    outer loop
      vertex 2.2821 119.653 10.4
      vertex 3 119.7 4.1
      vertex 2.2821 119.653 4.1
    endloop
  endfacet
  facet normal 0.659066 0.752086 -0
    outer loop
      vertex 62.8891 118.089 4.1
      vertex 62.3482 118.563 10.4
      vertex 62.8891 118.089 10.4
    endloop
  endfacet
  facet normal 0.659066 0.752086 0
    outer loop
      vertex 62.3482 118.563 10.4
      vertex 62.8891 118.089 4.1
      vertex 62.3482 118.563 4.1
    endloop
  endfacet
  facet normal 0.997855 0.0654582 0
    outer loop
      vertex 64.5 114.2 10.4
      vertex 64.4529 114.918 4.1
      vertex 64.4529 114.918 10.4
    endloop
  endfacet
  facet normal 0.997855 0.0654582 0
    outer loop
      vertex 64.4529 114.918 4.1
      vertex 64.5 114.2 10.4
      vertex 64.5 114.2 4.1
    endloop
  endfacet
  facet normal 0.946874 0.321604 0
    outer loop
      vertex 64.3126 115.624 10.4
      vertex 64.0813 116.305 4.1
      vertex 64.0813 116.305 10.4
    endloop
  endfacet
  facet normal 0.946874 0.321604 0
    outer loop
      vertex 64.0813 116.305 4.1
      vertex 64.3126 115.624 10.4
      vertex 64.3126 115.624 4.1
    endloop
  endfacet
  facet normal 0.997855 -0.0654673 0
    outer loop
      vertex 64.4529 2.2821 10.4
      vertex 64.5 3 4.1
      vertex 64.5 3 10.4
    endloop
  endfacet
  facet normal 0.997855 -0.0654673 0
    outer loop
      vertex 64.5 3 4.1
      vertex 64.4529 2.2821 10.4
      vertex 64.4529 2.2821 4.1
    endloop
  endfacet
  facet normal 0.9808 -0.195017 0
    outer loop
      vertex 64.3126 1.57649 10.4
      vertex 64.4529 2.2821 4.1
      vertex 64.4529 2.2821 10.4
    endloop
  endfacet
  facet normal 0.9808 -0.195017 0
    outer loop
      vertex 64.4529 2.2821 4.1
      vertex 64.3126 1.57649 10.4
      vertex 64.3126 1.57649 4.1
    endloop
  endfacet
  facet normal 0.831468 -0.555572 0
    outer loop
      vertex 63.3634 -0.34819 10.4
      vertex 63.7631 0.25 4.1
      vertex 63.7631 0.25 10.4
    endloop
  endfacet
  facet normal 0.831468 -0.555572 0
    outer loop
      vertex 63.7631 0.25 4.1
      vertex 63.3634 -0.34819 10.4
      vertex 63.3634 -0.34819 4.1
    endloop
  endfacet
  facet normal -0.75183 -0.659357 0
    outer loop
      vertex -0.889084 -0.889084 4.1
      vertex -1.36345 -0.34819 10.4
      vertex -1.36345 -0.34819 4.1
    endloop
  endfacet
  facet normal -0.75183 -0.659357 0
    outer loop
      vertex -1.36345 -0.34819 10.4
      vertex -0.889084 -0.889084 4.1
      vertex -0.889084 -0.889084 10.4
    endloop
  endfacet
  facet normal -0.321439 -0.94693 0
    outer loop
      vertex 0.895248 -2.08134 4.1
      vertex 1.57649 -2.31259 10.4
      vertex 0.895248 -2.08134 10.4
    endloop
  endfacet
  facet normal -0.321439 -0.94693 -0
    outer loop
      vertex 1.57649 -2.31259 10.4
      vertex 0.895248 -2.08134 4.1
      vertex 1.57649 -2.31259 4.1
    endloop
  endfacet
  facet normal 0 0 -1
    outer loop
      vertex 35.2037 16.9412 8.8
      vertex 37.2963 16.9412 8.8
      vertex 35.395 16.3776 8.8
    endloop
  endfacet
  facet normal 0 0 -1
    outer loop
      vertex 37.5596 17.475 8.8
      vertex 35.5111 25.1061 8.8
      vertex 35.55 25.7 8.8
    endloop
  endfacet
  facet normal 0 0 -1
    outer loop
      vertex 37.2963 16.9412 8.8
      vertex 35.2037 16.9412 8.8
      vertex 37.5596 17.475 8.8
    endloop
  endfacet
  facet normal 0 0 -1
    outer loop
      vertex 37.5596 17.475 8.8
      vertex 35.395 24.5224 8.8
      vertex 35.5111 25.1061 8.8
    endloop
  endfacet
  facet normal 0 0 -1
    outer loop
      vertex 34.9404 17.475 8.8
      vertex 37.5596 17.475 8.8
      vertex 35.2037 16.9412 8.8
    endloop
  endfacet
  facet normal 0 0 -1
    outer loop
      vertex 37.5596 17.475 8.8
      vertex 35.2037 23.9588 8.8
      vertex 35.395 24.5224 8.8
    endloop
  endfacet
  facet normal 0 0 -1
    outer loop
      vertex 34.6098 17.9699 8.8
      vertex 37.5596 17.475 8.8
      vertex 34.9404 17.475 8.8
    endloop
  endfacet
  facet normal 0 0 -1
    outer loop
      vertex 37.5596 17.475 8.8
      vertex 34.9404 23.425 8.8
      vertex 35.2037 23.9588 8.8
    endloop
  endfacet
  facet normal 0 0 -1
    outer loop
      vertex 34.2173 18.4173 8.8
      vertex 37.5596 17.475 8.8
      vertex 34.6098 17.9699 8.8
    endloop
  endfacet
  facet normal 0 0 -1
    outer loop
      vertex 37.5596 17.475 8.8
      vertex 34.6098 22.9301 8.8
      vertex 34.9404 23.425 8.8
    endloop
  endfacet
  facet normal 0 0 -1
    outer loop
      vertex 34.2173 22.4827 8.8
      vertex 37.5596 17.475 8.8
      vertex 34.2173 18.4173 8.8
    endloop
  endfacet
  facet normal 0 0 -1
    outer loop
      vertex 37.5596 17.475 8.8
      vertex 34.2173 22.4827 8.8
      vertex 34.6098 22.9301 8.8
    endloop
  endfacet
  facet normal 0 0 -1
    outer loop
      vertex 33.7699 18.8098 8.8
      vertex 34.2173 22.4827 8.8
      vertex 34.2173 18.4173 8.8
    endloop
  endfacet
  facet normal 0 0 -1
    outer loop
      vertex 33.7699 18.8098 8.8
      vertex 33.7699 22.0902 8.8
      vertex 34.2173 22.4827 8.8
    endloop
  endfacet
  facet normal 0 0 -1
    outer loop
      vertex 33.275 19.1404 8.8
      vertex 33.7699 22.0902 8.8
      vertex 33.7699 18.8098 8.8
    endloop
  endfacet
  facet normal 0 0 -1
    outer loop
      vertex 33.275 19.1404 8.8
      vertex 33.275 21.7596 8.8
      vertex 33.7699 22.0902 8.8
    endloop
  endfacet
  facet normal 0 0 -1
    outer loop
      vertex 32.7412 19.4037 8.8
      vertex 33.275 21.7596 8.8
      vertex 33.275 19.1404 8.8
    endloop
  endfacet
  facet normal 0 0 -1
    outer loop
      vertex 32.7412 19.4037 8.8
      vertex 32.7412 21.4963 8.8
      vertex 33.275 21.7596 8.8
    endloop
  endfacet
  facet normal 0 0 -1
    outer loop
      vertex 32.1776 19.595 8.8
      vertex 32.7412 21.4963 8.8
      vertex 32.7412 19.4037 8.8
    endloop
  endfacet
  facet normal 0 0 -1
    outer loop
      vertex 32.1776 19.595 8.8
      vertex 32.1776 21.305 8.8
      vertex 32.7412 21.4963 8.8
    endloop
  endfacet
  facet normal 0 0 -1
    outer loop
      vertex 31.5939 19.7111 8.8
      vertex 32.1776 21.305 8.8
      vertex 32.1776 19.595 8.8
    endloop
  endfacet
  facet normal 0 0 -1
    outer loop
      vertex 31.5939 19.7111 8.8
      vertex 31.5939 21.1889 8.8
      vertex 32.1776 21.305 8.8
    endloop
  endfacet
  facet normal 0 0 -1
    outer loop
      vertex 31 19.75 8.8
      vertex 31.5939 21.1889 8.8
      vertex 31.5939 19.7111 8.8
    endloop
  endfacet
  facet normal 0 0 -1
    outer loop
      vertex 31 19.75 8.8
      vertex 31 21.15 8.8
      vertex 31.5939 21.1889 8.8
    endloop
  endfacet
  facet normal 0 0 -1
    outer loop
      vertex 30.4061 19.7111 8.8
      vertex 31 21.15 8.8
      vertex 31 19.75 8.8
    endloop
  endfacet
  facet normal 0 0 -1
    outer loop
      vertex 30.4061 19.7111 8.8
      vertex 30.4061 21.1889 8.8
      vertex 31 21.15 8.8
    endloop
  endfacet
  facet normal 0 0 -1
    outer loop
      vertex 29.8224 19.595 8.8
      vertex 30.4061 21.1889 8.8
      vertex 30.4061 19.7111 8.8
    endloop
  endfacet
  facet normal 0 0 -1
    outer loop
      vertex 29.8224 19.595 8.8
      vertex 29.8224 21.305 8.8
      vertex 30.4061 21.1889 8.8
    endloop
  endfacet
  facet normal 0 0 -1
    outer loop
      vertex 29.2588 19.4037 8.8
      vertex 29.8224 21.305 8.8
      vertex 29.8224 19.595 8.8
    endloop
  endfacet
  facet normal 0 0 -1
    outer loop
      vertex 29.2588 19.4037 8.8
      vertex 29.2588 21.4963 8.8
      vertex 29.8224 21.305 8.8
    endloop
  endfacet
  facet normal 0 0 -1
    outer loop
      vertex 28.725 19.1404 8.8
      vertex 29.2588 21.4963 8.8
      vertex 29.2588 19.4037 8.8
    endloop
  endfacet
  facet normal 0 0 -1
    outer loop
      vertex 28.725 19.1404 8.8
      vertex 28.725 21.7596 8.8
      vertex 29.2588 21.4963 8.8
    endloop
  endfacet
  facet normal 0 0 -1
    outer loop
      vertex 28.2301 18.8098 8.8
      vertex 28.725 21.7596 8.8
      vertex 28.725 19.1404 8.8
    endloop
  endfacet
  facet normal 0 0 -1
    outer loop
      vertex 28.2301 18.8098 8.8
      vertex 28.2301 22.0902 8.8
      vertex 28.725 21.7596 8.8
    endloop
  endfacet
  facet normal 0 0 -1
    outer loop
      vertex 27.7827 18.4173 8.8
      vertex 28.2301 22.0902 8.8
      vertex 28.2301 18.8098 8.8
    endloop
  endfacet
  facet normal 0 0 -1
    outer loop
      vertex 27.7827 18.4173 8.8
      vertex 27.7827 22.4827 8.8
      vertex 28.2301 22.0902 8.8
    endloop
  endfacet
  facet normal 0 0 -1
    outer loop
      vertex 23.7173 18.4173 8.8
      vertex 27.7827 18.4173 8.8
      vertex 27.3902 17.9699 8.8
    endloop
  endfacet
  facet normal 0 0 -1
    outer loop
      vertex 27.7827 18.4173 8.8
      vertex 23.7173 18.4173 8.8
      vertex 27.7827 22.4827 8.8
    endloop
  endfacet
  facet normal 0 0 -1
    outer loop
      vertex 24.1098 17.9699 8.8
      vertex 27.3902 17.9699 8.8
      vertex 27.0596 17.475 8.8
    endloop
  endfacet
  facet normal -0 0 -1
    outer loop
      vertex 27.7827 22.4827 8.8
      vertex 23.7173 18.4173 8.8
      vertex 27.3902 22.9301 8.8
    endloop
  endfacet
  facet normal 0 0 -1
    outer loop
      vertex 24.4404 17.475 8.8
      vertex 27.0596 17.475 8.8
      vertex 26.7963 16.9412 8.8
    endloop
  endfacet
  facet normal 0 0 -1
    outer loop
      vertex 27.3902 17.9699 8.8
      vertex 24.1098 17.9699 8.8
      vertex 23.7173 18.4173 8.8
    endloop
  endfacet
  facet normal 0 0 -1
    outer loop
      vertex 24.7037 16.9412 8.8
      vertex 26.7963 16.9412 8.8
      vertex 26.605 16.3776 8.8
    endloop
  endfacet
  facet normal 0 0 -1
    outer loop
      vertex 23.2699 18.8098 8.8
      vertex 27.3902 22.9301 8.8
      vertex 23.7173 18.4173 8.8
    endloop
  endfacet
  facet normal 0 0 -1
    outer loop
      vertex 24.895 16.3776 8.8
      vertex 26.605 16.3776 8.8
      vertex 26.4889 15.7939 8.8
    endloop
  endfacet
  facet normal 0 0 -1
    outer loop
      vertex 27.0596 17.475 8.8
      vertex 24.4404 17.475 8.8
      vertex 24.1098 17.9699 8.8
    endloop
  endfacet
  facet normal 0 0 -1
    outer loop
      vertex 25.0111 15.7939 8.8
      vertex 26.4889 15.7939 8.8
      vertex 26.45 15.2 8.8
    endloop
  endfacet
  facet normal -0 0 -1
    outer loop
      vertex 27.3902 22.9301 8.8
      vertex 23.2699 18.8098 8.8
      vertex 27.0596 23.425 8.8
    endloop
  endfacet
  facet normal 0 0 -1
    outer loop
      vertex 34.6098 7.46986 8.8
      vertex 38.7301 11.5902 8.8
      vertex 34.9404 6.975 8.8
    endloop
  endfacet
  facet normal 0 0 -1
    outer loop
      vertex 37.5596 12.925 8.8
      vertex 35.5111 14.6061 8.8
      vertex 35.55 15.2 8.8
    endloop
  endfacet
  facet normal -0 0 -1
    outer loop
      vertex 38.7301 11.5902 8.8
      vertex 34.6098 7.46986 8.8
      vertex 38.2827 11.9827 8.8
    endloop
  endfacet
  facet normal 0 0 -1
    outer loop
      vertex 37.5596 12.925 8.8
      vertex 35.395 14.0224 8.8
      vertex 35.5111 14.6061 8.8
    endloop
  endfacet
  facet normal 0 0 -1
    outer loop
      vertex 34.2173 7.91734 8.8
      vertex 38.2827 11.9827 8.8
      vertex 34.6098 7.46986 8.8
    endloop
  endfacet
  facet normal 0 0 -1
    outer loop
      vertex 37.5596 12.925 8.8
      vertex 35.2037 13.4588 8.8
      vertex 35.395 14.0224 8.8
    endloop
  endfacet
  facet normal 0 0 -1
    outer loop
      vertex 34.2173 11.9827 8.8
      vertex 38.2827 11.9827 8.8
      vertex 34.2173 7.91734 8.8
    endloop
  endfacet
  facet normal 0 0 -1
    outer loop
      vertex 37.5596 12.925 8.8
      vertex 34.9404 12.925 8.8
      vertex 35.2037 13.4588 8.8
    endloop
  endfacet
  facet normal 0 0 -1
    outer loop
      vertex 38.2827 11.9827 8.8
      vertex 34.2173 11.9827 8.8
      vertex 37.8902 12.4301 8.8
    endloop
  endfacet
  facet normal -0 0 -1
    outer loop
      vertex 37.5596 12.925 8.8
      vertex 34.6098 12.4301 8.8
      vertex 34.9404 12.925 8.8
    endloop
  endfacet
  facet normal 0 -0 -1
    outer loop
      vertex 34.6098 12.4301 8.8
      vertex 37.8902 12.4301 8.8
      vertex 34.2173 11.9827 8.8
    endloop
  endfacet
  facet normal 0 0 -1
    outer loop
      vertex 37.8902 12.4301 8.8
      vertex 34.6098 12.4301 8.8
      vertex 37.5596 12.925 8.8
    endloop
  endfacet
  facet normal 0 0 -1
    outer loop
      vertex 33.7699 8.30976 8.8
      vertex 34.2173 11.9827 8.8
      vertex 34.2173 7.91734 8.8
    endloop
  endfacet
  facet normal 0 0 -1
    outer loop
      vertex 33.7699 8.30976 8.8
      vertex 33.7699 11.5902 8.8
      vertex 34.2173 11.9827 8.8
    endloop
  endfacet
  facet normal 0 0 -1
    outer loop
      vertex 33.275 8.64042 8.8
      vertex 33.7699 11.5902 8.8
      vertex 33.7699 8.30976 8.8
    endloop
  endfacet
  facet normal 0 0 -1
    outer loop
      vertex 33.275 8.64042 8.8
      vertex 33.275 11.2596 8.8
      vertex 33.7699 11.5902 8.8
    endloop
  endfacet
  facet normal 0 0 -1
    outer loop
      vertex 32.7412 8.90365 8.8
      vertex 33.275 11.2596 8.8
      vertex 33.275 8.64042 8.8
    endloop
  endfacet
  facet normal 0 0 -1
    outer loop
      vertex 32.7412 8.90365 8.8
      vertex 32.7412 10.9963 8.8
      vertex 33.275 11.2596 8.8
    endloop
  endfacet
  facet normal 0 0 -1
    outer loop
      vertex 32.1776 9.09496 8.8
      vertex 32.7412 10.9963 8.8
      vertex 32.7412 8.90365 8.8
    endloop
  endfacet
  facet normal 0 0 -1
    outer loop
      vertex 32.1776 9.09496 8.8
      vertex 32.1776 10.805 8.8
      vertex 32.7412 10.9963 8.8
    endloop
  endfacet
  facet normal 0 0 -1
    outer loop
      vertex 31.5939 9.21107 8.8
      vertex 32.1776 10.805 8.8
      vertex 32.1776 9.09496 8.8
    endloop
  endfacet
  facet normal 0 0 -1
    outer loop
      vertex 31.5939 9.21107 8.8
      vertex 31.5939 10.6889 8.8
      vertex 32.1776 10.805 8.8
    endloop
  endfacet
  facet normal 0 0 -1
    outer loop
      vertex 31 9.25 8.8
      vertex 31.5939 10.6889 8.8
      vertex 31.5939 9.21107 8.8
    endloop
  endfacet
  facet normal 0 0 -1
    outer loop
      vertex 31 9.25 8.8
      vertex 31 10.65 8.8
      vertex 31.5939 10.6889 8.8
    endloop
  endfacet
  facet normal 0 0 -1
    outer loop
      vertex 30.4061 9.21107 8.8
      vertex 31 10.65 8.8
      vertex 31 9.25 8.8
    endloop
  endfacet
  facet normal 0 0 -1
    outer loop
      vertex 30.4061 9.21107 8.8
      vertex 30.4061 10.6889 8.8
      vertex 31 10.65 8.8
    endloop
  endfacet
  facet normal 0 0 -1
    outer loop
      vertex 29.8224 9.09496 8.8
      vertex 30.4061 10.6889 8.8
      vertex 30.4061 9.21107 8.8
    endloop
  endfacet
  facet normal 0 0 -1
    outer loop
      vertex 29.8224 9.09496 8.8
      vertex 29.8224 10.805 8.8
      vertex 30.4061 10.6889 8.8
    endloop
  endfacet
  facet normal 0 0 -1
    outer loop
      vertex 29.2588 8.90365 8.8
      vertex 29.8224 10.805 8.8
      vertex 29.8224 9.09496 8.8
    endloop
  endfacet
  facet normal 0 0 -1
    outer loop
      vertex 29.2588 8.90365 8.8
      vertex 29.2588 10.9963 8.8
      vertex 29.8224 10.805 8.8
    endloop
  endfacet
  facet normal 0 0 -1
    outer loop
      vertex 28.725 8.64042 8.8
      vertex 29.2588 10.9963 8.8
      vertex 29.2588 8.90365 8.8
    endloop
  endfacet
  facet normal 0 0 -1
    outer loop
      vertex 28.725 8.64042 8.8
      vertex 28.725 11.2596 8.8
      vertex 29.2588 10.9963 8.8
    endloop
  endfacet
  facet normal 0 0 -1
    outer loop
      vertex 28.2301 8.30976 8.8
      vertex 28.725 11.2596 8.8
      vertex 28.725 8.64042 8.8
    endloop
  endfacet
  facet normal 0 0 -1
    outer loop
      vertex 28.2301 8.30976 8.8
      vertex 28.2301 11.5902 8.8
      vertex 28.725 11.2596 8.8
    endloop
  endfacet
  facet normal 0 0 -1
    outer loop
      vertex 27.7827 7.91734 8.8
      vertex 28.2301 11.5902 8.8
      vertex 28.2301 8.30976 8.8
    endloop
  endfacet
  facet normal 0 0 -1
    outer loop
      vertex 27.7827 7.91734 8.8
      vertex 27.7827 11.9827 8.8
      vertex 28.2301 11.5902 8.8
    endloop
  endfacet
  facet normal 0 0 -1
    outer loop
      vertex 23.7173 11.9827 8.8
      vertex 27.7827 7.91734 8.8
      vertex 27.3902 7.46986 8.8
    endloop
  endfacet
  facet normal 0 0 -1
    outer loop
      vertex 27.7827 7.91734 8.8
      vertex 23.7173 11.9827 8.8
      vertex 27.7827 11.9827 8.8
    endloop
  endfacet
  facet normal 0 0 -1
    outer loop
      vertex 23.2699 11.5902 8.8
      vertex 27.3902 7.46986 8.8
      vertex 27.0596 6.975 8.8
    endloop
  endfacet
  facet normal 0 0 -1
    outer loop
      vertex 27.7827 11.9827 8.8
      vertex 23.7173 11.9827 8.8
      vertex 27.3902 12.4301 8.8
    endloop
  endfacet
  facet normal 0 0 -1
    outer loop
      vertex 22.775 11.2596 8.8
      vertex 27.0596 6.975 8.8
      vertex 26.7963 6.44121 8.8
    endloop
  endfacet
  facet normal 0 -0 -1
    outer loop
      vertex 24.1098 12.4301 8.8
      vertex 27.3902 12.4301 8.8
      vertex 23.7173 11.9827 8.8
    endloop
  endfacet
  facet normal 0 0 -1
    outer loop
      vertex 22.2412 10.9963 8.8
      vertex 26.7963 6.44121 8.8
      vertex 26.605 5.87763 8.8
    endloop
  endfacet
  facet normal 0 0 -1
    outer loop
      vertex 27.3902 12.4301 8.8
      vertex 24.1098 12.4301 8.8
      vertex 27.0596 12.925 8.8
    endloop
  endfacet
  facet normal 0 0 -1
    outer loop
      vertex 21.6776 10.805 8.8
      vertex 26.605 5.87763 8.8
      vertex 26.4889 5.29389 8.8
    endloop
  endfacet
  facet normal 0 0 -1
    outer loop
      vertex 27.0596 12.925 8.8
      vertex 24.4404 12.925 8.8
      vertex 26.7963 13.4588 8.8
    endloop
  endfacet
  facet normal 0 0 -1
    outer loop
      vertex 21.0939 10.6889 8.8
      vertex 26.4889 5.29389 8.8
      vertex 26.45 4.7 8.8
    endloop
  endfacet
  facet normal 0 0 -1
    outer loop
      vertex 26.7963 13.4588 8.8
      vertex 24.7037 13.4588 8.8
      vertex 26.605 14.0224 8.8
    endloop
  endfacet
  facet normal 0 0 -1
    outer loop
      vertex 59 -0.5 8.8
      vertex 62.5 3 8.8
      vertex 62.4701 2.54315 8.8
    endloop
  endfacet
  facet normal 0 0 -1
    outer loop
      vertex 62.5 3 8.8
      vertex 54.0099 43.1901 8.8
      vertex 62.5 114.2 8.8
    endloop
  endfacet
  facet normal 0 0 -1
    outer loop
      vertex 59 -0.5 8.8
      vertex 62.4701 2.54315 8.8
      vertex 62.3807 2.09413 8.8
    endloop
  endfacet
  facet normal 0 0 -1
    outer loop
      vertex 54.0099 105.21 8.8
      vertex 62.5 114.2 8.8
      vertex 54.0099 43.1901 8.8
    endloop
  endfacet
  facet normal 0 0 -1
    outer loop
      vertex 59 -0.5 8.8
      vertex 62.3807 2.09413 8.8
      vertex 62.2336 1.66061 8.8
    endloop
  endfacet
  facet normal 0 -0 -1
    outer loop
      vertex 59 117.7 8.8
      vertex 62.5 114.2 8.8
      vertex 54.0099 105.21 8.8
    endloop
  endfacet
  facet normal 0 0 -1
    outer loop
      vertex 59 -0.5 8.8
      vertex 62.2336 1.66061 8.8
      vertex 62.0311 1.25 8.8
    endloop
  endfacet
  facet normal 0 0 -1
    outer loop
      vertex 62.5 114.2 8.8
      vertex 59 117.7 8.8
      vertex 62.4701 114.657 8.8
    endloop
  endfacet
  facet normal 0 0 -1
    outer loop
      vertex 59 -0.5 8.8
      vertex 62.0311 1.25 8.8
      vertex 61.7767 0.869339 8.8
    endloop
  endfacet
  facet normal 0 0 -1
    outer loop
      vertex 62.4701 114.657 8.8
      vertex 59 117.7 8.8
      vertex 62.3807 115.106 8.8
    endloop
  endfacet
  facet normal 0 0 -1
    outer loop
      vertex 59 -0.5 8.8
      vertex 61.7767 0.869339 8.8
      vertex 61.4749 0.525131 8.8
    endloop
  endfacet
  facet normal 0 0 -1
    outer loop
      vertex 62.3807 115.106 8.8
      vertex 59 117.7 8.8
      vertex 62.2336 115.539 8.8
    endloop
  endfacet
  facet normal 0 0 -1
    outer loop
      vertex 59 -0.5 8.8
      vertex 61.4749 0.525131 8.8
      vertex 61.1307 0.223267 8.8
    endloop
  endfacet
  facet normal 0 0 -1
    outer loop
      vertex 62.2336 115.539 8.8
      vertex 59 117.7 8.8
      vertex 62.0311 115.95 8.8
    endloop
  endfacet
  facet normal 0 0 -1
    outer loop
      vertex 59 -0.5 8.8
      vertex 61.1307 0.223267 8.8
      vertex 60.75 -0.0310822 8.8
    endloop
  endfacet
  facet normal 0 0 -1
    outer loop
      vertex 62.0311 115.95 8.8
      vertex 59 117.7 8.8
      vertex 61.7767 116.331 8.8
    endloop
  endfacet
  facet normal 0 0 -1
    outer loop
      vertex 59 -0.5 8.8
      vertex 60.75 -0.0310822 8.8
      vertex 60.3394 -0.233582 8.8
    endloop
  endfacet
  facet normal 0 0 -1
    outer loop
      vertex 61.7767 116.331 8.8
      vertex 59 117.7 8.8
      vertex 61.4749 116.675 8.8
    endloop
  endfacet
  facet normal 0 0 -1
    outer loop
      vertex 59 -0.5 8.8
      vertex 60.3394 -0.233582 8.8
      vertex 59.9059 -0.380737 8.8
    endloop
  endfacet
  facet normal 0 0 -1
    outer loop
      vertex 61.4749 116.675 8.8
      vertex 59 117.7 8.8
      vertex 61.1307 116.977 8.8
    endloop
  endfacet
  facet normal 0 0 -1
    outer loop
      vertex 59 -0.5 8.8
      vertex 59.9059 -0.380737 8.8
      vertex 59.4568 -0.470062 8.8
    endloop
  endfacet
  facet normal 0 0 -1
    outer loop
      vertex 61.1307 116.977 8.8
      vertex 59 117.7 8.8
      vertex 60.75 117.231 8.8
    endloop
  endfacet
  facet normal -0 0 -1
    outer loop
      vertex 62.5 3 8.8
      vertex 59 -0.5 8.8
      vertex 45.4404 12.925 8.8
    endloop
  endfacet
  facet normal 0 0 -1
    outer loop
      vertex 60.75 117.231 8.8
      vertex 59 117.7 8.8
      vertex 60.3394 117.434 8.8
    endloop
  endfacet
  facet normal 0 0 -1
    outer loop
      vertex 60.3394 117.434 8.8
      vertex 59 117.7 8.8
      vertex 59.9059 117.581 8.8
    endloop
  endfacet
  facet normal 0 0 -1
    outer loop
      vertex 62.5 3 8.8
      vertex 46.05 15.2 8.8
      vertex 46.0111 15.7939 8.8
    endloop
  endfacet
  facet normal 0 0 -1
    outer loop
      vertex 62.5 3 8.8
      vertex 46.0111 14.6061 8.8
      vertex 46.05 15.2 8.8
    endloop
  endfacet
  facet normal 0 0 -1
    outer loop
      vertex 62.5 3 8.8
      vertex 45.895 14.0224 8.8
      vertex 46.0111 14.6061 8.8
    endloop
  endfacet
  facet normal 0 0 -1
    outer loop
      vertex 62.5 3 8.8
      vertex 45.7037 13.4588 8.8
      vertex 45.895 14.0224 8.8
    endloop
  endfacet
  facet normal 0 0 -1
    outer loop
      vertex 62.5 3 8.8
      vertex 45.4404 12.925 8.8
      vertex 45.7037 13.4588 8.8
    endloop
  endfacet
  facet normal 0 0 -1
    outer loop
      vertex 59 -0.5 8.8
      vertex 45.1098 12.4301 8.8
      vertex 45.4404 12.925 8.8
    endloop
  endfacet
  facet normal 0 0 -1
    outer loop
      vertex 59 -0.5 8.8
      vertex 44.7173 11.9827 8.8
      vertex 45.1098 12.4301 8.8
    endloop
  endfacet
  facet normal 0 0 -1
    outer loop
      vertex 59 -0.5 8.8
      vertex 44.2699 11.5902 8.8
      vertex 44.7173 11.9827 8.8
    endloop
  endfacet
  facet normal 0 0 -1
    outer loop
      vertex 59 -0.5 8.8
      vertex 43.775 11.2596 8.8
      vertex 44.2699 11.5902 8.8
    endloop
  endfacet
  facet normal 0 0 -1
    outer loop
      vertex 59 -0.5 8.8
      vertex 43.2412 10.9963 8.8
      vertex 43.775 11.2596 8.8
    endloop
  endfacet
  facet normal 0 0 -1
    outer loop
      vertex 59 -0.5 8.8
      vertex 42.6776 10.805 8.8
      vertex 43.2412 10.9963 8.8
    endloop
  endfacet
  facet normal 0 0 -1
    outer loop
      vertex 35.395 3.52237 8.8
      vertex 42.6776 10.805 8.8
      vertex 59 -0.5 8.8
    endloop
  endfacet
  facet normal 0 0 -1
    outer loop
      vertex 42.6776 10.805 8.8
      vertex 35.395 3.52237 8.8
      vertex 42.0939 10.6889 8.8
    endloop
  endfacet
  facet normal 0 -0 -1
    outer loop
      vertex 35.5111 4.10611 8.8
      vertex 42.0939 10.6889 8.8
      vertex 35.395 3.52237 8.8
    endloop
  endfacet
  facet normal 0 0 -1
    outer loop
      vertex 42.0939 10.6889 8.8
      vertex 35.5111 4.10611 8.8
      vertex 41.5 10.65 8.8
    endloop
  endfacet
  facet normal 0 -0 -1
    outer loop
      vertex 35.55 4.7 8.8
      vertex 41.5 10.65 8.8
      vertex 35.5111 4.10611 8.8
    endloop
  endfacet
  facet normal 0 0 -1
    outer loop
      vertex 35.5111 5.29389 8.8
      vertex 40.9061 10.6889 8.8
      vertex 35.55 4.7 8.8
    endloop
  endfacet
  facet normal 0 0 -1
    outer loop
      vertex 37.105 14.0224 8.8
      vertex 35.55 15.2 8.8
      vertex 36.9889 14.6061 8.8
    endloop
  endfacet
  facet normal 0 0 -1
    outer loop
      vertex 37.2963 13.4588 8.8
      vertex 35.55 15.2 8.8
      vertex 37.105 14.0224 8.8
    endloop
  endfacet
  facet normal 0 0 -1
    outer loop
      vertex 37.5596 12.925 8.8
      vertex 35.55 15.2 8.8
      vertex 37.2963 13.4588 8.8
    endloop
  endfacet
  facet normal -0 0 -1
    outer loop
      vertex 39.225 11.2596 8.8
      vertex 34.9404 6.975 8.8
      vertex 38.7301 11.5902 8.8
    endloop
  endfacet
  facet normal 0 0 -1
    outer loop
      vertex 34.9404 6.975 8.8
      vertex 39.225 11.2596 8.8
      vertex 35.2037 6.44121 8.8
    endloop
  endfacet
  facet normal -0 0 -1
    outer loop
      vertex 39.7588 10.9963 8.8
      vertex 35.2037 6.44121 8.8
      vertex 39.225 11.2596 8.8
    endloop
  endfacet
  facet normal 0 0 -1
    outer loop
      vertex 35.2037 6.44121 8.8
      vertex 39.7588 10.9963 8.8
      vertex 35.395 5.87763 8.8
    endloop
  endfacet
  facet normal -0 0 -1
    outer loop
      vertex 40.3224 10.805 8.8
      vertex 35.395 5.87763 8.8
      vertex 39.7588 10.9963 8.8
    endloop
  endfacet
  facet normal -0 0 -1
    outer loop
      vertex 40.9061 10.6889 8.8
      vertex 35.5111 5.29389 8.8
      vertex 40.3224 10.805 8.8
    endloop
  endfacet
  facet normal 0 0 -1
    outer loop
      vertex 35.395 5.87763 8.8
      vertex 40.3224 10.805 8.8
      vertex 35.5111 5.29389 8.8
    endloop
  endfacet
  facet normal -0 0 -1
    outer loop
      vertex 41.5 10.65 8.8
      vertex 35.55 4.7 8.8
      vertex 40.9061 10.6889 8.8
    endloop
  endfacet
  facet normal 0 0 -1
    outer loop
      vertex 59 -0.5 8.8
      vertex 35.2037 2.95879 8.8
      vertex 35.395 3.52237 8.8
    endloop
  endfacet
  facet normal 0 0 -1
    outer loop
      vertex 59 -0.5 8.8
      vertex 34.9404 2.425 8.8
      vertex 35.2037 2.95879 8.8
    endloop
  endfacet
  facet normal 0 0 -1
    outer loop
      vertex 59 -0.5 8.8
      vertex 34.6098 1.93013 8.8
      vertex 34.9404 2.425 8.8
    endloop
  endfacet
  facet normal 0 0 -1
    outer loop
      vertex 59 -0.5 8.8
      vertex 34.2173 1.48266 8.8
      vertex 34.6098 1.93013 8.8
    endloop
  endfacet
  facet normal 0 0 -1
    outer loop
      vertex 59 -0.5 8.8
      vertex 33.7699 1.09024 8.8
      vertex 34.2173 1.48266 8.8
    endloop
  endfacet
  facet normal 0 0 -1
    outer loop
      vertex 59 -0.5 8.8
      vertex 33.275 0.759583 8.8
      vertex 33.7699 1.09024 8.8
    endloop
  endfacet
  facet normal 0 0 -1
    outer loop
      vertex 59 -0.5 8.8
      vertex 32.7412 0.496347 8.8
      vertex 33.275 0.759583 8.8
    endloop
  endfacet
  facet normal 0 0 -1
    outer loop
      vertex 59 -0.5 8.8
      vertex 32.1776 0.305037 8.8
      vertex 32.7412 0.496347 8.8
    endloop
  endfacet
  facet normal 0 0 -1
    outer loop
      vertex 59 -0.5 8.8
      vertex 31.5939 0.188926 8.8
      vertex 32.1776 0.305037 8.8
    endloop
  endfacet
  facet normal 0 0 -1
    outer loop
      vertex 59 -0.5 8.8
      vertex 31 0.15 8.8
      vertex 31.5939 0.188926 8.8
    endloop
  endfacet
  facet normal 0 -0 -1
    outer loop
      vertex 24.895 14.0224 8.8
      vertex 26.605 14.0224 8.8
      vertex 24.7037 13.4588 8.8
    endloop
  endfacet
  facet normal 0 0 -1
    outer loop
      vertex 25.0111 15.7939 8.8
      vertex 26.45 15.2 8.8
      vertex 25.05 15.2 8.8
    endloop
  endfacet
  facet normal 0 0 -1
    outer loop
      vertex 20.5 10.65 8.8
      vertex 26.45 4.7 8.8
      vertex 26.4889 4.10611 8.8
    endloop
  endfacet
  facet normal -0 0 -1
    outer loop
      vertex 26.45 15.2 8.8
      vertex 25.0111 14.6061 8.8
      vertex 25.05 15.2 8.8
    endloop
  endfacet
  facet normal 0 0 -1
    outer loop
      vertex 26.4889 14.6061 8.8
      vertex 25.0111 14.6061 8.8
      vertex 26.45 15.2 8.8
    endloop
  endfacet
  facet normal 0 -0 -1
    outer loop
      vertex 25.0111 14.6061 8.8
      vertex 26.4889 14.6061 8.8
      vertex 24.895 14.0224 8.8
    endloop
  endfacet
  facet normal 0 0 -1
    outer loop
      vertex 26.605 14.0224 8.8
      vertex 24.895 14.0224 8.8
      vertex 26.4889 14.6061 8.8
    endloop
  endfacet
  facet normal 0 0 -1
    outer loop
      vertex 19.9061 10.6889 8.8
      vertex 26.4889 4.10611 8.8
      vertex 26.605 3.52237 8.8
    endloop
  endfacet
  facet normal 0 -0 -1
    outer loop
      vertex 24.7037 13.4588 8.8
      vertex 26.7963 13.4588 8.8
      vertex 24.4404 12.925 8.8
    endloop
  endfacet
  facet normal 0 -0 -1
    outer loop
      vertex 24.4404 12.925 8.8
      vertex 27.0596 12.925 8.8
      vertex 24.1098 12.4301 8.8
    endloop
  endfacet
  facet normal 0 0 -1
    outer loop
      vertex 19.3224 10.805 8.8
      vertex 26.605 3.52237 8.8
      vertex 26.7963 2.95879 8.8
    endloop
  endfacet
  facet normal 0 0 -1
    outer loop
      vertex 27.3902 7.46986 8.8
      vertex 23.2699 11.5902 8.8
      vertex 23.7173 11.9827 8.8
    endloop
  endfacet
  facet normal 0 0 -1
    outer loop
      vertex 27.0596 6.975 8.8
      vertex 22.775 11.2596 8.8
      vertex 23.2699 11.5902 8.8
    endloop
  endfacet
  facet normal 0 0 -1
    outer loop
      vertex 26.7963 6.44121 8.8
      vertex 22.2412 10.9963 8.8
      vertex 22.775 11.2596 8.8
    endloop
  endfacet
  facet normal 0 0 -1
    outer loop
      vertex 3 -0.5 8.8
      vertex 26.7963 2.95879 8.8
      vertex 27.0596 2.425 8.8
    endloop
  endfacet
  facet normal 0 0 -1
    outer loop
      vertex 26.605 5.87763 8.8
      vertex 21.6776 10.805 8.8
      vertex 22.2412 10.9963 8.8
    endloop
  endfacet
  facet normal 0 0 -1
    outer loop
      vertex 26.4889 5.29389 8.8
      vertex 21.0939 10.6889 8.8
      vertex 21.6776 10.805 8.8
    endloop
  endfacet
  facet normal 0 0 -1
    outer loop
      vertex 3 -0.5 8.8
      vertex 27.0596 2.425 8.8
      vertex 27.3902 1.93013 8.8
    endloop
  endfacet
  facet normal 0 0 -1
    outer loop
      vertex 26.45 4.7 8.8
      vertex 20.5 10.65 8.8
      vertex 21.0939 10.6889 8.8
    endloop
  endfacet
  facet normal 0 0 -1
    outer loop
      vertex 26.4889 4.10611 8.8
      vertex 19.9061 10.6889 8.8
      vertex 20.5 10.65 8.8
    endloop
  endfacet
  facet normal 0 0 -1
    outer loop
      vertex 26.605 3.52237 8.8
      vertex 19.3224 10.805 8.8
      vertex 19.9061 10.6889 8.8
    endloop
  endfacet
  facet normal 0 0 -1
    outer loop
      vertex 3 -0.5 8.8
      vertex 27.3902 1.93013 8.8
      vertex 27.7827 1.48266 8.8
    endloop
  endfacet
  facet normal -0 0 -1
    outer loop
      vertex 26.7963 2.95879 8.8
      vertex 3 -0.5 8.8
      vertex 19.3224 10.805 8.8
    endloop
  endfacet
  facet normal -0 0 -1
    outer loop
      vertex 19.3224 10.805 8.8
      vertex 3 -0.5 8.8
      vertex 18.7588 10.9963 8.8
    endloop
  endfacet
  facet normal -0 0 -1
    outer loop
      vertex 18.7588 10.9963 8.8
      vertex 3 -0.5 8.8
      vertex 18.225 11.2596 8.8
    endloop
  endfacet
  facet normal -0 0 -1
    outer loop
      vertex 18.225 11.2596 8.8
      vertex 3 -0.5 8.8
      vertex 17.7301 11.5902 8.8
    endloop
  endfacet
  facet normal 0 0 -1
    outer loop
      vertex -0.5 3 8.8
      vertex 15.95 15.2 8.8
      vertex 15.9889 14.6061 8.8
    endloop
  endfacet
  facet normal 0 0 -1
    outer loop
      vertex -0.5 3 8.8
      vertex 15.9889 14.6061 8.8
      vertex 16.105 14.0224 8.8
    endloop
  endfacet
  facet normal -0 0 -1
    outer loop
      vertex 15.95 15.2 8.8
      vertex -0.5 3 8.8
      vertex 7.99012 43.1901 8.8
    endloop
  endfacet
  facet normal -0 0 -1
    outer loop
      vertex 16.2963 13.4588 8.8
      vertex -0.5 3 8.8
      vertex 16.105 14.0224 8.8
    endloop
  endfacet
  facet normal -0 0 -1
    outer loop
      vertex 16.5596 12.925 8.8
      vertex -0.5 3 8.8
      vertex 16.2963 13.4588 8.8
    endloop
  endfacet
  facet normal 0 0 -1
    outer loop
      vertex -0.5 3 8.8
      vertex 16.5596 12.925 8.8
      vertex 3 -0.5 8.8
    endloop
  endfacet
  facet normal -0 0 -1
    outer loop
      vertex 16.8902 12.4301 8.8
      vertex 3 -0.5 8.8
      vertex 16.5596 12.925 8.8
    endloop
  endfacet
  facet normal -0 0 -1
    outer loop
      vertex 17.2827 11.9827 8.8
      vertex 3 -0.5 8.8
      vertex 16.8902 12.4301 8.8
    endloop
  endfacet
  facet normal -0 0 -1
    outer loop
      vertex 17.7301 11.5902 8.8
      vertex 3 -0.5 8.8
      vertex 17.2827 11.9827 8.8
    endloop
  endfacet
  facet normal -0 0 -1
    outer loop
      vertex 28.2301 1.09024 8.8
      vertex 3 -0.5 8.8
      vertex 27.7827 1.48266 8.8
    endloop
  endfacet
  facet normal -0 0 -1
    outer loop
      vertex 28.725 0.759583 8.8
      vertex 3 -0.5 8.8
      vertex 28.2301 1.09024 8.8
    endloop
  endfacet
  facet normal -0 0 -1
    outer loop
      vertex 29.2588 0.496347 8.8
      vertex 3 -0.5 8.8
      vertex 28.725 0.759583 8.8
    endloop
  endfacet
  facet normal -0 0 -1
    outer loop
      vertex 29.8224 0.305037 8.8
      vertex 3 -0.5 8.8
      vertex 29.2588 0.496347 8.8
    endloop
  endfacet
  facet normal -0 0 -1
    outer loop
      vertex 30.4061 0.188926 8.8
      vertex 3 -0.5 8.8
      vertex 29.8224 0.305037 8.8
    endloop
  endfacet
  facet normal -0 0 -1
    outer loop
      vertex 31 0.15 8.8
      vertex 3 -0.5 8.8
      vertex 30.4061 0.188926 8.8
    endloop
  endfacet
  facet normal 0 0 -1
    outer loop
      vertex 3 -0.5 8.8
      vertex 31 0.15 8.8
      vertex 59 -0.5 8.8
    endloop
  endfacet
  facet normal 0 0 -1
    outer loop
      vertex 59.9059 117.581 8.8
      vertex 59 117.7 8.8
      vertex 59.4568 117.67 8.8
    endloop
  endfacet
  facet normal 0 0 -1
    outer loop
      vertex 7.99012 105.21 8.8
      vertex 59 117.7 8.8
      vertex 54.0099 105.21 8.8
    endloop
  endfacet
  facet normal 0 0 -1
    outer loop
      vertex 7.99012 105.21 8.8
      vertex 3 117.7 8.8
      vertex 59 117.7 8.8
    endloop
  endfacet
  facet normal 0 0 -1
    outer loop
      vertex -0.5 114.2 8.8
      vertex 7.99012 43.1901 8.8
      vertex -0.5 3 8.8
    endloop
  endfacet
  facet normal 0 0 -1
    outer loop
      vertex -0.5 3 8.8
      vertex 3 -0.5 8.8
      vertex 2.54315 -0.470062 8.8
    endloop
  endfacet
  facet normal 0 0 -1
    outer loop
      vertex 7.99012 43.1901 8.8
      vertex -0.5 114.2 8.8
      vertex 7.99012 105.21 8.8
    endloop
  endfacet
  facet normal 0 0 -1
    outer loop
      vertex -0.5 3 8.8
      vertex 2.54315 -0.470062 8.8
      vertex 2.09413 -0.380737 8.8
    endloop
  endfacet
  facet normal 0 0 -1
    outer loop
      vertex 7.99012 105.21 8.8
      vertex -0.5 114.2 8.8
      vertex 3 117.7 8.8
    endloop
  endfacet
  facet normal 0 0 -1
    outer loop
      vertex -0.5 3 8.8
      vertex 2.09413 -0.380737 8.8
      vertex 1.66061 -0.233582 8.8
    endloop
  endfacet
  facet normal 0 0 -1
    outer loop
      vertex 3 117.7 8.8
      vertex -0.5 114.2 8.8
      vertex 2.54315 117.67 8.8
    endloop
  endfacet
  facet normal 0 0 -1
    outer loop
      vertex -0.5 3 8.8
      vertex 1.66061 -0.233582 8.8
      vertex 1.25 -0.0310822 8.8
    endloop
  endfacet
  facet normal 0 0 -1
    outer loop
      vertex 2.54315 117.67 8.8
      vertex -0.5 114.2 8.8
      vertex 2.09413 117.581 8.8
    endloop
  endfacet
  facet normal 0 0 -1
    outer loop
      vertex -0.5 3 8.8
      vertex 1.25 -0.0310822 8.8
      vertex 0.869339 0.223267 8.8
    endloop
  endfacet
  facet normal 0 0 -1
    outer loop
      vertex 2.09413 117.581 8.8
      vertex -0.5 114.2 8.8
      vertex 1.66061 117.434 8.8
    endloop
  endfacet
  facet normal 0 0 -1
    outer loop
      vertex -0.5 3 8.8
      vertex 0.869339 0.223267 8.8
      vertex 0.525131 0.525131 8.8
    endloop
  endfacet
  facet normal 0 0 -1
    outer loop
      vertex 1.66061 117.434 8.8
      vertex -0.5 114.2 8.8
      vertex 1.25 117.231 8.8
    endloop
  endfacet
  facet normal 0 0 -1
    outer loop
      vertex -0.5 3 8.8
      vertex 0.525131 0.525131 8.8
      vertex 0.223267 0.869339 8.8
    endloop
  endfacet
  facet normal 0 0 -1
    outer loop
      vertex 1.25 117.231 8.8
      vertex -0.5 114.2 8.8
      vertex 0.869339 116.977 8.8
    endloop
  endfacet
  facet normal 0 0 -1
    outer loop
      vertex -0.5 3 8.8
      vertex 0.223267 0.869339 8.8
      vertex -0.0310822 1.25 8.8
    endloop
  endfacet
  facet normal 0 0 -1
    outer loop
      vertex 0.869339 116.977 8.8
      vertex -0.5 114.2 8.8
      vertex 0.525131 116.675 8.8
    endloop
  endfacet
  facet normal 0 0 -1
    outer loop
      vertex -0.5 3 8.8
      vertex -0.0310822 1.25 8.8
      vertex -0.233582 1.66061 8.8
    endloop
  endfacet
  facet normal 0 0 -1
    outer loop
      vertex 0.525131 116.675 8.8
      vertex -0.5 114.2 8.8
      vertex 0.223267 116.331 8.8
    endloop
  endfacet
  facet normal 0 0 -1
    outer loop
      vertex -0.5 3 8.8
      vertex -0.233582 1.66061 8.8
      vertex -0.380737 2.09413 8.8
    endloop
  endfacet
  facet normal 0 0 -1
    outer loop
      vertex 0.223267 116.331 8.8
      vertex -0.5 114.2 8.8
      vertex -0.0310822 115.95 8.8
    endloop
  endfacet
  facet normal 0 0 -1
    outer loop
      vertex -0.5 3 8.8
      vertex -0.380737 2.09413 8.8
      vertex -0.470062 2.54315 8.8
    endloop
  endfacet
  facet normal 0 0 -1
    outer loop
      vertex -0.0310822 115.95 8.8
      vertex -0.5 114.2 8.8
      vertex -0.233582 115.539 8.8
    endloop
  endfacet
  facet normal 0 0 -1
    outer loop
      vertex -0.233582 115.539 8.8
      vertex -0.5 114.2 8.8
      vertex -0.380737 115.106 8.8
    endloop
  endfacet
  facet normal 0 0 -1
    outer loop
      vertex -0.380737 115.106 8.8
      vertex -0.5 114.2 8.8
      vertex -0.470062 114.657 8.8
    endloop
  endfacet
  facet normal 0 0 -1
    outer loop
      vertex 62.5 3 8.8
      vertex 46.0111 15.7939 8.8
      vertex 45.895 16.3776 8.8
    endloop
  endfacet
  facet normal 0 0 -1
    outer loop
      vertex 62.5 3 8.8
      vertex 45.895 16.3776 8.8
      vertex 45.7037 16.9412 8.8
    endloop
  endfacet
  facet normal 0 0 -1
    outer loop
      vertex 62.5 3 8.8
      vertex 45.7037 16.9412 8.8
      vertex 54.0099 43.1901 8.8
    endloop
  endfacet
  facet normal 0 0 -1
    outer loop
      vertex 45.4404 17.475 8.8
      vertex 54.0099 43.1901 8.8
      vertex 45.7037 16.9412 8.8
    endloop
  endfacet
  facet normal 0 0 -1
    outer loop
      vertex 45.1098 17.9699 8.8
      vertex 54.0099 43.1901 8.8
      vertex 45.4404 17.475 8.8
    endloop
  endfacet
  facet normal 0 0 -1
    outer loop
      vertex 44.7173 18.4173 8.8
      vertex 54.0099 43.1901 8.8
      vertex 45.1098 17.9699 8.8
    endloop
  endfacet
  facet normal 0 0 -1
    outer loop
      vertex 44.2699 18.8098 8.8
      vertex 54.0099 43.1901 8.8
      vertex 44.7173 18.4173 8.8
    endloop
  endfacet
  facet normal 0 0 -1
    outer loop
      vertex 43.775 19.1404 8.8
      vertex 54.0099 43.1901 8.8
      vertex 44.2699 18.8098 8.8
    endloop
  endfacet
  facet normal 0 0 -1
    outer loop
      vertex 43.2412 19.4037 8.8
      vertex 54.0099 43.1901 8.8
      vertex 43.775 19.1404 8.8
    endloop
  endfacet
  facet normal 0 0 -1
    outer loop
      vertex 35.2037 27.4412 8.8
      vertex 43.2412 19.4037 8.8
      vertex 42.6776 19.595 8.8
    endloop
  endfacet
  facet normal 0 0 -1
    outer loop
      vertex 35.395 26.8776 8.8
      vertex 42.6776 19.595 8.8
      vertex 42.0939 19.7111 8.8
    endloop
  endfacet
  facet normal 0 0 -1
    outer loop
      vertex 35.5111 26.2939 8.8
      vertex 42.0939 19.7111 8.8
      vertex 41.5 19.75 8.8
    endloop
  endfacet
  facet normal 0 0 -1
    outer loop
      vertex 35.55 25.7 8.8
      vertex 41.5 19.75 8.8
      vertex 40.9061 19.7111 8.8
    endloop
  endfacet
  facet normal 0 0 -1
    outer loop
      vertex 35.55 25.7 8.8
      vertex 40.9061 19.7111 8.8
      vertex 40.3224 19.595 8.8
    endloop
  endfacet
  facet normal 0 0 -1
    outer loop
      vertex 35.55 25.7 8.8
      vertex 40.3224 19.595 8.8
      vertex 39.7588 19.4037 8.8
    endloop
  endfacet
  facet normal 0 0 -1
    outer loop
      vertex 35.55 25.7 8.8
      vertex 39.7588 19.4037 8.8
      vertex 39.225 19.1404 8.8
    endloop
  endfacet
  facet normal 0 0 -1
    outer loop
      vertex 35.55 25.7 8.8
      vertex 39.225 19.1404 8.8
      vertex 38.7301 18.8098 8.8
    endloop
  endfacet
  facet normal 0 0 -1
    outer loop
      vertex 35.55 25.7 8.8
      vertex 38.7301 18.8098 8.8
      vertex 38.2827 18.4173 8.8
    endloop
  endfacet
  facet normal 0 0 -1
    outer loop
      vertex 35.55 25.7 8.8
      vertex 38.2827 18.4173 8.8
      vertex 37.8902 17.9699 8.8
    endloop
  endfacet
  facet normal 0 0 -1
    outer loop
      vertex 35.55 25.7 8.8
      vertex 37.8902 17.9699 8.8
      vertex 37.5596 17.475 8.8
    endloop
  endfacet
  facet normal 0 0 -1
    outer loop
      vertex 36.9889 14.6061 8.8
      vertex 35.55 15.2 8.8
      vertex 36.95 15.2 8.8
    endloop
  endfacet
  facet normal 0 0 -1
    outer loop
      vertex 36.95 15.2 8.8
      vertex 35.55 15.2 8.8
      vertex 36.9889 15.7939 8.8
    endloop
  endfacet
  facet normal 0 0 -1
    outer loop
      vertex 35.5111 15.7939 8.8
      vertex 36.9889 15.7939 8.8
      vertex 35.55 15.2 8.8
    endloop
  endfacet
  facet normal 0 0 -1
    outer loop
      vertex 36.9889 15.7939 8.8
      vertex 35.5111 15.7939 8.8
      vertex 37.105 16.3776 8.8
    endloop
  endfacet
  facet normal 0 0 -1
    outer loop
      vertex 35.395 16.3776 8.8
      vertex 37.105 16.3776 8.8
      vertex 35.5111 15.7939 8.8
    endloop
  endfacet
  facet normal 0 0 -1
    outer loop
      vertex 37.105 16.3776 8.8
      vertex 35.395 16.3776 8.8
      vertex 37.2963 16.9412 8.8
    endloop
  endfacet
  facet normal 0 0 -1
    outer loop
      vertex 41.5 19.75 8.8
      vertex 35.55 25.7 8.8
      vertex 35.5111 26.2939 8.8
    endloop
  endfacet
  facet normal 0 0 -1
    outer loop
      vertex 42.0939 19.7111 8.8
      vertex 35.5111 26.2939 8.8
      vertex 35.395 26.8776 8.8
    endloop
  endfacet
  facet normal 0 0 -1
    outer loop
      vertex 42.6776 19.595 8.8
      vertex 35.395 26.8776 8.8
      vertex 35.2037 27.4412 8.8
    endloop
  endfacet
  facet normal 0 0 -1
    outer loop
      vertex 43.2412 19.4037 8.8
      vertex 35.2037 27.4412 8.8
      vertex 54.0099 43.1901 8.8
    endloop
  endfacet
  facet normal 0 0 -1
    outer loop
      vertex 34.9404 27.975 8.8
      vertex 54.0099 43.1901 8.8
      vertex 35.2037 27.4412 8.8
    endloop
  endfacet
  facet normal 0 0 -1
    outer loop
      vertex 34.6098 28.4699 8.8
      vertex 54.0099 43.1901 8.8
      vertex 34.9404 27.975 8.8
    endloop
  endfacet
  facet normal 0 0 -1
    outer loop
      vertex 34.2173 28.9173 8.8
      vertex 54.0099 43.1901 8.8
      vertex 34.6098 28.4699 8.8
    endloop
  endfacet
  facet normal 0 0 -1
    outer loop
      vertex 33.7699 29.3098 8.8
      vertex 54.0099 43.1901 8.8
      vertex 34.2173 28.9173 8.8
    endloop
  endfacet
  facet normal 0 0 -1
    outer loop
      vertex 33.275 29.6404 8.8
      vertex 54.0099 43.1901 8.8
      vertex 33.7699 29.3098 8.8
    endloop
  endfacet
  facet normal 0 0 -1
    outer loop
      vertex 32.7412 29.9037 8.8
      vertex 54.0099 43.1901 8.8
      vertex 33.275 29.6404 8.8
    endloop
  endfacet
  facet normal 0 0 -1
    outer loop
      vertex 32.1776 30.095 8.8
      vertex 54.0099 43.1901 8.8
      vertex 32.7412 29.9037 8.8
    endloop
  endfacet
  facet normal 0 0 -1
    outer loop
      vertex 31.5939 30.2111 8.8
      vertex 54.0099 43.1901 8.8
      vertex 32.1776 30.095 8.8
    endloop
  endfacet
  facet normal 0 0 -1
    outer loop
      vertex 31 30.25 8.8
      vertex 54.0099 43.1901 8.8
      vertex 31.5939 30.2111 8.8
    endloop
  endfacet
  facet normal 0 0 -1
    outer loop
      vertex 7.99012 43.1901 8.8
      vertex 31 30.25 8.8
      vertex 30.4061 30.2111 8.8
    endloop
  endfacet
  facet normal 0 0 -1
    outer loop
      vertex 7.99012 43.1901 8.8
      vertex 30.4061 30.2111 8.8
      vertex 29.8224 30.095 8.8
    endloop
  endfacet
  facet normal 0 0 -1
    outer loop
      vertex 7.99012 43.1901 8.8
      vertex 29.8224 30.095 8.8
      vertex 29.2588 29.9037 8.8
    endloop
  endfacet
  facet normal 0 0 -1
    outer loop
      vertex 7.99012 43.1901 8.8
      vertex 29.2588 29.9037 8.8
      vertex 28.725 29.6404 8.8
    endloop
  endfacet
  facet normal 0 0 -1
    outer loop
      vertex 26.4889 15.7939 8.8
      vertex 25.0111 15.7939 8.8
      vertex 24.895 16.3776 8.8
    endloop
  endfacet
  facet normal 0 0 -1
    outer loop
      vertex 26.605 16.3776 8.8
      vertex 24.895 16.3776 8.8
      vertex 24.7037 16.9412 8.8
    endloop
  endfacet
  facet normal 0 0 -1
    outer loop
      vertex 26.7963 16.9412 8.8
      vertex 24.7037 16.9412 8.8
      vertex 24.4404 17.475 8.8
    endloop
  endfacet
  facet normal 0 0 -1
    outer loop
      vertex 22.775 19.1404 8.8
      vertex 27.0596 23.425 8.8
      vertex 23.2699 18.8098 8.8
    endloop
  endfacet
  facet normal -0 0 -1
    outer loop
      vertex 27.0596 23.425 8.8
      vertex 22.775 19.1404 8.8
      vertex 26.7963 23.9588 8.8
    endloop
  endfacet
  facet normal 0 0 -1
    outer loop
      vertex 22.2412 19.4037 8.8
      vertex 26.7963 23.9588 8.8
      vertex 22.775 19.1404 8.8
    endloop
  endfacet
  facet normal -0 0 -1
    outer loop
      vertex 26.7963 23.9588 8.8
      vertex 22.2412 19.4037 8.8
      vertex 26.605 24.5224 8.8
    endloop
  endfacet
  facet normal 0 0 -1
    outer loop
      vertex 21.6776 19.595 8.8
      vertex 26.605 24.5224 8.8
      vertex 22.2412 19.4037 8.8
    endloop
  endfacet
  facet normal -0 0 -1
    outer loop
      vertex 26.605 24.5224 8.8
      vertex 21.6776 19.595 8.8
      vertex 26.4889 25.1061 8.8
    endloop
  endfacet
  facet normal 0 0 -1
    outer loop
      vertex 21.0939 19.7111 8.8
      vertex 26.4889 25.1061 8.8
      vertex 21.6776 19.595 8.8
    endloop
  endfacet
  facet normal -0 0 -1
    outer loop
      vertex 26.4889 25.1061 8.8
      vertex 21.0939 19.7111 8.8
      vertex 26.45 25.7 8.8
    endloop
  endfacet
  facet normal 0 0 -1
    outer loop
      vertex 20.5 19.75 8.8
      vertex 26.45 25.7 8.8
      vertex 21.0939 19.7111 8.8
    endloop
  endfacet
  facet normal -0 0 -1
    outer loop
      vertex 26.45 25.7 8.8
      vertex 20.5 19.75 8.8
      vertex 26.4889 26.2939 8.8
    endloop
  endfacet
  facet normal 0 0 -1
    outer loop
      vertex 19.9061 19.7111 8.8
      vertex 26.4889 26.2939 8.8
      vertex 20.5 19.75 8.8
    endloop
  endfacet
  facet normal -0 0 -1
    outer loop
      vertex 26.4889 26.2939 8.8
      vertex 19.9061 19.7111 8.8
      vertex 26.605 26.8776 8.8
    endloop
  endfacet
  facet normal 0 0 -1
    outer loop
      vertex 19.3224 19.595 8.8
      vertex 26.605 26.8776 8.8
      vertex 19.9061 19.7111 8.8
    endloop
  endfacet
  facet normal -0 0 -1
    outer loop
      vertex 26.605 26.8776 8.8
      vertex 19.3224 19.595 8.8
      vertex 26.7963 27.4412 8.8
    endloop
  endfacet
  facet normal 0 0 -1
    outer loop
      vertex 18.7588 19.4037 8.8
      vertex 26.7963 27.4412 8.8
      vertex 19.3224 19.595 8.8
    endloop
  endfacet
  facet normal 0 0 -1
    outer loop
      vertex 7.99012 43.1901 8.8
      vertex 26.7963 27.4412 8.8
      vertex 18.7588 19.4037 8.8
    endloop
  endfacet
  facet normal 0 0 -1
    outer loop
      vertex 27.0596 27.975 8.8
      vertex 7.99012 43.1901 8.8
      vertex 27.3902 28.4699 8.8
    endloop
  endfacet
  facet normal 0 0 -1
    outer loop
      vertex 26.7963 27.4412 8.8
      vertex 7.99012 43.1901 8.8
      vertex 27.0596 27.975 8.8
    endloop
  endfacet
  facet normal 0 0 -1
    outer loop
      vertex 7.99012 43.1901 8.8
      vertex 18.7588 19.4037 8.8
      vertex 18.225 19.1404 8.8
    endloop
  endfacet
  facet normal 0 0 -1
    outer loop
      vertex 7.99012 43.1901 8.8
      vertex 18.225 19.1404 8.8
      vertex 17.7301 18.8098 8.8
    endloop
  endfacet
  facet normal 0 0 -1
    outer loop
      vertex 7.99012 43.1901 8.8
      vertex 17.7301 18.8098 8.8
      vertex 17.2827 18.4173 8.8
    endloop
  endfacet
  facet normal 0 0 -1
    outer loop
      vertex 31 30.25 8.8
      vertex 7.99012 43.1901 8.8
      vertex 54.0099 43.1901 8.8
    endloop
  endfacet
  facet normal 0 0 -1
    outer loop
      vertex 28.2301 29.3098 8.8
      vertex 7.99012 43.1901 8.8
      vertex 28.725 29.6404 8.8
    endloop
  endfacet
  facet normal 0 0 -1
    outer loop
      vertex 27.7827 28.9173 8.8
      vertex 7.99012 43.1901 8.8
      vertex 28.2301 29.3098 8.8
    endloop
  endfacet
  facet normal 0 0 -1
    outer loop
      vertex 27.3902 28.4699 8.8
      vertex 7.99012 43.1901 8.8
      vertex 27.7827 28.9173 8.8
    endloop
  endfacet
  facet normal 0 0 -1
    outer loop
      vertex 16.8902 17.9699 8.8
      vertex 7.99012 43.1901 8.8
      vertex 17.2827 18.4173 8.8
    endloop
  endfacet
  facet normal 0 0 -1
    outer loop
      vertex 16.5596 17.475 8.8
      vertex 7.99012 43.1901 8.8
      vertex 16.8902 17.9699 8.8
    endloop
  endfacet
  facet normal 0 0 -1
    outer loop
      vertex 16.2963 16.9412 8.8
      vertex 7.99012 43.1901 8.8
      vertex 16.5596 17.475 8.8
    endloop
  endfacet
  facet normal 0 0 -1
    outer loop
      vertex 16.105 16.3776 8.8
      vertex 7.99012 43.1901 8.8
      vertex 16.2963 16.9412 8.8
    endloop
  endfacet
  facet normal 0 0 -1
    outer loop
      vertex 15.9889 15.7939 8.8
      vertex 7.99012 43.1901 8.8
      vertex 16.105 16.3776 8.8
    endloop
  endfacet
  facet normal 0 0 -1
    outer loop
      vertex 7.99012 43.1901 8.8
      vertex 15.9889 15.7939 8.8
      vertex 15.95 15.2 8.8
    endloop
  endfacet
  facet normal -0.896806 0.442424 0
    outer loop
      vertex -2.08134 116.305 4.1
      vertex -1.76314 116.95 10.4
      vertex -1.76314 116.95 4.1
    endloop
  endfacet
  facet normal -0.896806 0.442424 0
    outer loop
      vertex -1.76314 116.95 10.4
      vertex -2.08134 116.305 4.1
      vertex -2.08134 116.305 10.4
    endloop
  endfacet
  facet normal -0.946896 0.321541 0
    outer loop
      vertex -2.31259 115.624 4.1
      vertex -2.08134 116.305 10.4
      vertex -2.08134 116.305 4.1
    endloop
  endfacet
  facet normal -0.946896 0.321541 0
    outer loop
      vertex -2.08134 116.305 10.4
      vertex -2.31259 115.624 4.1
      vertex -2.31259 115.624 10.4
    endloop
  endfacet
  facet normal -0.831393 0.555685 0
    outer loop
      vertex -1.76314 116.95 4.1
      vertex -1.36345 117.548 10.4
      vertex -1.36345 117.548 4.1
    endloop
  endfacet
  facet normal -0.831393 0.555685 0
    outer loop
      vertex -1.36345 117.548 10.4
      vertex -1.76314 116.95 4.1
      vertex -1.76314 116.95 10.4
    endloop
  endfacet
  facet normal 0.322349 0.946621 -0
    outer loop
      vertex 61.1048 119.281 4.1
      vertex 60.4235 119.513 10.4
      vertex 61.1048 119.281 10.4
    endloop
  endfacet
  facet normal 0.322349 0.946621 0
    outer loop
      vertex 60.4235 119.513 10.4
      vertex 61.1048 119.281 4.1
      vertex 60.4235 119.513 4.1
    endloop
  endfacet
  facet normal 0.751939 0.659232 0
    outer loop
      vertex 63.3634 117.548 10.4
      vertex 62.8891 118.089 4.1
      vertex 62.8891 118.089 10.4
    endloop
  endfacet
  facet normal 0.751939 0.659232 0
    outer loop
      vertex 62.8891 118.089 4.1
      vertex 63.3634 117.548 10.4
      vertex 63.3634 117.548 4.1
    endloop
  endfacet
  facet normal 0.831387 0.555694 0
    outer loop
      vertex 63.7631 116.95 10.4
      vertex 63.3634 117.548 4.1
      vertex 63.3634 117.548 10.4
    endloop
  endfacet
  facet normal 0.831387 0.555694 0
    outer loop
      vertex 63.3634 117.548 4.1
      vertex 63.7631 116.95 10.4
      vertex 63.7631 116.95 4.1
    endloop
  endfacet
  facet normal 0.555854 0.83128 -0
    outer loop
      vertex 62.3482 118.563 4.1
      vertex 61.75 118.963 10.4
      vertex 62.3482 118.563 10.4
    endloop
  endfacet
  facet normal 0.555854 0.83128 0
    outer loop
      vertex 61.75 118.963 10.4
      vertex 62.3482 118.563 4.1
      vertex 61.75 118.963 4.1
    endloop
  endfacet
  facet normal 0.946909 -0.321501 0
    outer loop
      vertex 64.0813 0.895248 10.4
      vertex 64.3126 1.57649 4.1
      vertex 64.3126 1.57649 10.4
    endloop
  endfacet
  facet normal 0.946909 -0.321501 0
    outer loop
      vertex 64.3126 1.57649 4.1
      vertex 64.0813 0.895248 10.4
      vertex 64.0813 0.895248 4.1
    endloop
  endfacet
  facet normal 0.896873 -0.442287 0
    outer loop
      vertex 63.7631 0.25 10.4
      vertex 64.0813 0.895248 4.1
      vertex 64.0813 0.895248 10.4
    endloop
  endfacet
  facet normal 0.896873 -0.442287 0
    outer loop
      vertex 64.0813 0.895248 4.1
      vertex 63.7631 0.25 10.4
      vertex 63.7631 0.25 4.1
    endloop
  endfacet
  facet normal 0.751875 -0.659305 0
    outer loop
      vertex 62.8891 -0.889084 10.4
      vertex 63.3634 -0.34819 4.1
      vertex 63.3634 -0.34819 10.4
    endloop
  endfacet
  facet normal 0.751875 -0.659305 0
    outer loop
      vertex 63.3634 -0.34819 4.1
      vertex 62.8891 -0.889084 10.4
      vertex 62.8891 -0.889084 4.1
    endloop
  endfacet
  facet normal -0.659357 -0.75183 0
    outer loop
      vertex -0.889084 -0.889084 4.1
      vertex -0.34819 -1.36345 10.4
      vertex -0.889084 -0.889084 10.4
    endloop
  endfacet
  facet normal -0.659357 -0.75183 -0
    outer loop
      vertex -0.34819 -1.36345 10.4
      vertex -0.889084 -0.889084 4.1
      vertex -0.34819 -1.36345 4.1
    endloop
  endfacet
  facet normal -0.980786 -0.195084 0
    outer loop
      vertex -2.31259 1.57649 4.1
      vertex -2.45294 2.2821 10.4
      vertex -2.45294 2.2821 4.1
    endloop
  endfacet
  facet normal -0.980786 -0.195084 0
    outer loop
      vertex -2.45294 2.2821 10.4
      vertex -2.31259 1.57649 4.1
      vertex -2.31259 1.57649 10.4
    endloop
  endfacet
  facet normal -0.980807 0.194981 0
    outer loop
      vertex -2.45294 114.918 4.1
      vertex -2.31259 115.624 10.4
      vertex -2.31259 115.624 4.1
    endloop
  endfacet
  facet normal -0.980807 0.194981 0
    outer loop
      vertex -2.31259 115.624 10.4
      vertex -2.45294 114.918 4.1
      vertex -2.45294 114.918 10.4
    endloop
  endfacet
  facet normal -0.997859 0.0654028 0
    outer loop
      vertex -2.5 114.2 4.1
      vertex -2.45294 114.918 10.4
      vertex -2.45294 114.918 4.1
    endloop
  endfacet
  facet normal -0.997859 0.0654028 0
    outer loop
      vertex -2.45294 114.918 10.4
      vertex -2.5 114.2 4.1
      vertex -2.5 114.2 10.4
    endloop
  endfacet
  facet normal 0.194619 0.980879 -0
    outer loop
      vertex 60.4235 119.513 4.1
      vertex 59.7179 119.653 10.4
      vertex 60.4235 119.513 10.4
    endloop
  endfacet
  facet normal 0.194619 0.980879 0
    outer loop
      vertex 59.7179 119.653 10.4
      vertex 60.4235 119.513 4.1
      vertex 59.7179 119.653 4.1
    endloop
  endfacet
  facet normal 0.44209 0.896971 -0
    outer loop
      vertex 61.75 118.963 4.1
      vertex 61.1048 119.281 10.4
      vertex 61.75 118.963 10.4
    endloop
  endfacet
  facet normal 0.44209 0.896971 0
    outer loop
      vertex 61.1048 119.281 10.4
      vertex 61.75 118.963 4.1
      vertex 61.1048 119.281 4.1
    endloop
  endfacet
  facet normal 0.659353 -0.751833 0
    outer loop
      vertex 62.3482 -1.36345 4.1
      vertex 62.8891 -0.889084 10.4
      vertex 62.3482 -1.36345 10.4
    endloop
  endfacet
  facet normal 0.659353 -0.751833 0
    outer loop
      vertex 62.8891 -0.889084 10.4
      vertex 62.3482 -1.36345 4.1
      vertex 62.8891 -0.889084 4.1
    endloop
  endfacet
  facet normal 0 0 -1
    outer loop
      vertex 64.4529 2.2821 4.1
      vertex 63.6102 2.39305 4.1
      vertex 63.65 3 4.1
    endloop
  endfacet
  facet normal 0 0 -1
    outer loop
      vertex 64.0813 0.895248 4.1
      vertex 63.4916 1.79649 4.1
      vertex 63.6102 2.39305 4.1
    endloop
  endfacet
  facet normal 0 0 -1
    outer loop
      vertex 63.027 0.675003 4.1
      vertex 63.7631 0.25 4.1
      vertex 63.3634 -0.34819 4.1
    endloop
  endfacet
  facet normal 0 0 -1
    outer loop
      vertex 64.0813 0.895248 4.1
      vertex 63.296 1.22052 4.1
      vertex 63.4916 1.79649 4.1
    endloop
  endfacet
  facet normal 0 0 -1
    outer loop
      vertex 63.7631 0.25 4.1
      vertex 63.027 0.675003 4.1
      vertex 63.296 1.22052 4.1
    endloop
  endfacet
  facet normal 0 0 -1
    outer loop
      vertex 62.6891 0.169266 4.1
      vertex 63.3634 -0.34819 4.1
      vertex 62.8891 -0.889084 4.1
    endloop
  endfacet
  facet normal 0 0 -1
    outer loop
      vertex 63.3634 -0.34819 4.1
      vertex 62.6891 0.169266 4.1
      vertex 63.027 0.675003 4.1
    endloop
  endfacet
  facet normal 0 0 -1
    outer loop
      vertex 62.288 -0.288039 4.1
      vertex 62.8891 -0.889084 4.1
      vertex 62.3482 -1.36345 4.1
    endloop
  endfacet
  facet normal 0 0 -1
    outer loop
      vertex 62.8891 -0.889084 4.1
      vertex 62.288 -0.288039 4.1
      vertex 62.6891 0.169266 4.1
    endloop
  endfacet
  facet normal 0 0 -1
    outer loop
      vertex 62.3482 -1.36345 4.1
      vertex 61.8307 -0.689086 4.1
      vertex 62.288 -0.288039 4.1
    endloop
  endfacet
  facet normal 0 0 -1
    outer loop
      vertex 61.75 -1.76314 4.1
      vertex 61.8307 -0.689086 4.1
      vertex 62.3482 -1.36345 4.1
    endloop
  endfacet
  facet normal 0 0 -1
    outer loop
      vertex 61.75 -1.76314 4.1
      vertex 61.325 -1.02702 4.1
      vertex 61.8307 -0.689086 4.1
    endloop
  endfacet
  facet normal 0 0 -1
    outer loop
      vertex 61.1048 -2.08134 4.1
      vertex 61.325 -1.02702 4.1
      vertex 61.75 -1.76314 4.1
    endloop
  endfacet
  facet normal 0 0 -1
    outer loop
      vertex 61.1048 -2.08134 4.1
      vertex 60.7795 -1.29603 4.1
      vertex 61.325 -1.02702 4.1
    endloop
  endfacet
  facet normal 0 0 -1
    outer loop
      vertex 60.4235 -2.31259 4.1
      vertex 60.7795 -1.29603 4.1
      vertex 61.1048 -2.08134 4.1
    endloop
  endfacet
  facet normal 0 0 -1
    outer loop
      vertex 60.4235 -2.31259 4.1
      vertex 60.2035 -1.49156 4.1
      vertex 60.7795 -1.29603 4.1
    endloop
  endfacet
  facet normal 0 0 -1
    outer loop
      vertex 59.7179 -2.45294 4.1
      vertex 60.2035 -1.49156 4.1
      vertex 60.4235 -2.31259 4.1
    endloop
  endfacet
  facet normal 0 0 -1
    outer loop
      vertex 59.7179 -2.45294 4.1
      vertex 59.6069 -1.61021 4.1
      vertex 60.2035 -1.49156 4.1
    endloop
  endfacet
  facet normal 0 0 -1
    outer loop
      vertex 59 -2.5 4.1
      vertex 59.6069 -1.61021 4.1
      vertex 59.7179 -2.45294 4.1
    endloop
  endfacet
  facet normal 0 0 -1
    outer loop
      vertex 59 -2.5 4.1
      vertex 59 -1.64999 4.1
      vertex 59.6069 -1.61021 4.1
    endloop
  endfacet
  facet normal 0 0 -1
    outer loop
      vertex 3 -2.5 4.1
      vertex 59 -1.64999 4.1
      vertex 59 -2.5 4.1
    endloop
  endfacet
  facet normal 0 0 -1
    outer loop
      vertex 3 -2.5 4.1
      vertex 3 -1.64999 4.1
      vertex 59 -1.64999 4.1
    endloop
  endfacet
  facet normal 0 0 -1
    outer loop
      vertex 3 -2.5 4.1
      vertex 2.39305 -1.61021 4.1
      vertex 3 -1.64999 4.1
    endloop
  endfacet
  facet normal 0 0 -1
    outer loop
      vertex 2.2821 -2.45294 4.1
      vertex 2.39305 -1.61021 4.1
      vertex 3 -2.5 4.1
    endloop
  endfacet
  facet normal 0 0 -1
    outer loop
      vertex 2.2821 -2.45294 4.1
      vertex 1.79649 -1.49156 4.1
      vertex 2.39305 -1.61021 4.1
    endloop
  endfacet
  facet normal 0 0 -1
    outer loop
      vertex 1.57649 -2.31259 4.1
      vertex 1.79649 -1.49156 4.1
      vertex 2.2821 -2.45294 4.1
    endloop
  endfacet
  facet normal 0 0 -1
    outer loop
      vertex 1.57649 -2.31259 4.1
      vertex 1.22052 -1.29603 4.1
      vertex 1.79649 -1.49156 4.1
    endloop
  endfacet
  facet normal 0 0 -1
    outer loop
      vertex 0.895248 -2.08134 4.1
      vertex 1.22052 -1.29603 4.1
      vertex 1.57649 -2.31259 4.1
    endloop
  endfacet
  facet normal 0 0 -1
    outer loop
      vertex 0.895248 -2.08134 4.1
      vertex 0.675003 -1.02702 4.1
      vertex 1.22052 -1.29603 4.1
    endloop
  endfacet
  facet normal 0 0 -1
    outer loop
      vertex 0.25 -1.76314 4.1
      vertex 0.675003 -1.02702 4.1
      vertex 0.895248 -2.08134 4.1
    endloop
  endfacet
  facet normal 0 0 -1
    outer loop
      vertex 0.25 -1.76314 4.1
      vertex 0.169266 -0.689086 4.1
      vertex 0.675003 -1.02702 4.1
    endloop
  endfacet
  facet normal 0 0 -1
    outer loop
      vertex -0.34819 -1.36345 4.1
      vertex 0.169266 -0.689086 4.1
      vertex 0.25 -1.76314 4.1
    endloop
  endfacet
  facet normal -0 0 -1
    outer loop
      vertex 0.169266 -0.689086 4.1
      vertex -0.34819 -1.36345 4.1
      vertex -0.288039 -0.288039 4.1
    endloop
  endfacet
  facet normal 0 0 -1
    outer loop
      vertex -0.889084 -0.889084 4.1
      vertex -0.288039 -0.288039 4.1
      vertex -0.34819 -1.36345 4.1
    endloop
  endfacet
  facet normal -0 0 -1
    outer loop
      vertex -0.288039 -0.288039 4.1
      vertex -0.889084 -0.889084 4.1
      vertex -0.689086 0.169266 4.1
    endloop
  endfacet
  facet normal 0 0 -1
    outer loop
      vertex -1.36345 -0.34819 4.1
      vertex -0.689086 0.169266 4.1
      vertex -0.889084 -0.889084 4.1
    endloop
  endfacet
  facet normal -0 0 -1
    outer loop
      vertex -0.689086 0.169266 4.1
      vertex -1.36345 -0.34819 4.1
      vertex -1.02702 0.675003 4.1
    endloop
  endfacet
  facet normal 0 0 -1
    outer loop
      vertex -1.76314 0.25 4.1
      vertex -1.02702 0.675003 4.1
      vertex -1.36345 -0.34819 4.1
    endloop
  endfacet
  facet normal -0 0 -1
    outer loop
      vertex -1.02702 0.675003 4.1
      vertex -1.76314 0.25 4.1
      vertex -1.29603 1.22052 4.1
    endloop
  endfacet
  facet normal 0 0 -1
    outer loop
      vertex -2.08134 0.895248 4.1
      vertex -1.29603 1.22052 4.1
      vertex -1.76314 0.25 4.1
    endloop
  endfacet
  facet normal -0 0 -1
    outer loop
      vertex -1.49156 1.79649 4.1
      vertex -2.31259 1.57649 4.1
      vertex -1.61021 2.39305 4.1
    endloop
  endfacet
  facet normal 0 0 -1
    outer loop
      vertex -2.31259 1.57649 4.1
      vertex -1.49156 1.79649 4.1
      vertex -2.08134 0.895248 4.1
    endloop
  endfacet
  facet normal -0 0 -1
    outer loop
      vertex -1.29603 1.22052 4.1
      vertex -2.08134 0.895248 4.1
      vertex -1.49156 1.79649 4.1
    endloop
  endfacet
  facet normal 0 0 -1
    outer loop
      vertex 63.65 3 4.1
      vertex 64.5 3 4.1
      vertex 64.4529 2.2821 4.1
    endloop
  endfacet
  facet normal 0 0 -1
    outer loop
      vertex 63.6102 2.39305 4.1
      vertex 64.4529 2.2821 4.1
      vertex 64.3126 1.57649 4.1
    endloop
  endfacet
  facet normal 0 0 -1
    outer loop
      vertex 63.6102 2.39305 4.1
      vertex 64.3126 1.57649 4.1
      vertex 64.0813 0.895248 4.1
    endloop
  endfacet
  facet normal 0 0 -1
    outer loop
      vertex 63.296 1.22052 4.1
      vertex 64.0813 0.895248 4.1
      vertex 63.7631 0.25 4.1
    endloop
  endfacet
  facet normal 0 0 -1
    outer loop
      vertex 64.5 3 4.1
      vertex 63.65 3 4.1
      vertex 64.5 52.6 4.1
    endloop
  endfacet
  facet normal -0 0 -1
    outer loop
      vertex 64.5 52.6 4.1
      vertex 63.65 3 4.1
      vertex 63.65 52.6 4.1
    endloop
  endfacet
  facet normal 0 0 -1
    outer loop
      vertex 63.65 114.2 4.1
      vertex 64.5 114.2 4.1
      vertex 64.5 64.6 4.1
    endloop
  endfacet
  facet normal 0 0 -1
    outer loop
      vertex 64.5 114.2 4.1
      vertex 63.65 114.2 4.1
      vertex 64.4529 114.918 4.1
    endloop
  endfacet
  facet normal 0 0 -1
    outer loop
      vertex 63.6102 114.807 4.1
      vertex 64.4529 114.918 4.1
      vertex 63.65 114.2 4.1
    endloop
  endfacet
  facet normal -0 0 -1
    outer loop
      vertex 64.4529 114.918 4.1
      vertex 63.6102 114.807 4.1
      vertex 64.3126 115.624 4.1
    endloop
  endfacet
  facet normal 0 0 -1
    outer loop
      vertex 63.65 114.2 4.1
      vertex 64.5 64.6 4.1
      vertex 63.65 64.6 4.1
    endloop
  endfacet
  facet normal 0 0 -1
    outer loop
      vertex 63.4916 115.404 4.1
      vertex 64.3126 115.624 4.1
      vertex 63.6102 114.807 4.1
    endloop
  endfacet
  facet normal -0 0 -1
    outer loop
      vertex 64.3126 115.624 4.1
      vertex 63.4916 115.404 4.1
      vertex 64.0813 116.305 4.1
    endloop
  endfacet
  facet normal 0 0 -1
    outer loop
      vertex 63.296 115.979 4.1
      vertex 64.0813 116.305 4.1
      vertex 63.4916 115.404 4.1
    endloop
  endfacet
  facet normal -0 0 -1
    outer loop
      vertex 64.0813 116.305 4.1
      vertex 63.296 115.979 4.1
      vertex 63.7631 116.95 4.1
    endloop
  endfacet
  facet normal 0 0 -1
    outer loop
      vertex 63.027 116.525 4.1
      vertex 63.7631 116.95 4.1
      vertex 63.296 115.979 4.1
    endloop
  endfacet
  facet normal -0 0 -1
    outer loop
      vertex 63.7631 116.95 4.1
      vertex 63.027 116.525 4.1
      vertex 63.3634 117.548 4.1
    endloop
  endfacet
  facet normal 0 0 -1
    outer loop
      vertex 62.6891 117.031 4.1
      vertex 63.3634 117.548 4.1
      vertex 63.027 116.525 4.1
    endloop
  endfacet
  facet normal -0 0 -1
    outer loop
      vertex 63.3634 117.548 4.1
      vertex 62.6891 117.031 4.1
      vertex 62.8891 118.089 4.1
    endloop
  endfacet
  facet normal 0 0 -1
    outer loop
      vertex 62.288 117.488 4.1
      vertex 62.8891 118.089 4.1
      vertex 62.6891 117.031 4.1
    endloop
  endfacet
  facet normal -0 0 -1
    outer loop
      vertex 62.8891 118.089 4.1
      vertex 62.288 117.488 4.1
      vertex 62.3482 118.563 4.1
    endloop
  endfacet
  facet normal 0 0 -1
    outer loop
      vertex 61.8307 117.889 4.1
      vertex 62.3482 118.563 4.1
      vertex 62.288 117.488 4.1
    endloop
  endfacet
  facet normal 0 0 -1
    outer loop
      vertex 61.8307 117.889 4.1
      vertex 61.75 118.963 4.1
      vertex 62.3482 118.563 4.1
    endloop
  endfacet
  facet normal 0 0 -1
    outer loop
      vertex 61.325 118.227 4.1
      vertex 61.75 118.963 4.1
      vertex 61.8307 117.889 4.1
    endloop
  endfacet
  facet normal 0 0 -1
    outer loop
      vertex 61.325 118.227 4.1
      vertex 61.1048 119.281 4.1
      vertex 61.75 118.963 4.1
    endloop
  endfacet
  facet normal 0 0 -1
    outer loop
      vertex 60.7795 118.496 4.1
      vertex 61.1048 119.281 4.1
      vertex 61.325 118.227 4.1
    endloop
  endfacet
  facet normal 0 0 -1
    outer loop
      vertex 60.7795 118.496 4.1
      vertex 60.4235 119.513 4.1
      vertex 61.1048 119.281 4.1
    endloop
  endfacet
  facet normal 0 0 -1
    outer loop
      vertex 60.2035 118.692 4.1
      vertex 60.4235 119.513 4.1
      vertex 60.7795 118.496 4.1
    endloop
  endfacet
  facet normal 0 0 -1
    outer loop
      vertex 60.2035 118.692 4.1
      vertex 59.7179 119.653 4.1
      vertex 60.4235 119.513 4.1
    endloop
  endfacet
  facet normal 0 0 -1
    outer loop
      vertex 59.6069 118.81 4.1
      vertex 59.7179 119.653 4.1
      vertex 60.2035 118.692 4.1
    endloop
  endfacet
  facet normal 0 0 -1
    outer loop
      vertex 59 118.85 4.1
      vertex 59.7179 119.653 4.1
      vertex 59.6069 118.81 4.1
    endloop
  endfacet
  facet normal 0 0 -1
    outer loop
      vertex 59 118.85 4.1
      vertex 59 119.7 4.1
      vertex 59.7179 119.653 4.1
    endloop
  endfacet
  facet normal 0 0 -1
    outer loop
      vertex 3 118.85 4.1
      vertex 59 119.7 4.1
      vertex 59 118.85 4.1
    endloop
  endfacet
  facet normal 0 0 -1
    outer loop
      vertex 3 118.85 4.1
      vertex 3 119.7 4.1
      vertex 59 119.7 4.1
    endloop
  endfacet
  facet normal 0 0 -1
    outer loop
      vertex 2.39305 118.81 4.1
      vertex 3 119.7 4.1
      vertex 3 118.85 4.1
    endloop
  endfacet
  facet normal 0 0 -1
    outer loop
      vertex 2.39305 118.81 4.1
      vertex 2.2821 119.653 4.1
      vertex 3 119.7 4.1
    endloop
  endfacet
  facet normal 0 0 -1
    outer loop
      vertex 1.79649 118.692 4.1
      vertex 2.2821 119.653 4.1
      vertex 2.39305 118.81 4.1
    endloop
  endfacet
  facet normal 0 0 -1
    outer loop
      vertex 1.79649 118.692 4.1
      vertex 1.57649 119.513 4.1
      vertex 2.2821 119.653 4.1
    endloop
  endfacet
  facet normal 0 0 -1
    outer loop
      vertex 1.22052 118.496 4.1
      vertex 1.57649 119.513 4.1
      vertex 1.79649 118.692 4.1
    endloop
  endfacet
  facet normal 0 0 -1
    outer loop
      vertex 1.22052 118.496 4.1
      vertex 0.895248 119.281 4.1
      vertex 1.57649 119.513 4.1
    endloop
  endfacet
  facet normal 0 0 -1
    outer loop
      vertex 0.675003 118.227 4.1
      vertex 0.895248 119.281 4.1
      vertex 1.22052 118.496 4.1
    endloop
  endfacet
  facet normal 0 0 -1
    outer loop
      vertex 0.675003 118.227 4.1
      vertex 0.25 118.963 4.1
      vertex 0.895248 119.281 4.1
    endloop
  endfacet
  facet normal 0 0 -1
    outer loop
      vertex 0.169266 117.889 4.1
      vertex 0.25 118.963 4.1
      vertex 0.675003 118.227 4.1
    endloop
  endfacet
  facet normal 0 0 -1
    outer loop
      vertex -0.34819 118.563 4.1
      vertex 0.169266 117.889 4.1
      vertex -0.288039 117.488 4.1
    endloop
  endfacet
  facet normal 0 0 -1
    outer loop
      vertex 0.169266 117.889 4.1
      vertex -0.34819 118.563 4.1
      vertex 0.25 118.963 4.1
    endloop
  endfacet
  facet normal 0 0 -1
    outer loop
      vertex -0.889084 118.089 4.1
      vertex -0.288039 117.488 4.1
      vertex -0.689086 117.031 4.1
    endloop
  endfacet
  facet normal 0 0 -1
    outer loop
      vertex -0.288039 117.488 4.1
      vertex -0.889084 118.089 4.1
      vertex -0.34819 118.563 4.1
    endloop
  endfacet
  facet normal 0 0 -1
    outer loop
      vertex -1.36345 117.548 4.1
      vertex -0.689086 117.031 4.1
      vertex -1.02702 116.525 4.1
    endloop
  endfacet
  facet normal 0 0 -1
    outer loop
      vertex -1.76314 116.95 4.1
      vertex -1.02702 116.525 4.1
      vertex -1.29603 115.979 4.1
    endloop
  endfacet
  facet normal 0 0 -1
    outer loop
      vertex -0.689086 117.031 4.1
      vertex -1.36345 117.548 4.1
      vertex -0.889084 118.089 4.1
    endloop
  endfacet
  facet normal 0 0 -1
    outer loop
      vertex -2.08134 116.305 4.1
      vertex -1.29603 115.979 4.1
      vertex -1.49156 115.404 4.1
    endloop
  endfacet
  facet normal 0 0 -1
    outer loop
      vertex -2.31259 115.624 4.1
      vertex -1.49156 115.404 4.1
      vertex -1.61021 114.807 4.1
    endloop
  endfacet
  facet normal 0 0 -1
    outer loop
      vertex -1.02702 116.525 4.1
      vertex -1.76314 116.95 4.1
      vertex -1.36345 117.548 4.1
    endloop
  endfacet
  facet normal 0 0 -1
    outer loop
      vertex -2.45294 114.918 4.1
      vertex -1.61021 114.807 4.1
      vertex -1.64999 114.2 4.1
    endloop
  endfacet
  facet normal 0 0 -1
    outer loop
      vertex -1.64999 3 4.1
      vertex -2.5 3 4.1
      vertex -1.64999 114.2 4.1
    endloop
  endfacet
  facet normal 0 0 -1
    outer loop
      vertex -2.45294 2.2821 4.1
      vertex -1.61021 2.39305 4.1
      vertex -2.31259 1.57649 4.1
    endloop
  endfacet
  facet normal 0 0 -1
    outer loop
      vertex -2.5 114.2 4.1
      vertex -1.64999 114.2 4.1
      vertex -2.5 3 4.1
    endloop
  endfacet
  facet normal -0 0 -1
    outer loop
      vertex -1.61021 2.39305 4.1
      vertex -2.45294 2.2821 4.1
      vertex -1.64999 3 4.1
    endloop
  endfacet
  facet normal 0 -0 -1
    outer loop
      vertex -2.45294 114.918 4.1
      vertex -1.64999 114.2 4.1
      vertex -2.5 114.2 4.1
    endloop
  endfacet
  facet normal -0 0 -1
    outer loop
      vertex -1.64999 3 4.1
      vertex -2.45294 2.2821 4.1
      vertex -2.5 3 4.1
    endloop
  endfacet
  facet normal 0 0 -1
    outer loop
      vertex -1.29603 115.979 4.1
      vertex -2.08134 116.305 4.1
      vertex -1.76314 116.95 4.1
    endloop
  endfacet
  facet normal 0 0 -1
    outer loop
      vertex -1.49156 115.404 4.1
      vertex -2.31259 115.624 4.1
      vertex -2.08134 116.305 4.1
    endloop
  endfacet
  facet normal 0 0 -1
    outer loop
      vertex -1.61021 114.807 4.1
      vertex -2.45294 114.918 4.1
      vertex -2.31259 115.624 4.1
    endloop
  endfacet
  facet normal 0.0653911 0.99786 -0
    outer loop
      vertex 3 -0.5 7.24
      vertex 2.54315 -0.470062 8.8
      vertex 3 -0.5 8.8
    endloop
  endfacet
  facet normal 0.0653911 0.99786 0
    outer loop
      vertex 2.54315 -0.470062 8.8
      vertex 3 -0.5 7.24
      vertex 2.54315 -0.470062 7.24
    endloop
  endfacet
  facet normal 0.19511 0.980781 -0
    outer loop
      vertex 2.54315 -0.470062 7.24
      vertex 2.09413 -0.380737 8.8
      vertex 2.54315 -0.470062 8.8
    endloop
  endfacet
  facet normal 0.19511 0.980781 0
    outer loop
      vertex 2.09413 -0.380737 8.8
      vertex 2.54315 -0.470062 7.24
      vertex 2.09413 -0.380737 7.24
    endloop
  endfacet
  facet normal 0.321429 0.946934 -0
    outer loop
      vertex 2.09413 -0.380737 7.24
      vertex 1.66061 -0.233582 8.8
      vertex 2.09413 -0.380737 8.8
    endloop
  endfacet
  facet normal 0.321429 0.946934 0
    outer loop
      vertex 1.66061 -0.233582 8.8
      vertex 2.09413 -0.380737 7.24
      vertex 1.66061 -0.233582 7.24
    endloop
  endfacet
  facet normal 0.442305 0.896865 -0
    outer loop
      vertex 1.66061 -0.233582 7.24
      vertex 1.25 -0.0310822 8.8
      vertex 1.66061 -0.233582 8.8
    endloop
  endfacet
  facet normal 0.442305 0.896865 0
    outer loop
      vertex 1.25 -0.0310822 8.8
      vertex 1.66061 -0.233582 7.24
      vertex 1.25 -0.0310822 7.24
    endloop
  endfacet
  facet normal 0.55557 0.83147 -0
    outer loop
      vertex 1.25 -0.0310822 7.24
      vertex 0.869339 0.223267 8.8
      vertex 1.25 -0.0310822 8.8
    endloop
  endfacet
  facet normal 0.55557 0.83147 0
    outer loop
      vertex 0.869339 0.223267 8.8
      vertex 1.25 -0.0310822 7.24
      vertex 0.869339 0.223267 7.24
    endloop
  endfacet
  facet normal 0.659348 0.751838 -0
    outer loop
      vertex 0.869339 0.223267 7.24
      vertex 0.525131 0.525131 8.8
      vertex 0.869339 0.223267 8.8
    endloop
  endfacet
  facet normal 0.659348 0.751838 0
    outer loop
      vertex 0.525131 0.525131 8.8
      vertex 0.869339 0.223267 7.24
      vertex 0.525131 0.525131 7.24
    endloop
  endfacet
  facet normal 0.751838 0.659348 0
    outer loop
      vertex 0.525131 0.525131 8.8
      vertex 0.223267 0.869339 7.24
      vertex 0.223267 0.869339 8.8
    endloop
  endfacet
  facet normal 0.751838 0.659348 0
    outer loop
      vertex 0.223267 0.869339 7.24
      vertex 0.525131 0.525131 8.8
      vertex 0.525131 0.525131 7.24
    endloop
  endfacet
  facet normal 0.83147 0.55557 0
    outer loop
      vertex 0.223267 0.869339 8.8
      vertex -0.0310822 1.25 7.24
      vertex -0.0310822 1.25 8.8
    endloop
  endfacet
  facet normal 0.83147 0.55557 0
    outer loop
      vertex -0.0310822 1.25 7.24
      vertex 0.223267 0.869339 8.8
      vertex 0.223267 0.869339 7.24
    endloop
  endfacet
  facet normal 0.896865 0.442305 0
    outer loop
      vertex -0.0310822 1.25 8.8
      vertex -0.233582 1.66061 7.24
      vertex -0.233582 1.66061 8.8
    endloop
  endfacet
  facet normal 0.896865 0.442305 0
    outer loop
      vertex -0.233582 1.66061 7.24
      vertex -0.0310822 1.25 8.8
      vertex -0.0310822 1.25 7.24
    endloop
  endfacet
  facet normal 0.946934 0.321429 0
    outer loop
      vertex -0.233582 1.66061 8.8
      vertex -0.380737 2.09413 7.24
      vertex -0.380737 2.09413 8.8
    endloop
  endfacet
  facet normal 0.946934 0.321429 0
    outer loop
      vertex -0.380737 2.09413 7.24
      vertex -0.233582 1.66061 8.8
      vertex -0.233582 1.66061 7.24
    endloop
  endfacet
  facet normal 0.980781 0.19511 0
    outer loop
      vertex -0.380737 2.09413 8.8
      vertex -0.470062 2.54315 7.24
      vertex -0.470062 2.54315 8.8
    endloop
  endfacet
  facet normal 0.980781 0.19511 0
    outer loop
      vertex -0.470062 2.54315 7.24
      vertex -0.380737 2.09413 8.8
      vertex -0.380737 2.09413 7.24
    endloop
  endfacet
  facet normal 0.99786 0.0653911 0
    outer loop
      vertex -0.470062 2.54315 8.8
      vertex -0.5 3 7.24
      vertex -0.5 3 8.8
    endloop
  endfacet
  facet normal 0.99786 0.0653911 0
    outer loop
      vertex -0.5 3 7.24
      vertex -0.470062 2.54315 8.8
      vertex -0.470062 2.54315 7.24
    endloop
  endfacet
  facet normal 1 -0 0
    outer loop
      vertex -0.5 3 8.8
      vertex -0.5 114.2 7.24
      vertex -0.5 114.2 8.8
    endloop
  endfacet
  facet normal 1 0 0
    outer loop
      vertex -0.5 114.2 7.24
      vertex -0.5 3 8.8
      vertex -0.5 3 7.24
    endloop
  endfacet
  facet normal 0.997861 -0.0653697 0
    outer loop
      vertex -0.5 114.2 8.8
      vertex -0.470062 114.657 7.24
      vertex -0.470062 114.657 8.8
    endloop
  endfacet
  facet normal 0.997861 -0.0653697 0
    outer loop
      vertex -0.470062 114.657 7.24
      vertex -0.5 114.2 8.8
      vertex -0.5 114.2 7.24
    endloop
  endfacet
  facet normal 0.98078 -0.195118 0
    outer loop
      vertex -0.470062 114.657 8.8
      vertex -0.380737 115.106 7.24
      vertex -0.380737 115.106 8.8
    endloop
  endfacet
  facet normal 0.98078 -0.195118 0
    outer loop
      vertex -0.380737 115.106 7.24
      vertex -0.470062 114.657 8.8
      vertex -0.470062 114.657 7.24
    endloop
  endfacet
  facet normal 0.946816 -0.321775 0
    outer loop
      vertex -0.380737 115.106 8.8
      vertex -0.233582 115.539 7.24
      vertex -0.233582 115.539 8.8
    endloop
  endfacet
  facet normal 0.946816 -0.321775 0
    outer loop
      vertex -0.233582 115.539 7.24
      vertex -0.380737 115.106 8.8
      vertex -0.380737 115.106 7.24
    endloop
  endfacet
  facet normal 0.897031 -0.441967 0
    outer loop
      vertex -0.233582 115.539 8.8
      vertex -0.0310822 115.95 7.24
      vertex -0.0310822 115.95 8.8
    endloop
  endfacet
  facet normal 0.897031 -0.441967 0
    outer loop
      vertex -0.0310822 115.95 7.24
      vertex -0.233582 115.539 8.8
      vertex -0.233582 115.539 7.24
    endloop
  endfacet
  facet normal 0.831698 -0.555228 0
    outer loop
      vertex -0.0310822 115.95 8.8
      vertex 0.223267 116.331 7.24
      vertex 0.223267 116.331 8.8
    endloop
  endfacet
  facet normal 0.831698 -0.555228 0
    outer loop
      vertex 0.223267 116.331 7.24
      vertex -0.0310822 115.95 8.8
      vertex -0.0310822 115.95 7.24
    endloop
  endfacet
  facet normal 0.75164 -0.659573 0
    outer loop
      vertex 0.223267 116.331 8.8
      vertex 0.525131 116.675 7.24
      vertex 0.525131 116.675 8.8
    endloop
  endfacet
  facet normal 0.75164 -0.659573 0
    outer loop
      vertex 0.525131 116.675 7.24
      vertex 0.223267 116.331 8.8
      vertex 0.223267 116.331 7.24
    endloop
  endfacet
  facet normal 0.659516 -0.751691 0
    outer loop
      vertex 0.525131 116.675 7.24
      vertex 0.869339 116.977 8.8
      vertex 0.525131 116.675 8.8
    endloop
  endfacet
  facet normal 0.659516 -0.751691 0
    outer loop
      vertex 0.869339 116.977 8.8
      vertex 0.525131 116.675 7.24
      vertex 0.869339 116.977 7.24
    endloop
  endfacet
  facet normal 0.555042 -0.831822 0
    outer loop
      vertex 0.869339 116.977 7.24
      vertex 1.25 117.231 8.8
      vertex 0.869339 116.977 8.8
    endloop
  endfacet
  facet normal 0.555042 -0.831822 0
    outer loop
      vertex 1.25 117.231 8.8
      vertex 0.869339 116.977 7.24
      vertex 1.25 117.231 7.24
    endloop
  endfacet
  facet normal 0.443183 -0.896431 0
    outer loop
      vertex 1.25 117.231 7.24
      vertex 1.66061 117.434 8.8
      vertex 1.25 117.231 8.8
    endloop
  endfacet
  facet normal 0.443183 -0.896431 0
    outer loop
      vertex 1.66061 117.434 8.8
      vertex 1.25 117.231 7.24
      vertex 1.66061 117.434 7.24
    endloop
  endfacet
  facet normal 0.321126 -0.947037 0
    outer loop
      vertex 1.66061 117.434 7.24
      vertex 2.09413 117.581 8.8
      vertex 1.66061 117.434 8.8
    endloop
  endfacet
  facet normal 0.321126 -0.947037 0
    outer loop
      vertex 2.09413 117.581 8.8
      vertex 1.66061 117.434 7.24
      vertex 2.09413 117.581 7.24
    endloop
  endfacet
  facet normal 0.194427 -0.980917 0
    outer loop
      vertex 2.09413 117.581 7.24
      vertex 2.54315 117.67 8.8
      vertex 2.09413 117.581 8.8
    endloop
  endfacet
  facet normal 0.194427 -0.980917 0
    outer loop
      vertex 2.54315 117.67 8.8
      vertex 2.09413 117.581 7.24
      vertex 2.54315 117.67 7.24
    endloop
  endfacet
  facet normal 0.0655259 -0.997851 0
    outer loop
      vertex 2.54315 117.67 7.24
      vertex 3 117.7 8.8
      vertex 2.54315 117.67 8.8
    endloop
  endfacet
  facet normal 0.0655259 -0.997851 0
    outer loop
      vertex 3 117.7 8.8
      vertex 2.54315 117.67 7.24
      vertex 3 117.7 7.24
    endloop
  endfacet
  facet normal 0 -1 0
    outer loop
      vertex 3 117.7 7.24
      vertex 59 117.7 8.8
      vertex 3 117.7 8.8
    endloop
  endfacet
  facet normal 0 -1 -0
    outer loop
      vertex 59 117.7 8.8
      vertex 3 117.7 7.24
      vertex 59 117.7 7.24
    endloop
  endfacet
  facet normal -0.0655331 -0.99785 0
    outer loop
      vertex 59 117.7 7.24
      vertex 59.4568 117.67 8.8
      vertex 59 117.7 8.8
    endloop
  endfacet
  facet normal -0.0655331 -0.99785 -0
    outer loop
      vertex 59.4568 117.67 8.8
      vertex 59 117.7 7.24
      vertex 59.4568 117.67 7.24
    endloop
  endfacet
  facet normal -0.194394 -0.980924 0
    outer loop
      vertex 59.4568 117.67 7.24
      vertex 59.9059 117.581 8.8
      vertex 59.4568 117.67 8.8
    endloop
  endfacet
  facet normal -0.194394 -0.980924 -0
    outer loop
      vertex 59.9059 117.581 8.8
      vertex 59.4568 117.67 7.24
      vertex 59.9059 117.581 7.24
    endloop
  endfacet
  facet normal -0.321139 -0.947032 0
    outer loop
      vertex 59.9059 117.581 7.24
      vertex 60.3394 117.434 8.8
      vertex 59.9059 117.581 8.8
    endloop
  endfacet
  facet normal -0.321139 -0.947032 -0
    outer loop
      vertex 60.3394 117.434 8.8
      vertex 59.9059 117.581 7.24
      vertex 60.3394 117.434 7.24
    endloop
  endfacet
  facet normal -0.443192 -0.896427 0
    outer loop
      vertex 60.3394 117.434 7.24
      vertex 60.75 117.231 8.8
      vertex 60.3394 117.434 8.8
    endloop
  endfacet
  facet normal -0.443192 -0.896427 -0
    outer loop
      vertex 60.75 117.231 8.8
      vertex 60.3394 117.434 7.24
      vertex 60.75 117.231 7.24
    endloop
  endfacet
  facet normal -0.555003 -0.831849 0
    outer loop
      vertex 60.75 117.231 7.24
      vertex 61.1307 116.977 8.8
      vertex 60.75 117.231 8.8
    endloop
  endfacet
  facet normal -0.555003 -0.831849 -0
    outer loop
      vertex 61.1307 116.977 8.8
      vertex 60.75 117.231 7.24
      vertex 61.1307 116.977 7.24
    endloop
  endfacet
  facet normal -0.659524 -0.751683 0
    outer loop
      vertex 61.1307 116.977 7.24
      vertex 61.4749 116.675 8.8
      vertex 61.1307 116.977 8.8
    endloop
  endfacet
  facet normal -0.659524 -0.751683 -0
    outer loop
      vertex 61.4749 116.675 8.8
      vertex 61.1307 116.977 7.24
      vertex 61.4749 116.675 7.24
    endloop
  endfacet
  facet normal -0.75171 -0.659494 0
    outer loop
      vertex 61.7767 116.331 7.24
      vertex 61.4749 116.675 8.8
      vertex 61.4749 116.675 7.24
    endloop
  endfacet
  facet normal -0.75171 -0.659494 0
    outer loop
      vertex 61.4749 116.675 8.8
      vertex 61.7767 116.331 7.24
      vertex 61.7767 116.331 8.8
    endloop
  endfacet
  facet normal -0.831647 -0.555305 0
    outer loop
      vertex 62.0311 115.95 7.24
      vertex 61.7767 116.331 8.8
      vertex 61.7767 116.331 7.24
    endloop
  endfacet
  facet normal -0.831647 -0.555305 0
    outer loop
      vertex 61.7767 116.331 8.8
      vertex 62.0311 115.95 7.24
      vertex 62.0311 115.95 8.8
    endloop
  endfacet
  facet normal -0.897031 -0.441968 0
    outer loop
      vertex 62.2336 115.539 7.24
      vertex 62.0311 115.95 8.8
      vertex 62.0311 115.95 7.24
    endloop
  endfacet
  facet normal -0.897031 -0.441968 0
    outer loop
      vertex 62.0311 115.95 8.8
      vertex 62.2336 115.539 7.24
      vertex 62.2336 115.539 8.8
    endloop
  endfacet
  facet normal -0.946853 -0.321668 0
    outer loop
      vertex 62.3807 115.106 7.24
      vertex 62.2336 115.539 8.8
      vertex 62.2336 115.539 7.24
    endloop
  endfacet
  facet normal -0.946853 -0.321668 0
    outer loop
      vertex 62.2336 115.539 8.8
      vertex 62.3807 115.106 7.24
      vertex 62.3807 115.106 8.8
    endloop
  endfacet
  facet normal -0.980748 -0.195276 0
    outer loop
      vertex 62.4701 114.657 7.24
      vertex 62.3807 115.106 8.8
      vertex 62.3807 115.106 7.24
    endloop
  endfacet
  facet normal -0.980748 -0.195276 0
    outer loop
      vertex 62.3807 115.106 8.8
      vertex 62.4701 114.657 7.24
      vertex 62.4701 114.657 8.8
    endloop
  endfacet
  facet normal -0.997867 -0.0652871 0
    outer loop
      vertex 62.5 114.2 7.24
      vertex 62.4701 114.657 8.8
      vertex 62.4701 114.657 7.24
    endloop
  endfacet
  facet normal -0.997867 -0.0652871 0
    outer loop
      vertex 62.4701 114.657 8.8
      vertex 62.5 114.2 7.24
      vertex 62.5 114.2 8.8
    endloop
  endfacet
  facet normal -1 0 0
    outer loop
      vertex 62.5 3 7.24
      vertex 62.5 114.2 8.8
      vertex 62.5 114.2 7.24
    endloop
  endfacet
  facet normal -1 -0 0
    outer loop
      vertex 62.5 114.2 8.8
      vertex 62.5 3 7.24
      vertex 62.5 3 8.8
    endloop
  endfacet
  facet normal -0.997865 0.0653085 0
    outer loop
      vertex 62.4701 2.54315 7.24
      vertex 62.5 3 8.8
      vertex 62.5 3 7.24
    endloop
  endfacet
  facet normal -0.997865 0.0653085 0
    outer loop
      vertex 62.5 3 8.8
      vertex 62.4701 2.54315 7.24
      vertex 62.4701 2.54315 8.8
    endloop
  endfacet
  facet normal -0.98075 0.195268 0
    outer loop
      vertex 62.3807 2.09413 7.24
      vertex 62.4701 2.54315 8.8
      vertex 62.4701 2.54315 7.24
    endloop
  endfacet
  facet normal -0.98075 0.195268 0
    outer loop
      vertex 62.4701 2.54315 8.8
      vertex 62.3807 2.09413 7.24
      vertex 62.3807 2.09413 8.8
    endloop
  endfacet
  facet normal -0.94697 0.321322 0
    outer loop
      vertex 62.2336 1.66061 7.24
      vertex 62.3807 2.09413 8.8
      vertex 62.3807 2.09413 7.24
    endloop
  endfacet
  facet normal -0.94697 0.321322 0
    outer loop
      vertex 62.3807 2.09413 8.8
      vertex 62.2336 1.66061 7.24
      vertex 62.2336 1.66061 8.8
    endloop
  endfacet
  facet normal -0.896864 0.442305 0
    outer loop
      vertex 62.0311 1.25 7.24
      vertex 62.2336 1.66061 8.8
      vertex 62.2336 1.66061 7.24
    endloop
  endfacet
  facet normal -0.896864 0.442305 0
    outer loop
      vertex 62.2336 1.66061 8.8
      vertex 62.0311 1.25 7.24
      vertex 62.0311 1.25 8.8
    endloop
  endfacet
  facet normal -0.831419 0.555646 0
    outer loop
      vertex 61.7767 0.869339 7.24
      vertex 62.0311 1.25 8.8
      vertex 62.0311 1.25 7.24
    endloop
  endfacet
  facet normal -0.831419 0.555646 0
    outer loop
      vertex 62.0311 1.25 8.8
      vertex 61.7767 0.869339 7.24
      vertex 61.7767 0.869339 8.8
    endloop
  endfacet
  facet normal -0.751907 0.659269 0
    outer loop
      vertex 61.4749 0.525131 7.24
      vertex 61.7767 0.869339 8.8
      vertex 61.7767 0.869339 7.24
    endloop
  endfacet
  facet normal -0.751907 0.659269 0
    outer loop
      vertex 61.7767 0.869339 8.8
      vertex 61.4749 0.525131 7.24
      vertex 61.4749 0.525131 8.8
    endloop
  endfacet
  facet normal -0.659357 0.75183 0
    outer loop
      vertex 61.4749 0.525131 7.24
      vertex 61.1307 0.223267 8.8
      vertex 61.4749 0.525131 8.8
    endloop
  endfacet
  facet normal -0.659357 0.75183 0
    outer loop
      vertex 61.1307 0.223267 8.8
      vertex 61.4749 0.525131 7.24
      vertex 61.1307 0.223267 7.24
    endloop
  endfacet
  facet normal -0.55553 0.831496 0
    outer loop
      vertex 61.1307 0.223267 7.24
      vertex 60.75 -0.0310822 8.8
      vertex 61.1307 0.223267 8.8
    endloop
  endfacet
  facet normal -0.55553 0.831496 0
    outer loop
      vertex 60.75 -0.0310822 8.8
      vertex 61.1307 0.223267 7.24
      vertex 60.75 -0.0310822 7.24
    endloop
  endfacet
  facet normal -0.442314 0.89686 0
    outer loop
      vertex 60.75 -0.0310822 7.24
      vertex 60.3394 -0.233582 8.8
      vertex 60.75 -0.0310822 8.8
    endloop
  endfacet
  facet normal -0.442314 0.89686 0
    outer loop
      vertex 60.3394 -0.233582 8.8
      vertex 60.75 -0.0310822 7.24
      vertex 60.3394 -0.233582 7.24
    endloop
  endfacet
  facet normal -0.321443 0.946929 0
    outer loop
      vertex 60.3394 -0.233582 7.24
      vertex 59.9059 -0.380737 8.8
      vertex 60.3394 -0.233582 8.8
    endloop
  endfacet
  facet normal -0.321443 0.946929 0
    outer loop
      vertex 59.9059 -0.380737 8.8
      vertex 60.3394 -0.233582 7.24
      vertex 59.9059 -0.380737 7.24
    endloop
  endfacet
  facet normal -0.195077 0.980788 0
    outer loop
      vertex 59.9059 -0.380737 7.24
      vertex 59.4568 -0.470062 8.8
      vertex 59.9059 -0.380737 8.8
    endloop
  endfacet
  facet normal -0.195077 0.980788 0
    outer loop
      vertex 59.4568 -0.470062 8.8
      vertex 59.9059 -0.380737 7.24
      vertex 59.4568 -0.470062 7.24
    endloop
  endfacet
  facet normal -0.0653982 0.997859 0
    outer loop
      vertex 59.4568 -0.470062 7.24
      vertex 59 -0.5 8.8
      vertex 59.4568 -0.470062 8.8
    endloop
  endfacet
  facet normal -0.0653982 0.997859 0
    outer loop
      vertex 59 -0.5 8.8
      vertex 59.4568 -0.470062 7.24
      vertex 59 -0.5 7.24
    endloop
  endfacet
  facet normal 0 1 -0
    outer loop
      vertex 59 -0.5 7.24
      vertex 3 -0.5 8.8
      vertex 59 -0.5 8.8
    endloop
  endfacet
  facet normal 0 1 0
    outer loop
      vertex 3 -0.5 8.8
      vertex 59 -0.5 7.24
      vertex 3 -0.5 7.24
    endloop
  endfacet
  facet normal 0.321477 0 -0.946918
    outer loop
      vertex -1.86048 43.1 6.10813
      vertex -1.79235 74.1 6.13126
      vertex -1.79235 43.1 6.13126
    endloop
  endfacet
  facet normal 0.321477 0 -0.946918
    outer loop
      vertex -1.79235 74.1 6.13126
      vertex -1.86048 43.1 6.10813
      vertex -1.86048 74.1 6.10813
    endloop
  endfacet
  facet normal 0 0 -1
    outer loop
      vertex -1.65 43.1 6.15
      vertex -1.64999 74.1 6.15
      vertex -1.64999 43.1 6.15
    endloop
  endfacet
  facet normal -0 0 -1
    outer loop
      vertex -1.64999 74.1 6.15
      vertex -1.65 43.1 6.15
      vertex -1.65 74.1 6.15
    endloop
  endfacet
  facet normal 0.751879 0 -0.659301
    outer loop
      vertex -2.03891 43.1 5.98891
      vertex -2.08634 74.1 5.93482
      vertex -2.03891 74.1 5.98891
    endloop
  endfacet
  facet normal 0.751879 0 -0.659301
    outer loop
      vertex -2.08634 74.1 5.93482
      vertex -2.03891 43.1 5.98891
      vertex -2.08634 43.1 5.93482
    endloop
  endfacet
  facet normal 0.659301 0 -0.751879
    outer loop
      vertex -2.03891 43.1 5.98891
      vertex -1.98482 74.1 6.03634
      vertex -1.98482 43.1 6.03634
    endloop
  endfacet
  facet normal 0.659301 0 -0.751879
    outer loop
      vertex -1.98482 74.1 6.03634
      vertex -2.03891 43.1 5.98891
      vertex -2.03891 74.1 5.98891
    endloop
  endfacet
  facet normal 0.659301 0 0.751879
    outer loop
      vertex -2.03891 74.1 5.21109
      vertex -1.98482 43.1 5.16366
      vertex -1.98482 74.1 5.16366
    endloop
  endfacet
  facet normal 0.659301 0 0.751879
    outer loop
      vertex -1.98482 43.1 5.16366
      vertex -2.03891 74.1 5.21109
      vertex -2.03891 43.1 5.21109
    endloop
  endfacet
  facet normal 0 -1 0
    outer loop
      vertex -1.72179 74.1 6.14529
      vertex -1.64999 74.1 6.15
      vertex -1.65 74.1 6.15
    endloop
  endfacet
  facet normal 0 -1 0
    outer loop
      vertex -1.79235 74.1 6.13126
      vertex -1.64999 74.1 6.15
      vertex -1.72179 74.1 6.14529
    endloop
  endfacet
  facet normal 0 -1 0
    outer loop
      vertex -1.86048 74.1 6.10813
      vertex -1.64999 74.1 6.15
      vertex -1.79235 74.1 6.13126
    endloop
  endfacet
  facet normal 0 -1 0
    outer loop
      vertex -1.925 74.1 6.07631
      vertex -1.64999 74.1 6.15
      vertex -1.86048 74.1 6.10813
    endloop
  endfacet
  facet normal 0 -1 0
    outer loop
      vertex -1.98482 74.1 6.03634
      vertex -1.64999 74.1 6.15
      vertex -1.925 74.1 6.07631
    endloop
  endfacet
  facet normal 0 -1 0
    outer loop
      vertex -2.03891 74.1 5.98891
      vertex -1.64999 74.1 6.15
      vertex -1.98482 74.1 6.03634
    endloop
  endfacet
  facet normal 0 -1 0
    outer loop
      vertex -2.08634 74.1 5.93482
      vertex -1.64999 74.1 6.15
      vertex -2.03891 74.1 5.98891
    endloop
  endfacet
  facet normal 0 -1 0
    outer loop
      vertex -2.12631 74.1 5.875
      vertex -1.64999 74.1 6.15
      vertex -2.08634 74.1 5.93482
    endloop
  endfacet
  facet normal 0 -1 0
    outer loop
      vertex -2.15813 74.1 5.81048
      vertex -1.64999 74.1 6.15
      vertex -2.12631 74.1 5.875
    endloop
  endfacet
  facet normal 0 -1 0
    outer loop
      vertex -2.18126 74.1 5.74235
      vertex -1.64999 74.1 6.15
      vertex -2.15813 74.1 5.81048
    endloop
  endfacet
  facet normal 0 -1 0
    outer loop
      vertex -2.19529 74.1 5.67179
      vertex -1.64999 74.1 6.15
      vertex -2.18126 74.1 5.74235
    endloop
  endfacet
  facet normal 0 -1 0
    outer loop
      vertex -2.2 74.1 5.6
      vertex -1.64999 74.1 6.15
      vertex -2.19529 74.1 5.67179
    endloop
  endfacet
  facet normal 0 -1 0
    outer loop
      vertex -2.19529 74.1 5.52821
      vertex -1.64999 74.1 6.15
      vertex -2.2 74.1 5.6
    endloop
  endfacet
  facet normal 0 -1 0
    outer loop
      vertex -2.18126 74.1 5.45765
      vertex -1.64999 74.1 6.15
      vertex -2.19529 74.1 5.52821
    endloop
  endfacet
  facet normal 0 -1 0
    outer loop
      vertex -2.15813 74.1 5.38952
      vertex -1.64999 74.1 6.15
      vertex -2.18126 74.1 5.45765
    endloop
  endfacet
  facet normal 0 -1 0
    outer loop
      vertex -2.12631 74.1 5.325
      vertex -1.64999 74.1 6.15
      vertex -2.15813 74.1 5.38952
    endloop
  endfacet
  facet normal 0 -1 0
    outer loop
      vertex -2.08634 74.1 5.26518
      vertex -1.64999 74.1 6.15
      vertex -2.12631 74.1 5.325
    endloop
  endfacet
  facet normal 0 -1 0
    outer loop
      vertex -2.03891 74.1 5.21109
      vertex -1.64999 74.1 6.15
      vertex -2.08634 74.1 5.26518
    endloop
  endfacet
  facet normal 0 -1 0
    outer loop
      vertex -1.98482 74.1 5.16366
      vertex -1.64999 74.1 6.15
      vertex -2.03891 74.1 5.21109
    endloop
  endfacet
  facet normal 0 -1 0
    outer loop
      vertex -1.925 74.1 5.12369
      vertex -1.64999 74.1 6.15
      vertex -1.98482 74.1 5.16366
    endloop
  endfacet
  facet normal 0 -1 0
    outer loop
      vertex -1.86048 74.1 5.09187
      vertex -1.64999 74.1 6.15
      vertex -1.925 74.1 5.12369
    endloop
  endfacet
  facet normal 0 -1 0
    outer loop
      vertex -1.79235 74.1 5.06874
      vertex -1.64999 74.1 6.15
      vertex -1.86048 74.1 5.09187
    endloop
  endfacet
  facet normal 0 -1 0
    outer loop
      vertex -1.72179 74.1 5.0547
      vertex -1.64999 74.1 6.15
      vertex -1.79235 74.1 5.06874
    endloop
  endfacet
  facet normal 0 -1 0
    outer loop
      vertex -1.72179 74.1 5.0547
      vertex -1.64999 74.1 5.05
      vertex -1.64999 74.1 6.15
    endloop
  endfacet
  facet normal 0 -1 0
    outer loop
      vertex -1.64999 74.1 5.05
      vertex -1.72179 74.1 5.0547
      vertex -1.65 74.1 5.05
    endloop
  endfacet
  facet normal 0.997855 0 -0.0654673
    outer loop
      vertex -2.19529 43.1 5.67179
      vertex -2.2 74.1 5.6
      vertex -2.19529 74.1 5.67179
    endloop
  endfacet
  facet normal 0.997855 0 -0.0654673
    outer loop
      vertex -2.2 74.1 5.6
      vertex -2.19529 43.1 5.67179
      vertex -2.2 43.1 5.6
    endloop
  endfacet
  facet normal 0.946918 0 -0.321477
    outer loop
      vertex -2.15813 43.1 5.81048
      vertex -2.18126 74.1 5.74235
      vertex -2.15813 74.1 5.81048
    endloop
  endfacet
  facet normal 0.946918 0 -0.321477
    outer loop
      vertex -2.18126 74.1 5.74235
      vertex -2.15813 43.1 5.81048
      vertex -2.18126 43.1 5.74235
    endloop
  endfacet
  facet normal 0.555566 0 -0.831472
    outer loop
      vertex -1.98482 43.1 6.03634
      vertex -1.925 74.1 6.07631
      vertex -1.925 43.1 6.07631
    endloop
  endfacet
  facet normal 0.555566 0 -0.831472
    outer loop
      vertex -1.925 74.1 6.07631
      vertex -1.98482 43.1 6.03634
      vertex -1.98482 74.1 6.03634
    endloop
  endfacet
  facet normal 0.442314 0 -0.89686
    outer loop
      vertex -1.925 43.1 6.07631
      vertex -1.86048 74.1 6.10813
      vertex -1.86048 43.1 6.10813
    endloop
  endfacet
  facet normal 0.442314 0 -0.89686
    outer loop
      vertex -1.86048 74.1 6.10813
      vertex -1.925 43.1 6.07631
      vertex -1.925 74.1 6.07631
    endloop
  endfacet
  facet normal 0.0653289 0 0.997864
    outer loop
      vertex -1.72179 74.1 5.0547
      vertex -1.65 43.1 5.05
      vertex -1.65 74.1 5.05
    endloop
  endfacet
  facet normal 0.0653289 0 0.997864
    outer loop
      vertex -1.65 43.1 5.05
      vertex -1.72179 74.1 5.0547
      vertex -1.72179 43.1 5.0547
    endloop
  endfacet
  facet normal 0.321477 0 0.946918
    outer loop
      vertex -1.86048 74.1 5.09187
      vertex -1.79235 43.1 5.06874
      vertex -1.79235 74.1 5.06874
    endloop
  endfacet
  facet normal 0.321477 0 0.946918
    outer loop
      vertex -1.79235 43.1 5.06874
      vertex -1.86048 74.1 5.09187
      vertex -1.86048 43.1 5.09187
    endloop
  endfacet
  facet normal 0.946918 -0 0.321477
    outer loop
      vertex -2.18126 43.1 5.45765
      vertex -2.15813 74.1 5.38952
      vertex -2.18126 74.1 5.45765
    endloop
  endfacet
  facet normal 0.946918 0 0.321477
    outer loop
      vertex -2.15813 74.1 5.38952
      vertex -2.18126 43.1 5.45765
      vertex -2.15813 43.1 5.38952
    endloop
  endfacet
  facet normal 0.751879 -0 0.659301
    outer loop
      vertex -2.08634 43.1 5.26518
      vertex -2.03891 74.1 5.21109
      vertex -2.08634 74.1 5.26518
    endloop
  endfacet
  facet normal 0.751879 0 0.659301
    outer loop
      vertex -2.03891 74.1 5.21109
      vertex -2.08634 43.1 5.26518
      vertex -2.03891 43.1 5.21109
    endloop
  endfacet
  facet normal 0.89686 -0 0.442314
    outer loop
      vertex -2.15813 43.1 5.38952
      vertex -2.12631 74.1 5.325
      vertex -2.15813 74.1 5.38952
    endloop
  endfacet
  facet normal 0.89686 0 0.442314
    outer loop
      vertex -2.12631 74.1 5.325
      vertex -2.15813 43.1 5.38952
      vertex -2.12631 43.1 5.325
    endloop
  endfacet
  facet normal 0 1 0
    outer loop
      vertex -1.64999 43.1 6.15
      vertex -1.72179 43.1 6.14529
      vertex -1.65 43.1 6.15
    endloop
  endfacet
  facet normal 0 1 0
    outer loop
      vertex -1.64999 43.1 6.15
      vertex -1.79235 43.1 6.13126
      vertex -1.72179 43.1 6.14529
    endloop
  endfacet
  facet normal 0 1 0
    outer loop
      vertex -1.64999 43.1 6.15
      vertex -1.86048 43.1 6.10813
      vertex -1.79235 43.1 6.13126
    endloop
  endfacet
  facet normal 0 1 0
    outer loop
      vertex -1.64999 43.1 6.15
      vertex -1.925 43.1 6.07631
      vertex -1.86048 43.1 6.10813
    endloop
  endfacet
  facet normal 0 1 0
    outer loop
      vertex -1.64999 43.1 6.15
      vertex -1.98482 43.1 6.03634
      vertex -1.925 43.1 6.07631
    endloop
  endfacet
  facet normal 0 1 0
    outer loop
      vertex -1.64999 43.1 6.15
      vertex -2.03891 43.1 5.98891
      vertex -1.98482 43.1 6.03634
    endloop
  endfacet
  facet normal 0 1 0
    outer loop
      vertex -1.64999 43.1 6.15
      vertex -2.08634 43.1 5.93482
      vertex -2.03891 43.1 5.98891
    endloop
  endfacet
  facet normal 0 1 0
    outer loop
      vertex -1.64999 43.1 6.15
      vertex -2.12631 43.1 5.875
      vertex -2.08634 43.1 5.93482
    endloop
  endfacet
  facet normal 0 1 0
    outer loop
      vertex -1.64999 43.1 6.15
      vertex -2.15813 43.1 5.81048
      vertex -2.12631 43.1 5.875
    endloop
  endfacet
  facet normal 0 1 0
    outer loop
      vertex -1.64999 43.1 6.15
      vertex -2.18126 43.1 5.74235
      vertex -2.15813 43.1 5.81048
    endloop
  endfacet
  facet normal 0 1 0
    outer loop
      vertex -1.64999 43.1 6.15
      vertex -2.19529 43.1 5.67179
      vertex -2.18126 43.1 5.74235
    endloop
  endfacet
  facet normal 0 1 0
    outer loop
      vertex -1.64999 43.1 6.15
      vertex -2.2 43.1 5.6
      vertex -2.19529 43.1 5.67179
    endloop
  endfacet
  facet normal 0 1 0
    outer loop
      vertex -1.64999 43.1 6.15
      vertex -2.19529 43.1 5.52821
      vertex -2.2 43.1 5.6
    endloop
  endfacet
  facet normal 0 1 0
    outer loop
      vertex -1.64999 43.1 6.15
      vertex -2.18126 43.1 5.45765
      vertex -2.19529 43.1 5.52821
    endloop
  endfacet
  facet normal 0 1 0
    outer loop
      vertex -1.64999 43.1 6.15
      vertex -2.15813 43.1 5.38952
      vertex -2.18126 43.1 5.45765
    endloop
  endfacet
  facet normal 0 1 0
    outer loop
      vertex -1.64999 43.1 6.15
      vertex -2.12631 43.1 5.325
      vertex -2.15813 43.1 5.38952
    endloop
  endfacet
  facet normal 0 1 0
    outer loop
      vertex -1.64999 43.1 6.15
      vertex -2.08634 43.1 5.26518
      vertex -2.12631 43.1 5.325
    endloop
  endfacet
  facet normal 0 1 0
    outer loop
      vertex -1.64999 43.1 6.15
      vertex -2.03891 43.1 5.21109
      vertex -2.08634 43.1 5.26518
    endloop
  endfacet
  facet normal 0 1 0
    outer loop
      vertex -1.64999 43.1 6.15
      vertex -1.98482 43.1 5.16366
      vertex -2.03891 43.1 5.21109
    endloop
  endfacet
  facet normal 0 1 0
    outer loop
      vertex -1.64999 43.1 6.15
      vertex -1.925 43.1 5.12369
      vertex -1.98482 43.1 5.16366
    endloop
  endfacet
  facet normal 0 1 0
    outer loop
      vertex -1.64999 43.1 6.15
      vertex -1.86048 43.1 5.09187
      vertex -1.925 43.1 5.12369
    endloop
  endfacet
  facet normal 0 1 0
    outer loop
      vertex -1.64999 43.1 6.15
      vertex -1.79235 43.1 5.06874
      vertex -1.86048 43.1 5.09187
    endloop
  endfacet
  facet normal 0 1 0
    outer loop
      vertex -1.64999 43.1 6.15
      vertex -1.72179 43.1 5.0547
      vertex -1.79235 43.1 5.06874
    endloop
  endfacet
  facet normal 0 1 -0
    outer loop
      vertex -1.64999 43.1 5.05
      vertex -1.72179 43.1 5.0547
      vertex -1.64999 43.1 6.15
    endloop
  endfacet
  facet normal 0 1 0
    outer loop
      vertex -1.72179 43.1 5.0547
      vertex -1.64999 43.1 5.05
      vertex -1.65 43.1 5.05
    endloop
  endfacet
  facet normal 0.980799 0 -0.19502
    outer loop
      vertex -2.18126 43.1 5.74235
      vertex -2.19529 74.1 5.67179
      vertex -2.18126 74.1 5.74235
    endloop
  endfacet
  facet normal 0.980799 0 -0.19502
    outer loop
      vertex -2.19529 74.1 5.67179
      vertex -2.18126 43.1 5.74235
      vertex -2.19529 43.1 5.67179
    endloop
  endfacet
  facet normal 0.831472 0 -0.555566
    outer loop
      vertex -2.08634 43.1 5.93482
      vertex -2.12631 74.1 5.875
      vertex -2.08634 74.1 5.93482
    endloop
  endfacet
  facet normal 0.831472 0 -0.555566
    outer loop
      vertex -2.12631 74.1 5.875
      vertex -2.08634 43.1 5.93482
      vertex -2.12631 43.1 5.875
    endloop
  endfacet
  facet normal 0.89686 0 -0.442314
    outer loop
      vertex -2.12631 43.1 5.875
      vertex -2.15813 74.1 5.81048
      vertex -2.12631 74.1 5.875
    endloop
  endfacet
  facet normal 0.89686 0 -0.442314
    outer loop
      vertex -2.15813 74.1 5.81048
      vertex -2.12631 43.1 5.875
      vertex -2.15813 43.1 5.81048
    endloop
  endfacet
  facet normal 0.0654673 0 -0.997855
    outer loop
      vertex -1.72179 43.1 6.14529
      vertex -1.65 74.1 6.15
      vertex -1.65 43.1 6.15
    endloop
  endfacet
  facet normal 0.0654673 0 -0.997855
    outer loop
      vertex -1.65 74.1 6.15
      vertex -1.72179 43.1 6.14529
      vertex -1.72179 74.1 6.14529
    endloop
  endfacet
  facet normal 0.19502 0 -0.980799
    outer loop
      vertex -1.79235 43.1 6.13126
      vertex -1.72179 74.1 6.14529
      vertex -1.72179 43.1 6.14529
    endloop
  endfacet
  facet normal 0.19502 0 -0.980799
    outer loop
      vertex -1.72179 74.1 6.14529
      vertex -1.79235 43.1 6.13126
      vertex -1.79235 74.1 6.13126
    endloop
  endfacet
  facet normal -0 0 1
    outer loop
      vertex -1.65 74.1 5.05
      vertex -1.64999 43.1 5.05
      vertex -1.64999 74.1 5.05
    endloop
  endfacet
  facet normal 0 0 1
    outer loop
      vertex -1.64999 43.1 5.05
      vertex -1.65 74.1 5.05
      vertex -1.65 43.1 5.05
    endloop
  endfacet
  facet normal 0.195154 0 0.980773
    outer loop
      vertex -1.79235 74.1 5.06874
      vertex -1.72179 43.1 5.0547
      vertex -1.72179 74.1 5.0547
    endloop
  endfacet
  facet normal 0.195154 0 0.980773
    outer loop
      vertex -1.72179 43.1 5.0547
      vertex -1.79235 74.1 5.06874
      vertex -1.79235 43.1 5.06874
    endloop
  endfacet
  facet normal 0.555566 0 0.831472
    outer loop
      vertex -1.98482 74.1 5.16366
      vertex -1.925 43.1 5.12369
      vertex -1.925 74.1 5.12369
    endloop
  endfacet
  facet normal 0.555566 0 0.831472
    outer loop
      vertex -1.925 43.1 5.12369
      vertex -1.98482 74.1 5.16366
      vertex -1.98482 43.1 5.16366
    endloop
  endfacet
  facet normal 0.442314 0 0.89686
    outer loop
      vertex -1.925 74.1 5.12369
      vertex -1.86048 43.1 5.09187
      vertex -1.86048 74.1 5.09187
    endloop
  endfacet
  facet normal 0.442314 0 0.89686
    outer loop
      vertex -1.86048 43.1 5.09187
      vertex -1.925 74.1 5.12369
      vertex -1.925 43.1 5.12369
    endloop
  endfacet
  facet normal 0.997855 -0 0.0654673
    outer loop
      vertex -2.2 43.1 5.6
      vertex -2.19529 74.1 5.52821
      vertex -2.2 74.1 5.6
    endloop
  endfacet
  facet normal 0.997855 0 0.0654673
    outer loop
      vertex -2.19529 74.1 5.52821
      vertex -2.2 43.1 5.6
      vertex -2.19529 43.1 5.52821
    endloop
  endfacet
  facet normal 0.980799 -0 0.19502
    outer loop
      vertex -2.19529 43.1 5.52821
      vertex -2.18126 74.1 5.45765
      vertex -2.19529 74.1 5.52821
    endloop
  endfacet
  facet normal 0.980799 0 0.19502
    outer loop
      vertex -2.18126 74.1 5.45765
      vertex -2.19529 43.1 5.52821
      vertex -2.18126 43.1 5.45765
    endloop
  endfacet
  facet normal 0.831472 -0 0.555566
    outer loop
      vertex -2.12631 43.1 5.325
      vertex -2.08634 74.1 5.26518
      vertex -2.12631 74.1 5.325
    endloop
  endfacet
  facet normal 0.831472 0 0.555566
    outer loop
      vertex -2.08634 74.1 5.26518
      vertex -2.12631 43.1 5.325
      vertex -2.08634 43.1 5.26518
    endloop
  endfacet
  facet normal -0.997864 0 -0.0653289
    outer loop
      vertex 64.2 43.1 5.6
      vertex 64.1953 74.1 5.67179
      vertex 64.2 74.1 5.6
    endloop
  endfacet
  facet normal -0.997864 -0 -0.0653289
    outer loop
      vertex 64.1953 74.1 5.67179
      vertex 64.2 43.1 5.6
      vertex 64.1953 43.1 5.67179
    endloop
  endfacet
  facet normal -0.442424 0 -0.896806
    outer loop
      vertex 63.8605 43.1 6.10813
      vertex 63.925 74.1 6.07631
      vertex 63.925 43.1 6.07631
    endloop
  endfacet
  facet normal -0.442424 0 -0.896806
    outer loop
      vertex 63.925 74.1 6.07631
      vertex 63.8605 43.1 6.10813
      vertex 63.8605 74.1 6.10813
    endloop
  endfacet
  facet normal -0.946621 0 -0.322349
    outer loop
      vertex 64.1813 43.1 5.74235
      vertex 64.1581 74.1 5.81048
      vertex 64.1813 74.1 5.74235
    endloop
  endfacet
  facet normal -0.946621 -0 -0.322349
    outer loop
      vertex 64.1581 74.1 5.81048
      vertex 64.1813 43.1 5.74235
      vertex 64.1581 43.1 5.81048
    endloop
  endfacet
  facet normal -0.896971 0 -0.44209
    outer loop
      vertex 64.1581 43.1 5.81048
      vertex 64.1263 74.1 5.875
      vertex 64.1581 74.1 5.81048
    endloop
  endfacet
  facet normal -0.896971 -0 -0.44209
    outer loop
      vertex 64.1263 74.1 5.875
      vertex 64.1581 43.1 5.81048
      vertex 64.1263 43.1 5.875
    endloop
  endfacet
  facet normal -0.321604 0 -0.946874
    outer loop
      vertex 63.7924 43.1 6.13126
      vertex 63.8605 74.1 6.10813
      vertex 63.8605 43.1 6.10813
    endloop
  endfacet
  facet normal -0.321604 0 -0.946874
    outer loop
      vertex 63.8605 74.1 6.10813
      vertex 63.7924 43.1 6.13126
      vertex 63.7924 74.1 6.13126
    endloop
  endfacet
  facet normal -0.0654582 0 -0.997855
    outer loop
      vertex 63.65 43.1 6.15
      vertex 63.7218 74.1 6.14529
      vertex 63.7218 43.1 6.14529
    endloop
  endfacet
  facet normal -0.0654582 0 -0.997855
    outer loop
      vertex 63.7218 74.1 6.14529
      vertex 63.65 43.1 6.15
      vertex 63.65 74.1 6.15
    endloop
  endfacet
  facet normal -0.321604 0 0.946874
    outer loop
      vertex 63.7924 74.1 5.06874
      vertex 63.8605 43.1 5.09187
      vertex 63.8605 74.1 5.09187
    endloop
  endfacet
  facet normal -0.321604 0 0.946874
    outer loop
      vertex 63.8605 43.1 5.09187
      vertex 63.7924 74.1 5.06874
      vertex 63.7924 43.1 5.06874
    endloop
  endfacet
  facet normal -0.752086 0 0.659066
    outer loop
      vertex 64.0389 43.1 5.21109
      vertex 64.0863 74.1 5.26518
      vertex 64.0389 74.1 5.21109
    endloop
  endfacet
  facet normal -0.752086 0 0.659066
    outer loop
      vertex 64.0863 74.1 5.26518
      vertex 64.0389 43.1 5.21109
      vertex 64.0863 43.1 5.26518
    endloop
  endfacet
  facet normal -0.83128 0 -0.555854
    outer loop
      vertex 64.1263 43.1 5.875
      vertex 64.0863 74.1 5.93482
      vertex 64.1263 74.1 5.875
    endloop
  endfacet
  facet normal -0.83128 -0 -0.555854
    outer loop
      vertex 64.0863 74.1 5.93482
      vertex 64.1263 43.1 5.875
      vertex 64.0863 43.1 5.93482
    endloop
  endfacet
  facet normal -0.659232 0 -0.751939
    outer loop
      vertex 63.9848 43.1 6.03634
      vertex 64.0389 74.1 5.98891
      vertex 64.0389 43.1 5.98891
    endloop
  endfacet
  facet normal -0.659232 0 -0.751939
    outer loop
      vertex 64.0389 74.1 5.98891
      vertex 63.9848 43.1 6.03634
      vertex 63.9848 74.1 6.03634
    endloop
  endfacet
  facet normal -0.752086 0 -0.659066
    outer loop
      vertex 64.0863 43.1 5.93482
      vertex 64.0389 74.1 5.98891
      vertex 64.0863 74.1 5.93482
    endloop
  endfacet
  facet normal -0.752086 -0 -0.659066
    outer loop
      vertex 64.0389 74.1 5.98891
      vertex 64.0863 43.1 5.93482
      vertex 64.0389 43.1 5.98891
    endloop
  endfacet
  facet normal -0.194914 0 -0.98082
    outer loop
      vertex 63.7218 43.1 6.14529
      vertex 63.7924 74.1 6.13126
      vertex 63.7924 43.1 6.13126
    endloop
  endfacet
  facet normal -0.194914 0 -0.98082
    outer loop
      vertex 63.7924 74.1 6.13126
      vertex 63.7218 43.1 6.14529
      vertex 63.7218 74.1 6.14529
    endloop
  endfacet
  facet normal -0.997864 0 0.0653289
    outer loop
      vertex 64.1953 43.1 5.52821
      vertex 64.2 74.1 5.6
      vertex 64.1953 74.1 5.52821
    endloop
  endfacet
  facet normal -0.997864 0 0.0653289
    outer loop
      vertex 64.2 74.1 5.6
      vertex 64.1953 43.1 5.52821
      vertex 64.2 43.1 5.6
    endloop
  endfacet
  facet normal -0.980879 0 0.194619
    outer loop
      vertex 64.1813 43.1 5.45765
      vertex 64.1953 74.1 5.52821
      vertex 64.1813 74.1 5.45765
    endloop
  endfacet
  facet normal -0.980879 0 0.194619
    outer loop
      vertex 64.1953 74.1 5.52821
      vertex 64.1813 43.1 5.45765
      vertex 64.1953 43.1 5.52821
    endloop
  endfacet
  facet normal -0.0653198 0 0.997864
    outer loop
      vertex 63.65 74.1 5.05
      vertex 63.7218 43.1 5.0547
      vertex 63.7218 74.1 5.0547
    endloop
  endfacet
  facet normal -0.0653198 0 0.997864
    outer loop
      vertex 63.7218 43.1 5.0547
      vertex 63.65 74.1 5.05
      vertex 63.65 43.1 5.05
    endloop
  endfacet
  facet normal -0.195047 0 0.980794
    outer loop
      vertex 63.7218 74.1 5.0547
      vertex 63.7924 43.1 5.06874
      vertex 63.7924 74.1 5.06874
    endloop
  endfacet
  facet normal -0.195047 0 0.980794
    outer loop
      vertex 63.7924 43.1 5.06874
      vertex 63.7218 74.1 5.0547
      vertex 63.7218 43.1 5.0547
    endloop
  endfacet
  facet normal -0.659232 0 0.751939
    outer loop
      vertex 63.9848 74.1 5.16366
      vertex 64.0389 43.1 5.21109
      vertex 64.0389 74.1 5.21109
    endloop
  endfacet
  facet normal -0.659232 0 0.751939
    outer loop
      vertex 64.0389 43.1 5.21109
      vertex 63.9848 74.1 5.16366
      vertex 63.9848 43.1 5.16366
    endloop
  endfacet
  facet normal -0.946621 0 0.322349
    outer loop
      vertex 64.1581 43.1 5.38952
      vertex 64.1813 74.1 5.45765
      vertex 64.1581 74.1 5.38952
    endloop
  endfacet
  facet normal -0.946621 0 0.322349
    outer loop
      vertex 64.1813 74.1 5.45765
      vertex 64.1581 43.1 5.38952
      vertex 64.1813 43.1 5.45765
    endloop
  endfacet
  facet normal 0 -1 0
    outer loop
      vertex 63.65 74.1 6.15
      vertex 63.7924 74.1 6.13126
      vertex 63.7218 74.1 6.14529
    endloop
  endfacet
  facet normal 0 -1 0
    outer loop
      vertex 63.65 74.1 6.15
      vertex 63.8605 74.1 6.10813
      vertex 63.7924 74.1 6.13126
    endloop
  endfacet
  facet normal 0 -1 0
    outer loop
      vertex 63.65 74.1 6.15
      vertex 63.925 74.1 6.07631
      vertex 63.8605 74.1 6.10813
    endloop
  endfacet
  facet normal 0 -1 0
    outer loop
      vertex 63.65 74.1 6.15
      vertex 63.9848 74.1 6.03634
      vertex 63.925 74.1 6.07631
    endloop
  endfacet
  facet normal 0 -1 0
    outer loop
      vertex 63.65 74.1 6.15
      vertex 64.0389 74.1 5.98891
      vertex 63.9848 74.1 6.03634
    endloop
  endfacet
  facet normal 0 -1 0
    outer loop
      vertex 63.65 74.1 6.15
      vertex 64.0863 74.1 5.93482
      vertex 64.0389 74.1 5.98891
    endloop
  endfacet
  facet normal 0 -1 0
    outer loop
      vertex 63.65 74.1 6.15
      vertex 64.1263 74.1 5.875
      vertex 64.0863 74.1 5.93482
    endloop
  endfacet
  facet normal 0 -1 0
    outer loop
      vertex 63.65 74.1 6.15
      vertex 64.1581 74.1 5.81048
      vertex 64.1263 74.1 5.875
    endloop
  endfacet
  facet normal 0 -1 0
    outer loop
      vertex 63.65 74.1 6.15
      vertex 64.1813 74.1 5.74235
      vertex 64.1581 74.1 5.81048
    endloop
  endfacet
  facet normal 0 -1 0
    outer loop
      vertex 63.65 74.1 6.15
      vertex 64.1953 74.1 5.67179
      vertex 64.1813 74.1 5.74235
    endloop
  endfacet
  facet normal 0 -1 0
    outer loop
      vertex 63.65 74.1 6.15
      vertex 64.2 74.1 5.6
      vertex 64.1953 74.1 5.67179
    endloop
  endfacet
  facet normal 0 -1 0
    outer loop
      vertex 63.65 74.1 6.15
      vertex 64.1953 74.1 5.52821
      vertex 64.2 74.1 5.6
    endloop
  endfacet
  facet normal 0 -1 0
    outer loop
      vertex 63.65 74.1 6.15
      vertex 64.1813 74.1 5.45765
      vertex 64.1953 74.1 5.52821
    endloop
  endfacet
  facet normal 0 -1 0
    outer loop
      vertex 63.65 74.1 6.15
      vertex 64.1581 74.1 5.38952
      vertex 64.1813 74.1 5.45765
    endloop
  endfacet
  facet normal 0 -1 0
    outer loop
      vertex 63.65 74.1 6.15
      vertex 64.1263 74.1 5.325
      vertex 64.1581 74.1 5.38952
    endloop
  endfacet
  facet normal 0 -1 0
    outer loop
      vertex 63.65 74.1 6.15
      vertex 64.0863 74.1 5.26518
      vertex 64.1263 74.1 5.325
    endloop
  endfacet
  facet normal 0 -1 0
    outer loop
      vertex 63.65 74.1 6.15
      vertex 64.0389 74.1 5.21109
      vertex 64.0863 74.1 5.26518
    endloop
  endfacet
  facet normal 0 -1 0
    outer loop
      vertex 63.65 74.1 6.15
      vertex 63.9848 74.1 5.16366
      vertex 64.0389 74.1 5.21109
    endloop
  endfacet
  facet normal 0 -1 0
    outer loop
      vertex 63.65 74.1 6.15
      vertex 63.925 74.1 5.12369
      vertex 63.9848 74.1 5.16366
    endloop
  endfacet
  facet normal 0 -1 0
    outer loop
      vertex 63.65 74.1 6.15
      vertex 63.8605 74.1 5.09187
      vertex 63.925 74.1 5.12369
    endloop
  endfacet
  facet normal 0 -1 0
    outer loop
      vertex 63.65 74.1 6.15
      vertex 63.7924 74.1 5.06874
      vertex 63.8605 74.1 5.09187
    endloop
  endfacet
  facet normal 0 -1 0
    outer loop
      vertex 63.65 74.1 6.15
      vertex 63.7218 74.1 5.0547
      vertex 63.7924 74.1 5.06874
    endloop
  endfacet
  facet normal 0 -1 0
    outer loop
      vertex 63.65 74.1 5.05
      vertex 63.7218 74.1 5.0547
      vertex 63.65 74.1 6.15
    endloop
  endfacet
  facet normal -0.980879 0 -0.194619
    outer loop
      vertex 64.1953 43.1 5.67179
      vertex 64.1813 74.1 5.74235
      vertex 64.1953 74.1 5.67179
    endloop
  endfacet
  facet normal -0.980879 -0 -0.194619
    outer loop
      vertex 64.1813 74.1 5.74235
      vertex 64.1953 43.1 5.67179
      vertex 64.1813 43.1 5.74235
    endloop
  endfacet
  facet normal -0.555694 0 -0.831387
    outer loop
      vertex 63.925 43.1 6.07631
      vertex 63.9848 74.1 6.03634
      vertex 63.9848 43.1 6.03634
    endloop
  endfacet
  facet normal -0.555694 0 -0.831387
    outer loop
      vertex 63.9848 74.1 6.03634
      vertex 63.925 43.1 6.07631
      vertex 63.925 74.1 6.07631
    endloop
  endfacet
  facet normal 0 1 0
    outer loop
      vertex 63.7924 43.1 6.13126
      vertex 63.65 43.1 6.15
      vertex 63.7218 43.1 6.14529
    endloop
  endfacet
  facet normal 0 1 0
    outer loop
      vertex 63.8605 43.1 6.10813
      vertex 63.65 43.1 6.15
      vertex 63.7924 43.1 6.13126
    endloop
  endfacet
  facet normal 0 1 0
    outer loop
      vertex 63.925 43.1 6.07631
      vertex 63.65 43.1 6.15
      vertex 63.8605 43.1 6.10813
    endloop
  endfacet
  facet normal 0 1 0
    outer loop
      vertex 63.9848 43.1 6.03634
      vertex 63.65 43.1 6.15
      vertex 63.925 43.1 6.07631
    endloop
  endfacet
  facet normal 0 1 0
    outer loop
      vertex 64.0389 43.1 5.98891
      vertex 63.65 43.1 6.15
      vertex 63.9848 43.1 6.03634
    endloop
  endfacet
  facet normal 0 1 0
    outer loop
      vertex 64.0863 43.1 5.93482
      vertex 63.65 43.1 6.15
      vertex 64.0389 43.1 5.98891
    endloop
  endfacet
  facet normal 0 1 0
    outer loop
      vertex 64.1263 43.1 5.875
      vertex 63.65 43.1 6.15
      vertex 64.0863 43.1 5.93482
    endloop
  endfacet
  facet normal 0 1 0
    outer loop
      vertex 64.1581 43.1 5.81048
      vertex 63.65 43.1 6.15
      vertex 64.1263 43.1 5.875
    endloop
  endfacet
  facet normal 0 1 0
    outer loop
      vertex 64.1813 43.1 5.74235
      vertex 63.65 43.1 6.15
      vertex 64.1581 43.1 5.81048
    endloop
  endfacet
  facet normal 0 1 0
    outer loop
      vertex 64.1953 43.1 5.67179
      vertex 63.65 43.1 6.15
      vertex 64.1813 43.1 5.74235
    endloop
  endfacet
  facet normal 0 1 0
    outer loop
      vertex 64.2 43.1 5.6
      vertex 63.65 43.1 6.15
      vertex 64.1953 43.1 5.67179
    endloop
  endfacet
  facet normal 0 1 -0
    outer loop
      vertex 64.1953 43.1 5.52821
      vertex 63.65 43.1 6.15
      vertex 64.2 43.1 5.6
    endloop
  endfacet
  facet normal 0 1 -0
    outer loop
      vertex 64.1813 43.1 5.45765
      vertex 63.65 43.1 6.15
      vertex 64.1953 43.1 5.52821
    endloop
  endfacet
  facet normal 0 1 -0
    outer loop
      vertex 64.1581 43.1 5.38952
      vertex 63.65 43.1 6.15
      vertex 64.1813 43.1 5.45765
    endloop
  endfacet
  facet normal 0 1 -0
    outer loop
      vertex 64.1263 43.1 5.325
      vertex 63.65 43.1 6.15
      vertex 64.1581 43.1 5.38952
    endloop
  endfacet
  facet normal 0 1 -0
    outer loop
      vertex 64.0863 43.1 5.26518
      vertex 63.65 43.1 6.15
      vertex 64.1263 43.1 5.325
    endloop
  endfacet
  facet normal 0 1 -0
    outer loop
      vertex 64.0389 43.1 5.21109
      vertex 63.65 43.1 6.15
      vertex 64.0863 43.1 5.26518
    endloop
  endfacet
  facet normal 0 1 -0
    outer loop
      vertex 63.9848 43.1 5.16366
      vertex 63.65 43.1 6.15
      vertex 64.0389 43.1 5.21109
    endloop
  endfacet
  facet normal 0 1 -0
    outer loop
      vertex 63.925 43.1 5.12369
      vertex 63.65 43.1 6.15
      vertex 63.9848 43.1 5.16366
    endloop
  endfacet
  facet normal 0 1 -0
    outer loop
      vertex 63.8605 43.1 5.09187
      vertex 63.65 43.1 6.15
      vertex 63.925 43.1 5.12369
    endloop
  endfacet
  facet normal 0 1 -0
    outer loop
      vertex 63.7924 43.1 5.06874
      vertex 63.65 43.1 6.15
      vertex 63.8605 43.1 5.09187
    endloop
  endfacet
  facet normal 0 1 -0
    outer loop
      vertex 63.7218 43.1 5.0547
      vertex 63.65 43.1 6.15
      vertex 63.7924 43.1 5.06874
    endloop
  endfacet
  facet normal 0 1 0
    outer loop
      vertex 63.7218 43.1 5.0547
      vertex 63.65 43.1 5.05
      vertex 63.65 43.1 6.15
    endloop
  endfacet
  facet normal -0.442424 0 0.896806
    outer loop
      vertex 63.8605 74.1 5.09187
      vertex 63.925 43.1 5.12369
      vertex 63.925 74.1 5.12369
    endloop
  endfacet
  facet normal -0.442424 0 0.896806
    outer loop
      vertex 63.925 43.1 5.12369
      vertex 63.8605 74.1 5.09187
      vertex 63.8605 43.1 5.09187
    endloop
  endfacet
  facet normal -0.555694 0 0.831387
    outer loop
      vertex 63.925 74.1 5.12369
      vertex 63.9848 43.1 5.16366
      vertex 63.9848 74.1 5.16366
    endloop
  endfacet
  facet normal -0.555694 0 0.831387
    outer loop
      vertex 63.9848 43.1 5.16366
      vertex 63.925 74.1 5.12369
      vertex 63.925 43.1 5.12369
    endloop
  endfacet
  facet normal -0.83128 0 0.555854
    outer loop
      vertex 64.0863 43.1 5.26518
      vertex 64.1263 74.1 5.325
      vertex 64.0863 74.1 5.26518
    endloop
  endfacet
  facet normal -0.83128 0 0.555854
    outer loop
      vertex 64.1263 74.1 5.325
      vertex 64.0863 43.1 5.26518
      vertex 64.1263 43.1 5.325
    endloop
  endfacet
  facet normal -0.896971 0 0.44209
    outer loop
      vertex 64.1263 43.1 5.325
      vertex 64.1581 74.1 5.38952
      vertex 64.1263 74.1 5.325
    endloop
  endfacet
  facet normal -0.896971 0 0.44209
    outer loop
      vertex 64.1581 74.1 5.38952
      vertex 64.1263 43.1 5.325
      vertex 64.1581 43.1 5.38952
    endloop
  endfacet
  facet normal -0.659479 -0.751723 0
    outer loop
      vertex 33.7699 29.3098 8.8
      vertex 34.2173 28.9173 10.4
      vertex 33.7699 29.3098 10.4
    endloop
  endfacet
  facet normal -0.659479 -0.751723 -0
    outer loop
      vertex 34.2173 28.9173 10.4
      vertex 33.7699 29.3098 8.8
      vertex 34.2173 28.9173 8.8
    endloop
  endfacet
  facet normal -0.980787 0.195082 0
    outer loop
      vertex 35.395 24.5224 8.8
      vertex 35.5111 25.1061 10.4
      vertex 35.5111 25.1061 8.8
    endloop
  endfacet
  facet normal -0.980787 0.195082 0
    outer loop
      vertex 35.5111 25.1061 10.4
      vertex 35.395 24.5224 8.8
      vertex 35.395 24.5224 10.4
    endloop
  endfacet
  facet normal 0.321415 0.946939 -0
    outer loop
      vertex 29.8224 21.305 8.8
      vertex 29.2588 21.4963 10.4
      vertex 29.8224 21.305 10.4
    endloop
  endfacet
  facet normal 0.321415 0.946939 0
    outer loop
      vertex 29.2588 21.4963 10.4
      vertex 29.8224 21.305 8.8
      vertex 29.2588 21.4963 8.8
    endloop
  endfacet
  facet normal 0.321415 -0.946939 0
    outer loop
      vertex 29.2588 29.9037 8.8
      vertex 29.8224 30.095 10.4
      vertex 29.2588 29.9037 10.4
    endloop
  endfacet
  facet normal 0.321415 -0.946939 0
    outer loop
      vertex 29.8224 30.095 10.4
      vertex 29.2588 29.9037 8.8
      vertex 29.8224 30.095 8.8
    endloop
  endfacet
  facet normal 0.896833 -0.442368 0
    outer loop
      vertex 26.7963 27.4412 10.4
      vertex 27.0596 27.975 8.8
      vertex 27.0596 27.975 10.4
    endloop
  endfacet
  facet normal 0.896833 -0.442368 0
    outer loop
      vertex 27.0596 27.975 8.8
      vertex 26.7963 27.4412 10.4
      vertex 26.7963 27.4412 8.8
    endloop
  endfacet
  facet normal -0.896833 -0.442368 0
    outer loop
      vertex 35.2037 27.4412 8.8
      vertex 34.9404 27.975 10.4
      vertex 34.9404 27.975 8.8
    endloop
  endfacet
  facet normal -0.896833 -0.442368 0
    outer loop
      vertex 34.9404 27.975 10.4
      vertex 35.2037 27.4412 8.8
      vertex 35.2037 27.4412 10.4
    endloop
  endfacet
  facet normal -0.980787 -0.195082 0
    outer loop
      vertex 35.5111 26.2939 8.8
      vertex 35.395 26.8776 10.4
      vertex 35.395 26.8776 8.8
    endloop
  endfacet
  facet normal -0.980787 -0.195082 0
    outer loop
      vertex 35.395 26.8776 10.4
      vertex 35.5111 26.2939 8.8
      vertex 35.5111 26.2939 10.4
    endloop
  endfacet
  facet normal -0.831533 -0.555475 0
    outer loop
      vertex 34.9404 27.975 8.8
      vertex 34.6098 28.4699 10.4
      vertex 34.6098 28.4699 8.8
    endloop
  endfacet
  facet normal -0.831533 -0.555475 0
    outer loop
      vertex 34.6098 28.4699 10.4
      vertex 34.9404 27.975 8.8
      vertex 34.9404 27.975 10.4
    endloop
  endfacet
  facet normal -0.751723 -0.659479 0
    outer loop
      vertex 34.6098 28.4699 8.8
      vertex 34.2173 28.9173 10.4
      vertex 34.2173 28.9173 8.8
    endloop
  endfacet
  facet normal -0.751723 -0.659479 0
    outer loop
      vertex 34.2173 28.9173 10.4
      vertex 34.6098 28.4699 8.8
      vertex 34.6098 28.4699 10.4
    endloop
  endfacet
  facet normal -0.442368 -0.896833 0
    outer loop
      vertex 32.7412 29.9037 8.8
      vertex 33.275 29.6404 10.4
      vertex 32.7412 29.9037 10.4
    endloop
  endfacet
  facet normal -0.442368 -0.896833 -0
    outer loop
      vertex 33.275 29.6404 10.4
      vertex 32.7412 29.9037 8.8
      vertex 33.275 29.6404 8.8
    endloop
  endfacet
  facet normal -0.195082 -0.980787 0
    outer loop
      vertex 31.5939 30.2111 8.8
      vertex 32.1776 30.095 10.4
      vertex 31.5939 30.2111 10.4
    endloop
  endfacet
  facet normal -0.195082 -0.980787 -0
    outer loop
      vertex 32.1776 30.095 10.4
      vertex 31.5939 30.2111 8.8
      vertex 32.1776 30.095 8.8
    endloop
  endfacet
  facet normal 0.997862 -0.0653592 0
    outer loop
      vertex 26.45 25.7 10.4
      vertex 26.4889 26.2939 8.8
      vertex 26.4889 26.2939 10.4
    endloop
  endfacet
  facet normal 0.997862 -0.0653592 0
    outer loop
      vertex 26.4889 26.2939 8.8
      vertex 26.45 25.7 10.4
      vertex 26.45 25.7 8.8
    endloop
  endfacet
  facet normal 0.751723 -0.659479 0
    outer loop
      vertex 27.3902 28.4699 10.4
      vertex 27.7827 28.9173 8.8
      vertex 27.7827 28.9173 10.4
    endloop
  endfacet
  facet normal 0.751723 -0.659479 0
    outer loop
      vertex 27.7827 28.9173 8.8
      vertex 27.3902 28.4699 10.4
      vertex 27.3902 28.4699 8.8
    endloop
  endfacet
  facet normal 0.442368 -0.896833 0
    outer loop
      vertex 28.725 29.6404 8.8
      vertex 29.2588 29.9037 10.4
      vertex 28.725 29.6404 10.4
    endloop
  endfacet
  facet normal 0.442368 -0.896833 0
    outer loop
      vertex 29.2588 29.9037 10.4
      vertex 28.725 29.6404 8.8
      vertex 29.2588 29.9037 8.8
    endloop
  endfacet
  facet normal 0.195082 -0.980787 0
    outer loop
      vertex 29.8224 30.095 8.8
      vertex 30.4061 30.2111 10.4
      vertex 29.8224 30.095 10.4
    endloop
  endfacet
  facet normal 0.195082 -0.980787 0
    outer loop
      vertex 30.4061 30.2111 10.4
      vertex 29.8224 30.095 8.8
      vertex 30.4061 30.2111 8.8
    endloop
  endfacet
  facet normal -0.997862 0.0653592 0
    outer loop
      vertex 35.5111 25.1061 8.8
      vertex 35.55 25.7 10.4
      vertex 35.55 25.7 8.8
    endloop
  endfacet
  facet normal -0.997862 0.0653592 0
    outer loop
      vertex 35.55 25.7 10.4
      vertex 35.5111 25.1061 8.8
      vertex 35.5111 25.1061 10.4
    endloop
  endfacet
  facet normal -0.442368 0.896833 0
    outer loop
      vertex 33.275 21.7596 8.8
      vertex 32.7412 21.4963 10.4
      vertex 33.275 21.7596 10.4
    endloop
  endfacet
  facet normal -0.442368 0.896833 0
    outer loop
      vertex 32.7412 21.4963 10.4
      vertex 33.275 21.7596 8.8
      vertex 32.7412 21.4963 8.8
    endloop
  endfacet
  facet normal -0.555475 0.831533 0
    outer loop
      vertex 33.7699 22.0902 8.8
      vertex 33.275 21.7596 10.4
      vertex 33.7699 22.0902 10.4
    endloop
  endfacet
  facet normal -0.555475 0.831533 0
    outer loop
      vertex 33.275 21.7596 10.4
      vertex 33.7699 22.0902 8.8
      vertex 33.275 21.7596 8.8
    endloop
  endfacet
  facet normal -0.831533 0.555475 0
    outer loop
      vertex 34.6098 22.9301 8.8
      vertex 34.9404 23.425 10.4
      vertex 34.9404 23.425 8.8
    endloop
  endfacet
  facet normal -0.831533 0.555475 0
    outer loop
      vertex 34.9404 23.425 10.4
      vertex 34.6098 22.9301 8.8
      vertex 34.6098 22.9301 10.4
    endloop
  endfacet
  facet normal 0.195082 0.980787 -0
    outer loop
      vertex 30.4061 21.1889 8.8
      vertex 29.8224 21.305 10.4
      vertex 30.4061 21.1889 10.4
    endloop
  endfacet
  facet normal 0.195082 0.980787 0
    outer loop
      vertex 29.8224 21.305 10.4
      vertex 30.4061 21.1889 8.8
      vertex 29.8224 21.305 8.8
    endloop
  endfacet
  facet normal 0.659479 0.751723 -0
    outer loop
      vertex 28.2301 22.0902 8.8
      vertex 27.7827 22.4827 10.4
      vertex 28.2301 22.0902 10.4
    endloop
  endfacet
  facet normal 0.659479 0.751723 0
    outer loop
      vertex 27.7827 22.4827 10.4
      vertex 28.2301 22.0902 8.8
      vertex 27.7827 22.4827 8.8
    endloop
  endfacet
  facet normal 0.896833 0.442368 0
    outer loop
      vertex 27.0596 23.425 10.4
      vertex 26.7963 23.9588 8.8
      vertex 26.7963 23.9588 10.4
    endloop
  endfacet
  facet normal 0.896833 0.442368 0
    outer loop
      vertex 26.7963 23.9588 8.8
      vertex 27.0596 23.425 10.4
      vertex 27.0596 23.425 8.8
    endloop
  endfacet
  facet normal 0.997862 0.0653592 0
    outer loop
      vertex 26.4889 25.1061 10.4
      vertex 26.45 25.7 8.8
      vertex 26.45 25.7 10.4
    endloop
  endfacet
  facet normal 0.997862 0.0653592 0
    outer loop
      vertex 26.45 25.7 8.8
      vertex 26.4889 25.1061 10.4
      vertex 26.4889 25.1061 8.8
    endloop
  endfacet
  facet normal -0.946939 -0.321415 0
    outer loop
      vertex 35.395 26.8776 8.8
      vertex 35.2037 27.4412 10.4
      vertex 35.2037 27.4412 8.8
    endloop
  endfacet
  facet normal -0.946939 -0.321415 0
    outer loop
      vertex 35.2037 27.4412 10.4
      vertex 35.395 26.8776 8.8
      vertex 35.395 26.8776 10.4
    endloop
  endfacet
  facet normal -0.555475 -0.831533 0
    outer loop
      vertex 33.275 29.6404 8.8
      vertex 33.7699 29.3098 10.4
      vertex 33.275 29.6404 10.4
    endloop
  endfacet
  facet normal -0.555475 -0.831533 -0
    outer loop
      vertex 33.7699 29.3098 10.4
      vertex 33.275 29.6404 8.8
      vertex 33.7699 29.3098 8.8
    endloop
  endfacet
  facet normal -0.0653592 -0.997862 0
    outer loop
      vertex 31 30.25 8.8
      vertex 31.5939 30.2111 10.4
      vertex 31 30.25 10.4
    endloop
  endfacet
  facet normal -0.0653592 -0.997862 -0
    outer loop
      vertex 31.5939 30.2111 10.4
      vertex 31 30.25 8.8
      vertex 31.5939 30.2111 8.8
    endloop
  endfacet
  facet normal -0.321415 -0.946939 0
    outer loop
      vertex 32.1776 30.095 8.8
      vertex 32.7412 29.9037 10.4
      vertex 32.1776 30.095 10.4
    endloop
  endfacet
  facet normal -0.321415 -0.946939 -0
    outer loop
      vertex 32.7412 29.9037 10.4
      vertex 32.1776 30.095 8.8
      vertex 32.7412 29.9037 8.8
    endloop
  endfacet
  facet normal 0.946939 -0.321415 0
    outer loop
      vertex 26.605 26.8776 10.4
      vertex 26.7963 27.4412 8.8
      vertex 26.7963 27.4412 10.4
    endloop
  endfacet
  facet normal 0.946939 -0.321415 0
    outer loop
      vertex 26.7963 27.4412 8.8
      vertex 26.605 26.8776 10.4
      vertex 26.605 26.8776 8.8
    endloop
  endfacet
  facet normal 0.980787 -0.195082 0
    outer loop
      vertex 26.4889 26.2939 10.4
      vertex 26.605 26.8776 8.8
      vertex 26.605 26.8776 10.4
    endloop
  endfacet
  facet normal 0.980787 -0.195082 0
    outer loop
      vertex 26.605 26.8776 8.8
      vertex 26.4889 26.2939 10.4
      vertex 26.4889 26.2939 8.8
    endloop
  endfacet
  facet normal 0.831533 -0.555475 0
    outer loop
      vertex 27.0596 27.975 10.4
      vertex 27.3902 28.4699 8.8
      vertex 27.3902 28.4699 10.4
    endloop
  endfacet
  facet normal 0.831533 -0.555475 0
    outer loop
      vertex 27.3902 28.4699 8.8
      vertex 27.0596 27.975 10.4
      vertex 27.0596 27.975 8.8
    endloop
  endfacet
  facet normal 0.0653592 -0.997862 0
    outer loop
      vertex 30.4061 30.2111 8.8
      vertex 31 30.25 10.4
      vertex 30.4061 30.2111 10.4
    endloop
  endfacet
  facet normal 0.0653592 -0.997862 0
    outer loop
      vertex 31 30.25 10.4
      vertex 30.4061 30.2111 8.8
      vertex 31 30.25 8.8
    endloop
  endfacet
  facet normal 0.555475 -0.831533 0
    outer loop
      vertex 28.2301 29.3098 8.8
      vertex 28.725 29.6404 10.4
      vertex 28.2301 29.3098 10.4
    endloop
  endfacet
  facet normal 0.555475 -0.831533 0
    outer loop
      vertex 28.725 29.6404 10.4
      vertex 28.2301 29.3098 8.8
      vertex 28.725 29.6404 8.8
    endloop
  endfacet
  facet normal 0.659479 -0.751723 0
    outer loop
      vertex 27.7827 28.9173 8.8
      vertex 28.2301 29.3098 10.4
      vertex 27.7827 28.9173 10.4
    endloop
  endfacet
  facet normal 0.659479 -0.751723 0
    outer loop
      vertex 28.2301 29.3098 10.4
      vertex 27.7827 28.9173 8.8
      vertex 28.2301 29.3098 8.8
    endloop
  endfacet
  facet normal -0.997862 -0.0653592 0
    outer loop
      vertex 35.55 25.7 8.8
      vertex 35.5111 26.2939 10.4
      vertex 35.5111 26.2939 8.8
    endloop
  endfacet
  facet normal -0.997862 -0.0653592 0
    outer loop
      vertex 35.5111 26.2939 10.4
      vertex 35.55 25.7 8.8
      vertex 35.55 25.7 10.4
    endloop
  endfacet
  facet normal -0.0653592 0.997862 0
    outer loop
      vertex 31.5939 21.1889 8.8
      vertex 31 21.15 10.4
      vertex 31.5939 21.1889 10.4
    endloop
  endfacet
  facet normal -0.0653592 0.997862 0
    outer loop
      vertex 31 21.15 10.4
      vertex 31.5939 21.1889 8.8
      vertex 31 21.15 8.8
    endloop
  endfacet
  facet normal -0.195082 0.980787 0
    outer loop
      vertex 32.1776 21.305 8.8
      vertex 31.5939 21.1889 10.4
      vertex 32.1776 21.305 10.4
    endloop
  endfacet
  facet normal -0.195082 0.980787 0
    outer loop
      vertex 31.5939 21.1889 10.4
      vertex 32.1776 21.305 8.8
      vertex 31.5939 21.1889 8.8
    endloop
  endfacet
  facet normal -0.321415 0.946939 0
    outer loop
      vertex 32.7412 21.4963 8.8
      vertex 32.1776 21.305 10.4
      vertex 32.7412 21.4963 10.4
    endloop
  endfacet
  facet normal -0.321415 0.946939 0
    outer loop
      vertex 32.1776 21.305 10.4
      vertex 32.7412 21.4963 8.8
      vertex 32.1776 21.305 8.8
    endloop
  endfacet
  facet normal -0.751723 0.659479 0
    outer loop
      vertex 34.2173 22.4827 8.8
      vertex 34.6098 22.9301 10.4
      vertex 34.6098 22.9301 8.8
    endloop
  endfacet
  facet normal -0.751723 0.659479 0
    outer loop
      vertex 34.6098 22.9301 10.4
      vertex 34.2173 22.4827 8.8
      vertex 34.2173 22.4827 10.4
    endloop
  endfacet
  facet normal -0.659479 0.751723 0
    outer loop
      vertex 34.2173 22.4827 8.8
      vertex 33.7699 22.0902 10.4
      vertex 34.2173 22.4827 10.4
    endloop
  endfacet
  facet normal -0.659479 0.751723 0
    outer loop
      vertex 33.7699 22.0902 10.4
      vertex 34.2173 22.4827 8.8
      vertex 33.7699 22.0902 8.8
    endloop
  endfacet
  facet normal -0.896833 0.442368 0
    outer loop
      vertex 34.9404 23.425 8.8
      vertex 35.2037 23.9588 10.4
      vertex 35.2037 23.9588 8.8
    endloop
  endfacet
  facet normal -0.896833 0.442368 0
    outer loop
      vertex 35.2037 23.9588 10.4
      vertex 34.9404 23.425 8.8
      vertex 34.9404 23.425 10.4
    endloop
  endfacet
  facet normal 0.0653592 0.997862 -0
    outer loop
      vertex 31 21.15 8.8
      vertex 30.4061 21.1889 10.4
      vertex 31 21.15 10.4
    endloop
  endfacet
  facet normal 0.0653592 0.997862 0
    outer loop
      vertex 30.4061 21.1889 10.4
      vertex 31 21.15 8.8
      vertex 30.4061 21.1889 8.8
    endloop
  endfacet
  facet normal 0.555475 0.831533 -0
    outer loop
      vertex 28.725 21.7596 8.8
      vertex 28.2301 22.0902 10.4
      vertex 28.725 21.7596 10.4
    endloop
  endfacet
  facet normal 0.555475 0.831533 0
    outer loop
      vertex 28.2301 22.0902 10.4
      vertex 28.725 21.7596 8.8
      vertex 28.2301 22.0902 8.8
    endloop
  endfacet
  facet normal 0.980787 0.195082 0
    outer loop
      vertex 26.605 24.5224 10.4
      vertex 26.4889 25.1061 8.8
      vertex 26.4889 25.1061 10.4
    endloop
  endfacet
  facet normal 0.980787 0.195082 0
    outer loop
      vertex 26.4889 25.1061 8.8
      vertex 26.605 24.5224 10.4
      vertex 26.605 24.5224 8.8
    endloop
  endfacet
  facet normal 0.831533 0.555475 0
    outer loop
      vertex 27.3902 22.9301 10.4
      vertex 27.0596 23.425 8.8
      vertex 27.0596 23.425 10.4
    endloop
  endfacet
  facet normal 0.831533 0.555475 0
    outer loop
      vertex 27.0596 23.425 8.8
      vertex 27.3902 22.9301 10.4
      vertex 27.3902 22.9301 8.8
    endloop
  endfacet
  facet normal 0.751723 0.659479 0
    outer loop
      vertex 27.7827 22.4827 10.4
      vertex 27.3902 22.9301 8.8
      vertex 27.3902 22.9301 10.4
    endloop
  endfacet
  facet normal 0.751723 0.659479 0
    outer loop
      vertex 27.3902 22.9301 8.8
      vertex 27.7827 22.4827 10.4
      vertex 27.7827 22.4827 8.8
    endloop
  endfacet
  facet normal -0.946939 0.321415 0
    outer loop
      vertex 35.2037 23.9588 8.8
      vertex 35.395 24.5224 10.4
      vertex 35.395 24.5224 8.8
    endloop
  endfacet
  facet normal -0.946939 0.321415 0
    outer loop
      vertex 35.395 24.5224 10.4
      vertex 35.2037 23.9588 8.8
      vertex 35.2037 23.9588 10.4
    endloop
  endfacet
  facet normal 0.442368 0.896833 -0
    outer loop
      vertex 29.2588 21.4963 8.8
      vertex 28.725 21.7596 10.4
      vertex 29.2588 21.4963 10.4
    endloop
  endfacet
  facet normal 0.442368 0.896833 0
    outer loop
      vertex 28.725 21.7596 10.4
      vertex 29.2588 21.4963 8.8
      vertex 28.725 21.7596 8.8
    endloop
  endfacet
  facet normal 0.946939 0.321415 0
    outer loop
      vertex 26.7963 23.9588 10.4
      vertex 26.605 24.5224 8.8
      vertex 26.605 24.5224 10.4
    endloop
  endfacet
  facet normal 0.946939 0.321415 0
    outer loop
      vertex 26.605 24.5224 8.8
      vertex 26.7963 23.9588 10.4
      vertex 26.7963 23.9588 8.8
    endloop
  endfacet
  facet normal -0.659403 -0.751789 0
    outer loop
      vertex 33.7699 8.30976 8.8
      vertex 34.2173 7.91734 10.4
      vertex 33.7699 8.30976 10.4
    endloop
  endfacet
  facet normal -0.659403 -0.751789 -0
    outer loop
      vertex 34.2173 7.91734 10.4
      vertex 33.7699 8.30976 8.8
      vertex 34.2173 7.91734 8.8
    endloop
  endfacet
  facet normal -0.980789 0.195069 0
    outer loop
      vertex 35.395 3.52237 8.8
      vertex 35.5111 4.10611 10.4
      vertex 35.5111 4.10611 8.8
    endloop
  endfacet
  facet normal -0.980789 0.195069 0
    outer loop
      vertex 35.5111 4.10611 10.4
      vertex 35.395 3.52237 8.8
      vertex 35.395 3.52237 10.4
    endloop
  endfacet
  facet normal 0.32143 0.946933 -0
    outer loop
      vertex 29.8224 0.305037 8.8
      vertex 29.2588 0.496347 10.4
      vertex 29.8224 0.305037 10.4
    endloop
  endfacet
  facet normal 0.32143 0.946933 0
    outer loop
      vertex 29.2588 0.496347 10.4
      vertex 29.8224 0.305037 8.8
      vertex 29.2588 0.496347 8.8
    endloop
  endfacet
  facet normal 0.32143 -0.946933 0
    outer loop
      vertex 29.2588 8.90365 8.8
      vertex 29.8224 9.09496 10.4
      vertex 29.2588 8.90365 10.4
    endloop
  endfacet
  facet normal 0.32143 -0.946933 0
    outer loop
      vertex 29.8224 9.09496 10.4
      vertex 29.2588 8.90365 8.8
      vertex 29.8224 9.09496 8.8
    endloop
  endfacet
  facet normal 0.89683 -0.442375 0
    outer loop
      vertex 26.7963 6.44121 10.4
      vertex 27.0596 6.975 8.8
      vertex 27.0596 6.975 10.4
    endloop
  endfacet
  facet normal 0.89683 -0.442375 0
    outer loop
      vertex 27.0596 6.975 8.8
      vertex 26.7963 6.44121 10.4
      vertex 26.7963 6.44121 8.8
    endloop
  endfacet
  facet normal -0.946935 0.321425 0
    outer loop
      vertex 35.2037 2.95879 8.8
      vertex 35.395 3.52237 10.4
      vertex 35.395 3.52237 8.8
    endloop
  endfacet
  facet normal -0.946935 0.321425 0
    outer loop
      vertex 35.395 3.52237 10.4
      vertex 35.2037 2.95879 8.8
      vertex 35.2037 2.95879 10.4
    endloop
  endfacet
  facet normal -0.89683 -0.442375 0
    outer loop
      vertex 35.2037 6.44121 8.8
      vertex 34.9404 6.975 10.4
      vertex 34.9404 6.975 8.8
    endloop
  endfacet
  facet normal -0.89683 -0.442375 0
    outer loop
      vertex 34.9404 6.975 10.4
      vertex 35.2037 6.44121 8.8
      vertex 35.2037 6.44121 10.4
    endloop
  endfacet
  facet normal -0.980789 -0.195069 0
    outer loop
      vertex 35.5111 5.29389 8.8
      vertex 35.395 5.87763 10.4
      vertex 35.395 5.87763 8.8
    endloop
  endfacet
  facet normal -0.980789 -0.195069 0
    outer loop
      vertex 35.395 5.87763 10.4
      vertex 35.5111 5.29389 8.8
      vertex 35.5111 5.29389 10.4
    endloop
  endfacet
  facet normal -0.831512 -0.555506 0
    outer loop
      vertex 34.9404 6.975 8.8
      vertex 34.6098 7.46986 10.4
      vertex 34.6098 7.46986 8.8
    endloop
  endfacet
  facet normal -0.831512 -0.555506 0
    outer loop
      vertex 34.6098 7.46986 10.4
      vertex 34.9404 6.975 8.8
      vertex 34.9404 6.975 10.4
    endloop
  endfacet
  facet normal -0.751781 -0.659413 0
    outer loop
      vertex 34.6098 7.46986 8.8
      vertex 34.2173 7.91734 10.4
      vertex 34.2173 7.91734 8.8
    endloop
  endfacet
  facet normal -0.751781 -0.659413 0
    outer loop
      vertex 34.2173 7.91734 10.4
      vertex 34.6098 7.46986 8.8
      vertex 34.6098 7.46986 10.4
    endloop
  endfacet
  facet normal -0.442274 -0.89688 0
    outer loop
      vertex 32.7412 8.90365 8.8
      vertex 33.275 8.64042 10.4
      vertex 32.7412 8.90365 10.4
    endloop
  endfacet
  facet normal -0.442274 -0.89688 -0
    outer loop
      vertex 33.275 8.64042 10.4
      vertex 32.7412 8.90365 8.8
      vertex 33.275 8.64042 8.8
    endloop
  endfacet
  facet normal -0.195098 -0.980784 0
    outer loop
      vertex 31.5939 9.21107 8.8
      vertex 32.1776 9.09496 10.4
      vertex 31.5939 9.21107 10.4
    endloop
  endfacet
  facet normal -0.195098 -0.980784 -0
    outer loop
      vertex 32.1776 9.09496 10.4
      vertex 31.5939 9.21107 8.8
      vertex 32.1776 9.09496 8.8
    endloop
  endfacet
  facet normal 0.997862 -0.0653603 0
    outer loop
      vertex 26.45 4.7 10.4
      vertex 26.4889 5.29389 8.8
      vertex 26.4889 5.29389 10.4
    endloop
  endfacet
  facet normal 0.997862 -0.0653603 0
    outer loop
      vertex 26.4889 5.29389 8.8
      vertex 26.45 4.7 10.4
      vertex 26.45 4.7 8.8
    endloop
  endfacet
  facet normal 0.751781 -0.659413 0
    outer loop
      vertex 27.3902 7.46986 10.4
      vertex 27.7827 7.91734 8.8
      vertex 27.7827 7.91734 10.4
    endloop
  endfacet
  facet normal 0.751781 -0.659413 0
    outer loop
      vertex 27.7827 7.91734 8.8
      vertex 27.3902 7.46986 10.4
      vertex 27.3902 7.46986 8.8
    endloop
  endfacet
  facet normal 0.442274 -0.89688 0
    outer loop
      vertex 28.725 8.64042 8.8
      vertex 29.2588 8.90365 10.4
      vertex 28.725 8.64042 10.4
    endloop
  endfacet
  facet normal 0.442274 -0.89688 0
    outer loop
      vertex 29.2588 8.90365 10.4
      vertex 28.725 8.64042 8.8
      vertex 29.2588 8.90365 8.8
    endloop
  endfacet
  facet normal 0.195098 -0.980784 0
    outer loop
      vertex 29.8224 9.09496 8.8
      vertex 30.4061 9.21107 10.4
      vertex 29.8224 9.09496 10.4
    endloop
  endfacet
  facet normal 0.195098 -0.980784 0
    outer loop
      vertex 30.4061 9.21107 10.4
      vertex 29.8224 9.09496 8.8
      vertex 30.4061 9.21107 8.8
    endloop
  endfacet
  facet normal -0.997862 0.0653603 0
    outer loop
      vertex 35.5111 4.10611 8.8
      vertex 35.55 4.7 10.4
      vertex 35.55 4.7 8.8
    endloop
  endfacet
  facet normal -0.997862 0.0653603 0
    outer loop
      vertex 35.55 4.7 10.4
      vertex 35.5111 4.10611 8.8
      vertex 35.5111 4.10611 10.4
    endloop
  endfacet
  facet normal -0.555542 0.831489 0
    outer loop
      vertex 33.7699 1.09024 8.8
      vertex 33.275 0.759583 10.4
      vertex 33.7699 1.09024 10.4
    endloop
  endfacet
  facet normal -0.555542 0.831489 0
    outer loop
      vertex 33.275 0.759583 10.4
      vertex 33.7699 1.09024 8.8
      vertex 33.275 0.759583 8.8
    endloop
  endfacet
  facet normal -0.831517 0.555499 0
    outer loop
      vertex 34.6098 1.93013 8.8
      vertex 34.9404 2.425 10.4
      vertex 34.9404 2.425 8.8
    endloop
  endfacet
  facet normal -0.831517 0.555499 0
    outer loop
      vertex 34.9404 2.425 10.4
      vertex 34.6098 1.93013 8.8
      vertex 34.6098 1.93013 10.4
    endloop
  endfacet
  facet normal 0.1951 0.980783 -0
    outer loop
      vertex 30.4061 0.188926 8.8
      vertex 29.8224 0.305037 10.4
      vertex 30.4061 0.188926 10.4
    endloop
  endfacet
  facet normal 0.1951 0.980783 0
    outer loop
      vertex 29.8224 0.305037 10.4
      vertex 30.4061 0.188926 8.8
      vertex 29.8224 0.305037 8.8
    endloop
  endfacet
  facet normal 0.659403 0.751789 -0
    outer loop
      vertex 28.2301 1.09024 8.8
      vertex 27.7827 1.48266 10.4
      vertex 28.2301 1.09024 10.4
    endloop
  endfacet
  facet normal 0.659403 0.751789 0
    outer loop
      vertex 27.7827 1.48266 10.4
      vertex 28.2301 1.09024 8.8
      vertex 27.7827 1.48266 8.8
    endloop
  endfacet
  facet normal 0.89683 0.442375 0
    outer loop
      vertex 27.0596 2.425 10.4
      vertex 26.7963 2.95879 8.8
      vertex 26.7963 2.95879 10.4
    endloop
  endfacet
  facet normal 0.89683 0.442375 0
    outer loop
      vertex 26.7963 2.95879 8.8
      vertex 27.0596 2.425 10.4
      vertex 27.0596 2.425 8.8
    endloop
  endfacet
  facet normal 0.997862 0.0653603 0
    outer loop
      vertex 26.4889 4.10611 10.4
      vertex 26.45 4.7 8.8
      vertex 26.45 4.7 10.4
    endloop
  endfacet
  facet normal 0.997862 0.0653603 0
    outer loop
      vertex 26.45 4.7 8.8
      vertex 26.4889 4.10611 10.4
      vertex 26.4889 4.10611 8.8
    endloop
  endfacet
  facet normal -0.946935 -0.321425 0
    outer loop
      vertex 35.395 5.87763 8.8
      vertex 35.2037 6.44121 10.4
      vertex 35.2037 6.44121 8.8
    endloop
  endfacet
  facet normal -0.946935 -0.321425 0
    outer loop
      vertex 35.2037 6.44121 10.4
      vertex 35.395 5.87763 8.8
      vertex 35.395 5.87763 10.4
    endloop
  endfacet
  facet normal -0.555545 -0.831486 0
    outer loop
      vertex 33.275 8.64042 8.8
      vertex 33.7699 8.30976 10.4
      vertex 33.275 8.64042 10.4
    endloop
  endfacet
  facet normal -0.555545 -0.831486 -0
    outer loop
      vertex 33.7699 8.30976 10.4
      vertex 33.275 8.64042 8.8
      vertex 33.7699 8.30976 8.8
    endloop
  endfacet
  facet normal -0.0654094 -0.997859 0
    outer loop
      vertex 31 9.25 8.8
      vertex 31.5939 9.21107 10.4
      vertex 31 9.25 10.4
    endloop
  endfacet
  facet normal -0.0654094 -0.997859 -0
    outer loop
      vertex 31.5939 9.21107 10.4
      vertex 31 9.25 8.8
      vertex 31.5939 9.21107 8.8
    endloop
  endfacet
  facet normal -0.32143 -0.946933 0
    outer loop
      vertex 32.1776 9.09496 8.8
      vertex 32.7412 8.90365 10.4
      vertex 32.1776 9.09496 10.4
    endloop
  endfacet
  facet normal -0.32143 -0.946933 -0
    outer loop
      vertex 32.7412 8.90365 10.4
      vertex 32.1776 9.09496 8.8
      vertex 32.7412 8.90365 8.8
    endloop
  endfacet
  facet normal 0.946935 -0.321425 0
    outer loop
      vertex 26.605 5.87763 10.4
      vertex 26.7963 6.44121 8.8
      vertex 26.7963 6.44121 10.4
    endloop
  endfacet
  facet normal 0.946935 -0.321425 0
    outer loop
      vertex 26.7963 6.44121 8.8
      vertex 26.605 5.87763 10.4
      vertex 26.605 5.87763 8.8
    endloop
  endfacet
  facet normal 0.980789 -0.195069 0
    outer loop
      vertex 26.4889 5.29389 10.4
      vertex 26.605 5.87763 8.8
      vertex 26.605 5.87763 10.4
    endloop
  endfacet
  facet normal 0.980789 -0.195069 0
    outer loop
      vertex 26.605 5.87763 8.8
      vertex 26.4889 5.29389 10.4
      vertex 26.4889 5.29389 8.8
    endloop
  endfacet
  facet normal 0.831512 -0.555506 0
    outer loop
      vertex 27.0596 6.975 10.4
      vertex 27.3902 7.46986 8.8
      vertex 27.3902 7.46986 10.4
    endloop
  endfacet
  facet normal 0.831512 -0.555506 0
    outer loop
      vertex 27.3902 7.46986 8.8
      vertex 27.0596 6.975 10.4
      vertex 27.0596 6.975 8.8
    endloop
  endfacet
  facet normal 0.0654094 -0.997859 0
    outer loop
      vertex 30.4061 9.21107 8.8
      vertex 31 9.25 10.4
      vertex 30.4061 9.21107 10.4
    endloop
  endfacet
  facet normal 0.0654094 -0.997859 0
    outer loop
      vertex 31 9.25 10.4
      vertex 30.4061 9.21107 8.8
      vertex 31 9.25 8.8
    endloop
  endfacet
  facet normal 0.555545 -0.831486 0
    outer loop
      vertex 28.2301 8.30976 8.8
      vertex 28.725 8.64042 10.4
      vertex 28.2301 8.30976 10.4
    endloop
  endfacet
  facet normal 0.555545 -0.831486 0
    outer loop
      vertex 28.725 8.64042 10.4
      vertex 28.2301 8.30976 8.8
      vertex 28.725 8.64042 8.8
    endloop
  endfacet
  facet normal 0.659403 -0.751789 0
    outer loop
      vertex 27.7827 7.91734 8.8
      vertex 28.2301 8.30976 10.4
      vertex 27.7827 7.91734 10.4
    endloop
  endfacet
  facet normal 0.659403 -0.751789 0
    outer loop
      vertex 28.2301 8.30976 10.4
      vertex 27.7827 7.91734 8.8
      vertex 28.2301 8.30976 8.8
    endloop
  endfacet
  facet normal -0.997862 -0.0653603 0
    outer loop
      vertex 35.55 4.7 8.8
      vertex 35.5111 5.29389 10.4
      vertex 35.5111 5.29389 8.8
    endloop
  endfacet
  facet normal -0.997862 -0.0653603 0
    outer loop
      vertex 35.5111 5.29389 10.4
      vertex 35.55 4.7 8.8
      vertex 35.55 4.7 10.4
    endloop
  endfacet
  facet normal -0.0654027 0.997859 0
    outer loop
      vertex 31.5939 0.188926 8.8
      vertex 31 0.15 10.4
      vertex 31.5939 0.188926 10.4
    endloop
  endfacet
  facet normal -0.0654027 0.997859 0
    outer loop
      vertex 31 0.15 10.4
      vertex 31.5939 0.188926 8.8
      vertex 31 0.15 8.8
    endloop
  endfacet
  facet normal -0.32143 0.946933 0
    outer loop
      vertex 32.7412 0.496347 8.8
      vertex 32.1776 0.305037 10.4
      vertex 32.7412 0.496347 10.4
    endloop
  endfacet
  facet normal -0.32143 0.946933 0
    outer loop
      vertex 32.1776 0.305037 10.4
      vertex 32.7412 0.496347 8.8
      vertex 32.1776 0.305037 8.8
    endloop
  endfacet
  facet normal -0.751774 0.659421 0
    outer loop
      vertex 34.2173 1.48266 8.8
      vertex 34.6098 1.93013 10.4
      vertex 34.6098 1.93013 8.8
    endloop
  endfacet
  facet normal -0.751774 0.659421 0
    outer loop
      vertex 34.6098 1.93013 10.4
      vertex 34.2173 1.48266 8.8
      vertex 34.2173 1.48266 10.4
    endloop
  endfacet
  facet normal -0.659403 0.751789 0
    outer loop
      vertex 34.2173 1.48266 8.8
      vertex 33.7699 1.09024 10.4
      vertex 34.2173 1.48266 10.4
    endloop
  endfacet
  facet normal -0.659403 0.751789 0
    outer loop
      vertex 33.7699 1.09024 10.4
      vertex 34.2173 1.48266 8.8
      vertex 33.7699 1.09024 8.8
    endloop
  endfacet
  facet normal -0.89683 0.442375 0
    outer loop
      vertex 34.9404 2.425 8.8
      vertex 35.2037 2.95879 10.4
      vertex 35.2037 2.95879 8.8
    endloop
  endfacet
  facet normal -0.89683 0.442375 0
    outer loop
      vertex 35.2037 2.95879 10.4
      vertex 34.9404 2.425 8.8
      vertex 34.9404 2.425 10.4
    endloop
  endfacet
  facet normal 0.555542 0.831489 -0
    outer loop
      vertex 28.725 0.759583 8.8
      vertex 28.2301 1.09024 10.4
      vertex 28.725 0.759583 10.4
    endloop
  endfacet
  facet normal 0.555542 0.831489 0
    outer loop
      vertex 28.2301 1.09024 10.4
      vertex 28.725 0.759583 8.8
      vertex 28.2301 1.09024 8.8
    endloop
  endfacet
  facet normal 0.980789 0.195069 0
    outer loop
      vertex 26.605 3.52237 10.4
      vertex 26.4889 4.10611 8.8
      vertex 26.4889 4.10611 10.4
    endloop
  endfacet
  facet normal 0.980789 0.195069 0
    outer loop
      vertex 26.4889 4.10611 8.8
      vertex 26.605 3.52237 10.4
      vertex 26.605 3.52237 8.8
    endloop
  endfacet
  facet normal 0.831517 0.555499 0
    outer loop
      vertex 27.3902 1.93013 10.4
      vertex 27.0596 2.425 8.8
      vertex 27.0596 2.425 10.4
    endloop
  endfacet
  facet normal 0.831517 0.555499 0
    outer loop
      vertex 27.0596 2.425 8.8
      vertex 27.3902 1.93013 10.4
      vertex 27.3902 1.93013 8.8
    endloop
  endfacet
  facet normal 0.751774 0.659421 0
    outer loop
      vertex 27.7827 1.48266 10.4
      vertex 27.3902 1.93013 8.8
      vertex 27.3902 1.93013 10.4
    endloop
  endfacet
  facet normal 0.751774 0.659421 0
    outer loop
      vertex 27.3902 1.93013 8.8
      vertex 27.7827 1.48266 10.4
      vertex 27.7827 1.48266 8.8
    endloop
  endfacet
  facet normal -0.1951 0.980783 0
    outer loop
      vertex 32.1776 0.305037 8.8
      vertex 31.5939 0.188926 10.4
      vertex 32.1776 0.305037 10.4
    endloop
  endfacet
  facet normal -0.1951 0.980783 0
    outer loop
      vertex 31.5939 0.188926 10.4
      vertex 32.1776 0.305037 8.8
      vertex 31.5939 0.188926 8.8
    endloop
  endfacet
  facet normal -0.442282 0.896876 0
    outer loop
      vertex 33.275 0.759583 8.8
      vertex 32.7412 0.496347 10.4
      vertex 33.275 0.759583 10.4
    endloop
  endfacet
  facet normal -0.442282 0.896876 0
    outer loop
      vertex 32.7412 0.496347 10.4
      vertex 33.275 0.759583 8.8
      vertex 32.7412 0.496347 8.8
    endloop
  endfacet
  facet normal 0.0654027 0.997859 -0
    outer loop
      vertex 31 0.15 8.8
      vertex 30.4061 0.188926 10.4
      vertex 31 0.15 10.4
    endloop
  endfacet
  facet normal 0.0654027 0.997859 0
    outer loop
      vertex 30.4061 0.188926 10.4
      vertex 31 0.15 8.8
      vertex 30.4061 0.188926 8.8
    endloop
  endfacet
  facet normal 0.442282 0.896876 -0
    outer loop
      vertex 29.2588 0.496347 8.8
      vertex 28.725 0.759583 10.4
      vertex 29.2588 0.496347 10.4
    endloop
  endfacet
  facet normal 0.442282 0.896876 0
    outer loop
      vertex 28.725 0.759583 10.4
      vertex 29.2588 0.496347 8.8
      vertex 28.725 0.759583 8.8
    endloop
  endfacet
  facet normal 0.946935 0.321425 0
    outer loop
      vertex 26.7963 2.95879 10.4
      vertex 26.605 3.52237 8.8
      vertex 26.605 3.52237 10.4
    endloop
  endfacet
  facet normal 0.946935 0.321425 0
    outer loop
      vertex 26.605 3.52237 8.8
      vertex 26.7963 2.95879 10.4
      vertex 26.7963 2.95879 8.8
    endloop
  endfacet
  facet normal -0.997862 -0.0653592 0
    outer loop
      vertex 35.55 15.2 8.8
      vertex 35.5111 15.7939 10.4
      vertex 35.5111 15.7939 8.8
    endloop
  endfacet
  facet normal -0.997862 -0.0653592 0
    outer loop
      vertex 35.5111 15.7939 10.4
      vertex 35.55 15.2 8.8
      vertex 35.55 15.2 10.4
    endloop
  endfacet
  facet normal 0.997862 -0.0653592 0
    outer loop
      vertex 26.45 15.2 10.4
      vertex 26.4889 15.7939 8.8
      vertex 26.4889 15.7939 10.4
    endloop
  endfacet
  facet normal 0.997862 -0.0653592 0
    outer loop
      vertex 26.4889 15.7939 8.8
      vertex 26.45 15.2 10.4
      vertex 26.45 15.2 8.8
    endloop
  endfacet
  facet normal -0.0653592 -0.997862 0
    outer loop
      vertex 31 19.75 8.8
      vertex 31.5939 19.7111 10.4
      vertex 31 19.75 10.4
    endloop
  endfacet
  facet normal -0.0653592 -0.997862 -0
    outer loop
      vertex 31.5939 19.7111 10.4
      vertex 31 19.75 8.8
      vertex 31.5939 19.7111 8.8
    endloop
  endfacet
  facet normal -0.751723 -0.659479 0
    outer loop
      vertex 34.6098 17.9699 8.8
      vertex 34.2173 18.4173 10.4
      vertex 34.2173 18.4173 8.8
    endloop
  endfacet
  facet normal -0.751723 -0.659479 0
    outer loop
      vertex 34.2173 18.4173 10.4
      vertex 34.6098 17.9699 8.8
      vertex 34.6098 17.9699 10.4
    endloop
  endfacet
  facet normal 0.659479 -0.751723 0
    outer loop
      vertex 27.7827 18.4173 8.8
      vertex 28.2301 18.8098 10.4
      vertex 27.7827 18.4173 10.4
    endloop
  endfacet
  facet normal 0.659479 -0.751723 0
    outer loop
      vertex 28.2301 18.8098 10.4
      vertex 27.7827 18.4173 8.8
      vertex 28.2301 18.8098 8.8
    endloop
  endfacet
  facet normal 0.321415 -0.946939 0
    outer loop
      vertex 29.2588 19.4037 8.8
      vertex 29.8224 19.595 10.4
      vertex 29.2588 19.4037 10.4
    endloop
  endfacet
  facet normal 0.321415 -0.946939 0
    outer loop
      vertex 29.8224 19.595 10.4
      vertex 29.2588 19.4037 8.8
      vertex 29.8224 19.595 8.8
    endloop
  endfacet
  facet normal 0.946939 0.321415 0
    outer loop
      vertex 26.7963 13.4588 10.4
      vertex 26.605 14.0224 8.8
      vertex 26.605 14.0224 10.4
    endloop
  endfacet
  facet normal 0.946939 0.321415 0
    outer loop
      vertex 26.605 14.0224 8.8
      vertex 26.7963 13.4588 10.4
      vertex 26.7963 13.4588 8.8
    endloop
  endfacet
  facet normal -0.896833 -0.442368 0
    outer loop
      vertex 35.2037 16.9412 8.8
      vertex 34.9404 17.475 10.4
      vertex 34.9404 17.475 8.8
    endloop
  endfacet
  facet normal -0.896833 -0.442368 0
    outer loop
      vertex 34.9404 17.475 10.4
      vertex 35.2037 16.9412 8.8
      vertex 35.2037 16.9412 10.4
    endloop
  endfacet
  facet normal -0.980787 -0.195082 0
    outer loop
      vertex 35.5111 15.7939 8.8
      vertex 35.395 16.3776 10.4
      vertex 35.395 16.3776 8.8
    endloop
  endfacet
  facet normal -0.980787 -0.195082 0
    outer loop
      vertex 35.395 16.3776 10.4
      vertex 35.5111 15.7939 8.8
      vertex 35.5111 15.7939 10.4
    endloop
  endfacet
  facet normal -0.831533 -0.555475 0
    outer loop
      vertex 34.9404 17.475 8.8
      vertex 34.6098 17.9699 10.4
      vertex 34.6098 17.9699 8.8
    endloop
  endfacet
  facet normal -0.831533 -0.555475 0
    outer loop
      vertex 34.6098 17.9699 10.4
      vertex 34.9404 17.475 8.8
      vertex 34.9404 17.475 10.4
    endloop
  endfacet
  facet normal -0.442368 -0.896833 0
    outer loop
      vertex 32.7412 19.4037 8.8
      vertex 33.275 19.1404 10.4
      vertex 32.7412 19.4037 10.4
    endloop
  endfacet
  facet normal -0.442368 -0.896833 -0
    outer loop
      vertex 33.275 19.1404 10.4
      vertex 32.7412 19.4037 8.8
      vertex 33.275 19.1404 8.8
    endloop
  endfacet
  facet normal -0.321415 -0.946939 0
    outer loop
      vertex 32.1776 19.595 8.8
      vertex 32.7412 19.4037 10.4
      vertex 32.1776 19.595 10.4
    endloop
  endfacet
  facet normal -0.321415 -0.946939 -0
    outer loop
      vertex 32.7412 19.4037 10.4
      vertex 32.1776 19.595 8.8
      vertex 32.7412 19.4037 8.8
    endloop
  endfacet
  facet normal -0.555475 -0.831533 0
    outer loop
      vertex 33.275 19.1404 8.8
      vertex 33.7699 18.8098 10.4
      vertex 33.275 19.1404 10.4
    endloop
  endfacet
  facet normal -0.555475 -0.831533 -0
    outer loop
      vertex 33.7699 18.8098 10.4
      vertex 33.275 19.1404 8.8
      vertex 33.7699 18.8098 8.8
    endloop
  endfacet
  facet normal 0.896833 -0.442368 0
    outer loop
      vertex 26.7963 16.9412 10.4
      vertex 27.0596 17.475 8.8
      vertex 27.0596 17.475 10.4
    endloop
  endfacet
  facet normal 0.896833 -0.442368 0
    outer loop
      vertex 27.0596 17.475 8.8
      vertex 26.7963 16.9412 10.4
      vertex 26.7963 16.9412 8.8
    endloop
  endfacet
  facet normal 0.442368 -0.896833 0
    outer loop
      vertex 28.725 19.1404 8.8
      vertex 29.2588 19.4037 10.4
      vertex 28.725 19.1404 10.4
    endloop
  endfacet
  facet normal 0.442368 -0.896833 0
    outer loop
      vertex 29.2588 19.4037 10.4
      vertex 28.725 19.1404 8.8
      vertex 29.2588 19.4037 8.8
    endloop
  endfacet
  facet normal 0.195082 -0.980787 0
    outer loop
      vertex 29.8224 19.595 8.8
      vertex 30.4061 19.7111 10.4
      vertex 29.8224 19.595 10.4
    endloop
  endfacet
  facet normal 0.195082 -0.980787 0
    outer loop
      vertex 30.4061 19.7111 10.4
      vertex 29.8224 19.595 8.8
      vertex 30.4061 19.7111 8.8
    endloop
  endfacet
  facet normal -0.946939 0.321415 0
    outer loop
      vertex 35.2037 13.4588 8.8
      vertex 35.395 14.0224 10.4
      vertex 35.395 14.0224 8.8
    endloop
  endfacet
  facet normal -0.946939 0.321415 0
    outer loop
      vertex 35.395 14.0224 10.4
      vertex 35.2037 13.4588 8.8
      vertex 35.2037 13.4588 10.4
    endloop
  endfacet
  facet normal -0.442368 0.896833 0
    outer loop
      vertex 33.275 11.2596 8.8
      vertex 32.7412 10.9963 10.4
      vertex 33.275 11.2596 10.4
    endloop
  endfacet
  facet normal -0.442368 0.896833 0
    outer loop
      vertex 32.7412 10.9963 10.4
      vertex 33.275 11.2596 8.8
      vertex 32.7412 10.9963 8.8
    endloop
  endfacet
  facet normal -0.555475 0.831533 0
    outer loop
      vertex 33.7699 11.5902 8.8
      vertex 33.275 11.2596 10.4
      vertex 33.7699 11.5902 10.4
    endloop
  endfacet
  facet normal -0.555475 0.831533 0
    outer loop
      vertex 33.275 11.2596 10.4
      vertex 33.7699 11.5902 8.8
      vertex 33.275 11.2596 8.8
    endloop
  endfacet
  facet normal -0.831533 0.555475 0
    outer loop
      vertex 34.6098 12.4301 8.8
      vertex 34.9404 12.925 10.4
      vertex 34.9404 12.925 8.8
    endloop
  endfacet
  facet normal -0.831533 0.555475 0
    outer loop
      vertex 34.9404 12.925 10.4
      vertex 34.6098 12.4301 8.8
      vertex 34.6098 12.4301 10.4
    endloop
  endfacet
  facet normal -0.980787 0.195082 0
    outer loop
      vertex 35.395 14.0224 8.8
      vertex 35.5111 14.6061 10.4
      vertex 35.5111 14.6061 8.8
    endloop
  endfacet
  facet normal -0.980787 0.195082 0
    outer loop
      vertex 35.5111 14.6061 10.4
      vertex 35.395 14.0224 8.8
      vertex 35.395 14.0224 10.4
    endloop
  endfacet
  facet normal 0.442368 0.896833 -0
    outer loop
      vertex 29.2588 10.9963 8.8
      vertex 28.725 11.2596 10.4
      vertex 29.2588 10.9963 10.4
    endloop
  endfacet
  facet normal 0.442368 0.896833 0
    outer loop
      vertex 28.725 11.2596 10.4
      vertex 29.2588 10.9963 8.8
      vertex 28.725 11.2596 8.8
    endloop
  endfacet
  facet normal 0.659479 0.751723 -0
    outer loop
      vertex 28.2301 11.5902 8.8
      vertex 27.7827 11.9827 10.4
      vertex 28.2301 11.5902 10.4
    endloop
  endfacet
  facet normal 0.659479 0.751723 0
    outer loop
      vertex 27.7827 11.9827 10.4
      vertex 28.2301 11.5902 8.8
      vertex 27.7827 11.9827 8.8
    endloop
  endfacet
  facet normal 0.321415 0.946939 -0
    outer loop
      vertex 29.8224 10.805 8.8
      vertex 29.2588 10.9963 10.4
      vertex 29.8224 10.805 10.4
    endloop
  endfacet
  facet normal 0.321415 0.946939 0
    outer loop
      vertex 29.2588 10.9963 10.4
      vertex 29.8224 10.805 8.8
      vertex 29.2588 10.9963 8.8
    endloop
  endfacet
  facet normal 0.896833 0.442368 0
    outer loop
      vertex 27.0596 12.925 10.4
      vertex 26.7963 13.4588 8.8
      vertex 26.7963 13.4588 10.4
    endloop
  endfacet
  facet normal 0.896833 0.442368 0
    outer loop
      vertex 26.7963 13.4588 8.8
      vertex 27.0596 12.925 10.4
      vertex 27.0596 12.925 8.8
    endloop
  endfacet
  facet normal 0.997862 0.0653592 0
    outer loop
      vertex 26.4889 14.6061 10.4
      vertex 26.45 15.2 8.8
      vertex 26.45 15.2 10.4
    endloop
  endfacet
  facet normal 0.997862 0.0653592 0
    outer loop
      vertex 26.45 15.2 8.8
      vertex 26.4889 14.6061 10.4
      vertex 26.4889 14.6061 8.8
    endloop
  endfacet
  facet normal -0.946939 -0.321415 0
    outer loop
      vertex 35.395 16.3776 8.8
      vertex 35.2037 16.9412 10.4
      vertex 35.2037 16.9412 8.8
    endloop
  endfacet
  facet normal -0.946939 -0.321415 0
    outer loop
      vertex 35.2037 16.9412 10.4
      vertex 35.395 16.3776 8.8
      vertex 35.395 16.3776 10.4
    endloop
  endfacet
  facet normal -0.195082 -0.980787 0
    outer loop
      vertex 31.5939 19.7111 8.8
      vertex 32.1776 19.595 10.4
      vertex 31.5939 19.7111 10.4
    endloop
  endfacet
  facet normal -0.195082 -0.980787 -0
    outer loop
      vertex 32.1776 19.595 10.4
      vertex 31.5939 19.7111 8.8
      vertex 32.1776 19.595 8.8
    endloop
  endfacet
  facet normal -0.659479 -0.751723 0
    outer loop
      vertex 33.7699 18.8098 8.8
      vertex 34.2173 18.4173 10.4
      vertex 33.7699 18.8098 10.4
    endloop
  endfacet
  facet normal -0.659479 -0.751723 -0
    outer loop
      vertex 34.2173 18.4173 10.4
      vertex 33.7699 18.8098 8.8
      vertex 34.2173 18.4173 8.8
    endloop
  endfacet
  facet normal 0.831533 -0.555475 0
    outer loop
      vertex 27.0596 17.475 10.4
      vertex 27.3902 17.9699 8.8
      vertex 27.3902 17.9699 10.4
    endloop
  endfacet
  facet normal 0.831533 -0.555475 0
    outer loop
      vertex 27.3902 17.9699 8.8
      vertex 27.0596 17.475 10.4
      vertex 27.0596 17.475 8.8
    endloop
  endfacet
  facet normal 0.751723 -0.659479 0
    outer loop
      vertex 27.3902 17.9699 10.4
      vertex 27.7827 18.4173 8.8
      vertex 27.7827 18.4173 10.4
    endloop
  endfacet
  facet normal 0.751723 -0.659479 0
    outer loop
      vertex 27.7827 18.4173 8.8
      vertex 27.3902 17.9699 10.4
      vertex 27.3902 17.9699 8.8
    endloop
  endfacet
  facet normal 0.946939 -0.321415 0
    outer loop
      vertex 26.605 16.3776 10.4
      vertex 26.7963 16.9412 8.8
      vertex 26.7963 16.9412 10.4
    endloop
  endfacet
  facet normal 0.946939 -0.321415 0
    outer loop
      vertex 26.7963 16.9412 8.8
      vertex 26.605 16.3776 10.4
      vertex 26.605 16.3776 8.8
    endloop
  endfacet
  facet normal 0.980787 -0.195082 0
    outer loop
      vertex 26.4889 15.7939 10.4
      vertex 26.605 16.3776 8.8
      vertex 26.605 16.3776 10.4
    endloop
  endfacet
  facet normal 0.980787 -0.195082 0
    outer loop
      vertex 26.605 16.3776 8.8
      vertex 26.4889 15.7939 10.4
      vertex 26.4889 15.7939 8.8
    endloop
  endfacet
  facet normal 0.555475 -0.831533 0
    outer loop
      vertex 28.2301 18.8098 8.8
      vertex 28.725 19.1404 10.4
      vertex 28.2301 18.8098 10.4
    endloop
  endfacet
  facet normal 0.555475 -0.831533 0
    outer loop
      vertex 28.725 19.1404 10.4
      vertex 28.2301 18.8098 8.8
      vertex 28.725 19.1404 8.8
    endloop
  endfacet
  facet normal 0.0653592 -0.997862 0
    outer loop
      vertex 30.4061 19.7111 8.8
      vertex 31 19.75 10.4
      vertex 30.4061 19.7111 10.4
    endloop
  endfacet
  facet normal 0.0653592 -0.997862 0
    outer loop
      vertex 31 19.75 10.4
      vertex 30.4061 19.7111 8.8
      vertex 31 19.75 8.8
    endloop
  endfacet
  facet normal -0.0653592 0.997862 0
    outer loop
      vertex 31.5939 10.6889 8.8
      vertex 31 10.65 10.4
      vertex 31.5939 10.6889 10.4
    endloop
  endfacet
  facet normal -0.0653592 0.997862 0
    outer loop
      vertex 31 10.65 10.4
      vertex 31.5939 10.6889 8.8
      vertex 31 10.65 8.8
    endloop
  endfacet
  facet normal -0.321415 0.946939 0
    outer loop
      vertex 32.7412 10.9963 8.8
      vertex 32.1776 10.805 10.4
      vertex 32.7412 10.9963 10.4
    endloop
  endfacet
  facet normal -0.321415 0.946939 0
    outer loop
      vertex 32.1776 10.805 10.4
      vertex 32.7412 10.9963 8.8
      vertex 32.1776 10.805 8.8
    endloop
  endfacet
  facet normal -0.659479 0.751723 0
    outer loop
      vertex 34.2173 11.9827 8.8
      vertex 33.7699 11.5902 10.4
      vertex 34.2173 11.9827 10.4
    endloop
  endfacet
  facet normal -0.659479 0.751723 0
    outer loop
      vertex 33.7699 11.5902 10.4
      vertex 34.2173 11.9827 8.8
      vertex 33.7699 11.5902 8.8
    endloop
  endfacet
  facet normal -0.896833 0.442368 0
    outer loop
      vertex 34.9404 12.925 8.8
      vertex 35.2037 13.4588 10.4
      vertex 35.2037 13.4588 8.8
    endloop
  endfacet
  facet normal -0.896833 0.442368 0
    outer loop
      vertex 35.2037 13.4588 10.4
      vertex 34.9404 12.925 8.8
      vertex 34.9404 12.925 10.4
    endloop
  endfacet
  facet normal -0.997862 0.0653592 0
    outer loop
      vertex 35.5111 14.6061 8.8
      vertex 35.55 15.2 10.4
      vertex 35.55 15.2 8.8
    endloop
  endfacet
  facet normal -0.997862 0.0653592 0
    outer loop
      vertex 35.55 15.2 10.4
      vertex 35.5111 14.6061 8.8
      vertex 35.5111 14.6061 10.4
    endloop
  endfacet
  facet normal 0.555475 0.831533 -0
    outer loop
      vertex 28.725 11.2596 8.8
      vertex 28.2301 11.5902 10.4
      vertex 28.725 11.2596 10.4
    endloop
  endfacet
  facet normal 0.555475 0.831533 0
    outer loop
      vertex 28.2301 11.5902 10.4
      vertex 28.725 11.2596 8.8
      vertex 28.2301 11.5902 8.8
    endloop
  endfacet
  facet normal 0.195082 0.980787 -0
    outer loop
      vertex 30.4061 10.6889 8.8
      vertex 29.8224 10.805 10.4
      vertex 30.4061 10.6889 10.4
    endloop
  endfacet
  facet normal 0.195082 0.980787 0
    outer loop
      vertex 29.8224 10.805 10.4
      vertex 30.4061 10.6889 8.8
      vertex 29.8224 10.805 8.8
    endloop
  endfacet
  facet normal 0.831533 0.555475 0
    outer loop
      vertex 27.3902 12.4301 10.4
      vertex 27.0596 12.925 8.8
      vertex 27.0596 12.925 10.4
    endloop
  endfacet
  facet normal 0.831533 0.555475 0
    outer loop
      vertex 27.0596 12.925 8.8
      vertex 27.3902 12.4301 10.4
      vertex 27.3902 12.4301 8.8
    endloop
  endfacet
  facet normal 0.980787 0.195082 0
    outer loop
      vertex 26.605 14.0224 10.4
      vertex 26.4889 14.6061 8.8
      vertex 26.4889 14.6061 10.4
    endloop
  endfacet
  facet normal 0.980787 0.195082 0
    outer loop
      vertex 26.4889 14.6061 8.8
      vertex 26.605 14.0224 10.4
      vertex 26.605 14.0224 8.8
    endloop
  endfacet
  facet normal -0.195082 0.980787 0
    outer loop
      vertex 32.1776 10.805 8.8
      vertex 31.5939 10.6889 10.4
      vertex 32.1776 10.805 10.4
    endloop
  endfacet
  facet normal -0.195082 0.980787 0
    outer loop
      vertex 31.5939 10.6889 10.4
      vertex 32.1776 10.805 8.8
      vertex 31.5939 10.6889 8.8
    endloop
  endfacet
  facet normal -0.751723 0.659479 0
    outer loop
      vertex 34.2173 11.9827 8.8
      vertex 34.6098 12.4301 10.4
      vertex 34.6098 12.4301 8.8
    endloop
  endfacet
  facet normal -0.751723 0.659479 0
    outer loop
      vertex 34.6098 12.4301 10.4
      vertex 34.2173 11.9827 8.8
      vertex 34.2173 11.9827 10.4
    endloop
  endfacet
  facet normal 0.0653592 0.997862 -0
    outer loop
      vertex 31 10.65 8.8
      vertex 30.4061 10.6889 10.4
      vertex 31 10.65 10.4
    endloop
  endfacet
  facet normal 0.0653592 0.997862 0
    outer loop
      vertex 30.4061 10.6889 10.4
      vertex 31 10.65 8.8
      vertex 30.4061 10.6889 8.8
    endloop
  endfacet
  facet normal 0.751723 0.659479 0
    outer loop
      vertex 27.7827 11.9827 10.4
      vertex 27.3902 12.4301 8.8
      vertex 27.3902 12.4301 10.4
    endloop
  endfacet
  facet normal 0.751723 0.659479 0
    outer loop
      vertex 27.3902 12.4301 8.8
      vertex 27.7827 11.9827 10.4
      vertex 27.7827 11.9827 8.8
    endloop
  endfacet
  facet normal -0.997862 -0.0653592 0
    outer loop
      vertex 25.05 15.2 8.8
      vertex 25.0111 15.7939 10.4
      vertex 25.0111 15.7939 8.8
    endloop
  endfacet
  facet normal -0.997862 -0.0653592 0
    outer loop
      vertex 25.0111 15.7939 10.4
      vertex 25.05 15.2 8.8
      vertex 25.05 15.2 10.4
    endloop
  endfacet
  facet normal 0.997862 -0.0653592 0
    outer loop
      vertex 15.95 15.2 10.4
      vertex 15.9889 15.7939 8.8
      vertex 15.9889 15.7939 10.4
    endloop
  endfacet
  facet normal 0.997862 -0.0653592 0
    outer loop
      vertex 15.9889 15.7939 8.8
      vertex 15.95 15.2 10.4
      vertex 15.95 15.2 8.8
    endloop
  endfacet
  facet normal -0.0653592 -0.997862 0
    outer loop
      vertex 20.5 19.75 8.8
      vertex 21.0939 19.7111 10.4
      vertex 20.5 19.75 10.4
    endloop
  endfacet
  facet normal -0.0653592 -0.997862 -0
    outer loop
      vertex 21.0939 19.7111 10.4
      vertex 20.5 19.75 8.8
      vertex 21.0939 19.7111 8.8
    endloop
  endfacet
  facet normal -0.751723 -0.659479 0
    outer loop
      vertex 24.1098 17.9699 8.8
      vertex 23.7173 18.4173 10.4
      vertex 23.7173 18.4173 8.8
    endloop
  endfacet
  facet normal -0.751723 -0.659479 0
    outer loop
      vertex 23.7173 18.4173 10.4
      vertex 24.1098 17.9699 8.8
      vertex 24.1098 17.9699 10.4
    endloop
  endfacet
  facet normal 0.659479 -0.751723 0
    outer loop
      vertex 17.2827 18.4173 8.8
      vertex 17.7301 18.8098 10.4
      vertex 17.2827 18.4173 10.4
    endloop
  endfacet
  facet normal 0.659479 -0.751723 0
    outer loop
      vertex 17.7301 18.8098 10.4
      vertex 17.2827 18.4173 8.8
      vertex 17.7301 18.8098 8.8
    endloop
  endfacet
  facet normal 0.321415 -0.946939 0
    outer loop
      vertex 18.7588 19.4037 8.8
      vertex 19.3224 19.595 10.4
      vertex 18.7588 19.4037 10.4
    endloop
  endfacet
  facet normal 0.321415 -0.946939 0
    outer loop
      vertex 19.3224 19.595 10.4
      vertex 18.7588 19.4037 8.8
      vertex 19.3224 19.595 8.8
    endloop
  endfacet
  facet normal 0.831533 0.555475 0
    outer loop
      vertex 16.8902 12.4301 10.4
      vertex 16.5596 12.925 8.8
      vertex 16.5596 12.925 10.4
    endloop
  endfacet
  facet normal 0.831533 0.555475 0
    outer loop
      vertex 16.5596 12.925 8.8
      vertex 16.8902 12.4301 10.4
      vertex 16.8902 12.4301 8.8
    endloop
  endfacet
  facet normal -0.946939 -0.321415 0
    outer loop
      vertex 24.895 16.3776 8.8
      vertex 24.7037 16.9412 10.4
      vertex 24.7037 16.9412 8.8
    endloop
  endfacet
  facet normal -0.946939 -0.321415 0
    outer loop
      vertex 24.7037 16.9412 10.4
      vertex 24.895 16.3776 8.8
      vertex 24.895 16.3776 10.4
    endloop
  endfacet
  facet normal -0.980787 -0.195082 0
    outer loop
      vertex 25.0111 15.7939 8.8
      vertex 24.895 16.3776 10.4
      vertex 24.895 16.3776 8.8
    endloop
  endfacet
  facet normal -0.980787 -0.195082 0
    outer loop
      vertex 24.895 16.3776 10.4
      vertex 25.0111 15.7939 8.8
      vertex 25.0111 15.7939 10.4
    endloop
  endfacet
  facet normal -0.831533 -0.555475 0
    outer loop
      vertex 24.4404 17.475 8.8
      vertex 24.1098 17.9699 10.4
      vertex 24.1098 17.9699 8.8
    endloop
  endfacet
  facet normal -0.831533 -0.555475 0
    outer loop
      vertex 24.1098 17.9699 10.4
      vertex 24.4404 17.475 8.8
      vertex 24.4404 17.475 10.4
    endloop
  endfacet
  facet normal -0.442368 -0.896833 0
    outer loop
      vertex 22.2412 19.4037 8.8
      vertex 22.775 19.1404 10.4
      vertex 22.2412 19.4037 10.4
    endloop
  endfacet
  facet normal -0.442368 -0.896833 -0
    outer loop
      vertex 22.775 19.1404 10.4
      vertex 22.2412 19.4037 8.8
      vertex 22.775 19.1404 8.8
    endloop
  endfacet
  facet normal -0.321415 -0.946939 0
    outer loop
      vertex 21.6776 19.595 8.8
      vertex 22.2412 19.4037 10.4
      vertex 21.6776 19.595 10.4
    endloop
  endfacet
  facet normal -0.321415 -0.946939 -0
    outer loop
      vertex 22.2412 19.4037 10.4
      vertex 21.6776 19.595 8.8
      vertex 22.2412 19.4037 8.8
    endloop
  endfacet
  facet normal -0.659479 -0.751723 0
    outer loop
      vertex 23.2699 18.8098 8.8
      vertex 23.7173 18.4173 10.4
      vertex 23.2699 18.8098 10.4
    endloop
  endfacet
  facet normal -0.659479 -0.751723 -0
    outer loop
      vertex 23.7173 18.4173 10.4
      vertex 23.2699 18.8098 8.8
      vertex 23.7173 18.4173 8.8
    endloop
  endfacet
  facet normal 0.896833 -0.442368 0
    outer loop
      vertex 16.2963 16.9412 10.4
      vertex 16.5596 17.475 8.8
      vertex 16.5596 17.475 10.4
    endloop
  endfacet
  facet normal 0.896833 -0.442368 0
    outer loop
      vertex 16.5596 17.475 8.8
      vertex 16.2963 16.9412 10.4
      vertex 16.2963 16.9412 8.8
    endloop
  endfacet
  facet normal 0.831533 -0.555475 0
    outer loop
      vertex 16.5596 17.475 10.4
      vertex 16.8902 17.9699 8.8
      vertex 16.8902 17.9699 10.4
    endloop
  endfacet
  facet normal 0.831533 -0.555475 0
    outer loop
      vertex 16.8902 17.9699 8.8
      vertex 16.5596 17.475 10.4
      vertex 16.5596 17.475 8.8
    endloop
  endfacet
  facet normal 0.980787 -0.195082 0
    outer loop
      vertex 15.9889 15.7939 10.4
      vertex 16.105 16.3776 8.8
      vertex 16.105 16.3776 10.4
    endloop
  endfacet
  facet normal 0.980787 -0.195082 0
    outer loop
      vertex 16.105 16.3776 8.8
      vertex 15.9889 15.7939 10.4
      vertex 15.9889 15.7939 8.8
    endloop
  endfacet
  facet normal 0.442368 -0.896833 0
    outer loop
      vertex 18.225 19.1404 8.8
      vertex 18.7588 19.4037 10.4
      vertex 18.225 19.1404 10.4
    endloop
  endfacet
  facet normal 0.442368 -0.896833 0
    outer loop
      vertex 18.7588 19.4037 10.4
      vertex 18.225 19.1404 8.8
      vertex 18.7588 19.4037 8.8
    endloop
  endfacet
  facet normal 0.0653592 -0.997862 0
    outer loop
      vertex 19.9061 19.7111 8.8
      vertex 20.5 19.75 10.4
      vertex 19.9061 19.7111 10.4
    endloop
  endfacet
  facet normal 0.0653592 -0.997862 0
    outer loop
      vertex 20.5 19.75 10.4
      vertex 19.9061 19.7111 8.8
      vertex 20.5 19.75 8.8
    endloop
  endfacet
  facet normal -0.896833 0.442368 0
    outer loop
      vertex 24.4404 12.925 8.8
      vertex 24.7037 13.4588 10.4
      vertex 24.7037 13.4588 8.8
    endloop
  endfacet
  facet normal -0.896833 0.442368 0
    outer loop
      vertex 24.7037 13.4588 10.4
      vertex 24.4404 12.925 8.8
      vertex 24.4404 12.925 10.4
    endloop
  endfacet
  facet normal -0.321415 0.946939 0
    outer loop
      vertex 22.2412 10.9963 8.8
      vertex 21.6776 10.805 10.4
      vertex 22.2412 10.9963 10.4
    endloop
  endfacet
  facet normal -0.321415 0.946939 0
    outer loop
      vertex 21.6776 10.805 10.4
      vertex 22.2412 10.9963 8.8
      vertex 21.6776 10.805 8.8
    endloop
  endfacet
  facet normal -0.751723 0.659479 0
    outer loop
      vertex 23.7173 11.9827 8.8
      vertex 24.1098 12.4301 10.4
      vertex 24.1098 12.4301 8.8
    endloop
  endfacet
  facet normal -0.751723 0.659479 0
    outer loop
      vertex 24.1098 12.4301 10.4
      vertex 23.7173 11.9827 8.8
      vertex 23.7173 11.9827 10.4
    endloop
  endfacet
  facet normal -0.555475 0.831533 0
    outer loop
      vertex 23.2699 11.5902 8.8
      vertex 22.775 11.2596 10.4
      vertex 23.2699 11.5902 10.4
    endloop
  endfacet
  facet normal -0.555475 0.831533 0
    outer loop
      vertex 22.775 11.2596 10.4
      vertex 23.2699 11.5902 8.8
      vertex 22.775 11.2596 8.8
    endloop
  endfacet
  facet normal -0.831533 0.555475 0
    outer loop
      vertex 24.1098 12.4301 8.8
      vertex 24.4404 12.925 10.4
      vertex 24.4404 12.925 8.8
    endloop
  endfacet
  facet normal -0.831533 0.555475 0
    outer loop
      vertex 24.4404 12.925 10.4
      vertex 24.1098 12.4301 8.8
      vertex 24.1098 12.4301 10.4
    endloop
  endfacet
  facet normal -0.980787 0.195082 0
    outer loop
      vertex 24.895 14.0224 8.8
      vertex 25.0111 14.6061 10.4
      vertex 25.0111 14.6061 8.8
    endloop
  endfacet
  facet normal -0.980787 0.195082 0
    outer loop
      vertex 25.0111 14.6061 10.4
      vertex 24.895 14.0224 8.8
      vertex 24.895 14.0224 10.4
    endloop
  endfacet
  facet normal 0.321415 0.946939 -0
    outer loop
      vertex 19.3224 10.805 8.8
      vertex 18.7588 10.9963 10.4
      vertex 19.3224 10.805 10.4
    endloop
  endfacet
  facet normal 0.321415 0.946939 0
    outer loop
      vertex 18.7588 10.9963 10.4
      vertex 19.3224 10.805 8.8
      vertex 18.7588 10.9963 8.8
    endloop
  endfacet
  facet normal 0.659479 0.751723 -0
    outer loop
      vertex 17.7301 11.5902 8.8
      vertex 17.2827 11.9827 10.4
      vertex 17.7301 11.5902 10.4
    endloop
  endfacet
  facet normal 0.659479 0.751723 0
    outer loop
      vertex 17.2827 11.9827 10.4
      vertex 17.7301 11.5902 8.8
      vertex 17.2827 11.9827 8.8
    endloop
  endfacet
  facet normal 0.555475 0.831533 -0
    outer loop
      vertex 18.225 11.2596 8.8
      vertex 17.7301 11.5902 10.4
      vertex 18.225 11.2596 10.4
    endloop
  endfacet
  facet normal 0.555475 0.831533 0
    outer loop
      vertex 17.7301 11.5902 10.4
      vertex 18.225 11.2596 8.8
      vertex 17.7301 11.5902 8.8
    endloop
  endfacet
  facet normal 0.997862 0.0653592 0
    outer loop
      vertex 15.9889 14.6061 10.4
      vertex 15.95 15.2 8.8
      vertex 15.95 15.2 10.4
    endloop
  endfacet
  facet normal 0.997862 0.0653592 0
    outer loop
      vertex 15.95 15.2 8.8
      vertex 15.9889 14.6061 10.4
      vertex 15.9889 14.6061 8.8
    endloop
  endfacet
  facet normal 0.896833 0.442368 0
    outer loop
      vertex 16.5596 12.925 10.4
      vertex 16.2963 13.4588 8.8
      vertex 16.2963 13.4588 10.4
    endloop
  endfacet
  facet normal 0.896833 0.442368 0
    outer loop
      vertex 16.2963 13.4588 8.8
      vertex 16.5596 12.925 10.4
      vertex 16.5596 12.925 8.8
    endloop
  endfacet
  facet normal -0.896833 -0.442368 0
    outer loop
      vertex 24.7037 16.9412 8.8
      vertex 24.4404 17.475 10.4
      vertex 24.4404 17.475 8.8
    endloop
  endfacet
  facet normal -0.896833 -0.442368 0
    outer loop
      vertex 24.4404 17.475 10.4
      vertex 24.7037 16.9412 8.8
      vertex 24.7037 16.9412 10.4
    endloop
  endfacet
  facet normal -0.555475 -0.831533 0
    outer loop
      vertex 22.775 19.1404 8.8
      vertex 23.2699 18.8098 10.4
      vertex 22.775 19.1404 10.4
    endloop
  endfacet
  facet normal -0.555475 -0.831533 -0
    outer loop
      vertex 23.2699 18.8098 10.4
      vertex 22.775 19.1404 8.8
      vertex 23.2699 18.8098 8.8
    endloop
  endfacet
  facet normal 0.751723 -0.659479 0
    outer loop
      vertex 16.8902 17.9699 10.4
      vertex 17.2827 18.4173 8.8
      vertex 17.2827 18.4173 10.4
    endloop
  endfacet
  facet normal 0.751723 -0.659479 0
    outer loop
      vertex 17.2827 18.4173 8.8
      vertex 16.8902 17.9699 10.4
      vertex 16.8902 17.9699 8.8
    endloop
  endfacet
  facet normal 0.946939 -0.321415 0
    outer loop
      vertex 16.105 16.3776 10.4
      vertex 16.2963 16.9412 8.8
      vertex 16.2963 16.9412 10.4
    endloop
  endfacet
  facet normal 0.946939 -0.321415 0
    outer loop
      vertex 16.2963 16.9412 8.8
      vertex 16.105 16.3776 10.4
      vertex 16.105 16.3776 8.8
    endloop
  endfacet
  facet normal 0.195082 -0.980787 0
    outer loop
      vertex 19.3224 19.595 8.8
      vertex 19.9061 19.7111 10.4
      vertex 19.3224 19.595 10.4
    endloop
  endfacet
  facet normal 0.195082 -0.980787 0
    outer loop
      vertex 19.9061 19.7111 10.4
      vertex 19.3224 19.595 8.8
      vertex 19.9061 19.7111 8.8
    endloop
  endfacet
  facet normal -0.0653592 0.997862 0
    outer loop
      vertex 21.0939 10.6889 8.8
      vertex 20.5 10.65 10.4
      vertex 21.0939 10.6889 10.4
    endloop
  endfacet
  facet normal -0.0653592 0.997862 0
    outer loop
      vertex 20.5 10.65 10.4
      vertex 21.0939 10.6889 8.8
      vertex 20.5 10.65 8.8
    endloop
  endfacet
  facet normal -0.195082 0.980787 0
    outer loop
      vertex 21.6776 10.805 8.8
      vertex 21.0939 10.6889 10.4
      vertex 21.6776 10.805 10.4
    endloop
  endfacet
  facet normal -0.195082 0.980787 0
    outer loop
      vertex 21.0939 10.6889 10.4
      vertex 21.6776 10.805 8.8
      vertex 21.0939 10.6889 8.8
    endloop
  endfacet
  facet normal -0.659479 0.751723 0
    outer loop
      vertex 23.7173 11.9827 8.8
      vertex 23.2699 11.5902 10.4
      vertex 23.7173 11.9827 10.4
    endloop
  endfacet
  facet normal -0.659479 0.751723 0
    outer loop
      vertex 23.2699 11.5902 10.4
      vertex 23.7173 11.9827 8.8
      vertex 23.2699 11.5902 8.8
    endloop
  endfacet
  facet normal -0.997862 0.0653592 0
    outer loop
      vertex 25.0111 14.6061 8.8
      vertex 25.05 15.2 10.4
      vertex 25.05 15.2 8.8
    endloop
  endfacet
  facet normal -0.997862 0.0653592 0
    outer loop
      vertex 25.05 15.2 10.4
      vertex 25.0111 14.6061 8.8
      vertex 25.0111 14.6061 10.4
    endloop
  endfacet
  facet normal 0.195082 0.980787 -0
    outer loop
      vertex 19.9061 10.6889 8.8
      vertex 19.3224 10.805 10.4
      vertex 19.9061 10.6889 10.4
    endloop
  endfacet
  facet normal 0.195082 0.980787 0
    outer loop
      vertex 19.3224 10.805 10.4
      vertex 19.9061 10.6889 8.8
      vertex 19.3224 10.805 8.8
    endloop
  endfacet
  facet normal 0.0653592 0.997862 -0
    outer loop
      vertex 20.5 10.65 8.8
      vertex 19.9061 10.6889 10.4
      vertex 20.5 10.65 10.4
    endloop
  endfacet
  facet normal 0.0653592 0.997862 0
    outer loop
      vertex 19.9061 10.6889 10.4
      vertex 20.5 10.65 8.8
      vertex 19.9061 10.6889 8.8
    endloop
  endfacet
  facet normal 0.751723 0.659479 0
    outer loop
      vertex 17.2827 11.9827 10.4
      vertex 16.8902 12.4301 8.8
      vertex 16.8902 12.4301 10.4
    endloop
  endfacet
  facet normal 0.751723 0.659479 0
    outer loop
      vertex 16.8902 12.4301 8.8
      vertex 17.2827 11.9827 10.4
      vertex 17.2827 11.9827 8.8
    endloop
  endfacet
  facet normal 0.980787 0.195082 0
    outer loop
      vertex 16.105 14.0224 10.4
      vertex 15.9889 14.6061 8.8
      vertex 15.9889 14.6061 10.4
    endloop
  endfacet
  facet normal 0.980787 0.195082 0
    outer loop
      vertex 15.9889 14.6061 8.8
      vertex 16.105 14.0224 10.4
      vertex 16.105 14.0224 8.8
    endloop
  endfacet
  facet normal 0.946939 0.321415 0
    outer loop
      vertex 16.2963 13.4588 10.4
      vertex 16.105 14.0224 8.8
      vertex 16.105 14.0224 10.4
    endloop
  endfacet
  facet normal 0.946939 0.321415 0
    outer loop
      vertex 16.105 14.0224 8.8
      vertex 16.2963 13.4588 10.4
      vertex 16.2963 13.4588 8.8
    endloop
  endfacet
  facet normal -0.195082 -0.980787 0
    outer loop
      vertex 21.0939 19.7111 8.8
      vertex 21.6776 19.595 10.4
      vertex 21.0939 19.7111 10.4
    endloop
  endfacet
  facet normal -0.195082 -0.980787 -0
    outer loop
      vertex 21.6776 19.595 10.4
      vertex 21.0939 19.7111 8.8
      vertex 21.6776 19.595 8.8
    endloop
  endfacet
  facet normal 0.555475 -0.831533 0
    outer loop
      vertex 17.7301 18.8098 8.8
      vertex 18.225 19.1404 10.4
      vertex 17.7301 18.8098 10.4
    endloop
  endfacet
  facet normal 0.555475 -0.831533 0
    outer loop
      vertex 18.225 19.1404 10.4
      vertex 17.7301 18.8098 8.8
      vertex 18.225 19.1404 8.8
    endloop
  endfacet
  facet normal -0.442368 0.896833 0
    outer loop
      vertex 22.775 11.2596 8.8
      vertex 22.2412 10.9963 10.4
      vertex 22.775 11.2596 10.4
    endloop
  endfacet
  facet normal -0.442368 0.896833 0
    outer loop
      vertex 22.2412 10.9963 10.4
      vertex 22.775 11.2596 8.8
      vertex 22.2412 10.9963 8.8
    endloop
  endfacet
  facet normal -0.946939 0.321415 0
    outer loop
      vertex 24.7037 13.4588 8.8
      vertex 24.895 14.0224 10.4
      vertex 24.895 14.0224 8.8
    endloop
  endfacet
  facet normal -0.946939 0.321415 0
    outer loop
      vertex 24.895 14.0224 10.4
      vertex 24.7037 13.4588 8.8
      vertex 24.7037 13.4588 10.4
    endloop
  endfacet
  facet normal 0.442368 0.896833 -0
    outer loop
      vertex 18.7588 10.9963 8.8
      vertex 18.225 11.2596 10.4
      vertex 18.7588 10.9963 10.4
    endloop
  endfacet
  facet normal 0.442368 0.896833 0
    outer loop
      vertex 18.225 11.2596 10.4
      vertex 18.7588 10.9963 8.8
      vertex 18.225 11.2596 8.8
    endloop
  endfacet
  facet normal -0.997862 -0.0653592 0
    outer loop
      vertex 46.05 15.2 8.8
      vertex 46.0111 15.7939 10.4
      vertex 46.0111 15.7939 8.8
    endloop
  endfacet
  facet normal -0.997862 -0.0653592 0
    outer loop
      vertex 46.0111 15.7939 10.4
      vertex 46.05 15.2 8.8
      vertex 46.05 15.2 10.4
    endloop
  endfacet
  facet normal 0.997862 -0.0653592 0
    outer loop
      vertex 36.95 15.2 10.4
      vertex 36.9889 15.7939 8.8
      vertex 36.9889 15.7939 10.4
    endloop
  endfacet
  facet normal 0.997862 -0.0653592 0
    outer loop
      vertex 36.9889 15.7939 8.8
      vertex 36.95 15.2 10.4
      vertex 36.95 15.2 8.8
    endloop
  endfacet
  facet normal -0.0653592 -0.997862 0
    outer loop
      vertex 41.5 19.75 8.8
      vertex 42.0939 19.7111 10.4
      vertex 41.5 19.75 10.4
    endloop
  endfacet
  facet normal -0.0653592 -0.997862 -0
    outer loop
      vertex 42.0939 19.7111 10.4
      vertex 41.5 19.75 8.8
      vertex 42.0939 19.7111 8.8
    endloop
  endfacet
  facet normal 0.0653592 0.997862 -0
    outer loop
      vertex 41.5 10.65 8.8
      vertex 40.9061 10.6889 10.4
      vertex 41.5 10.65 10.4
    endloop
  endfacet
  facet normal 0.0653592 0.997862 0
    outer loop
      vertex 40.9061 10.6889 10.4
      vertex 41.5 10.65 8.8
      vertex 40.9061 10.6889 8.8
    endloop
  endfacet
  facet normal -0.751723 -0.659479 0
    outer loop
      vertex 45.1098 17.9699 8.8
      vertex 44.7173 18.4173 10.4
      vertex 44.7173 18.4173 8.8
    endloop
  endfacet
  facet normal -0.751723 -0.659479 0
    outer loop
      vertex 44.7173 18.4173 10.4
      vertex 45.1098 17.9699 8.8
      vertex 45.1098 17.9699 10.4
    endloop
  endfacet
  facet normal 0.659479 -0.751723 0
    outer loop
      vertex 38.2827 18.4173 8.8
      vertex 38.7301 18.8098 10.4
      vertex 38.2827 18.4173 10.4
    endloop
  endfacet
  facet normal 0.659479 -0.751723 0
    outer loop
      vertex 38.7301 18.8098 10.4
      vertex 38.2827 18.4173 8.8
      vertex 38.7301 18.8098 8.8
    endloop
  endfacet
  facet normal 0.321415 -0.946939 0
    outer loop
      vertex 39.7588 19.4037 8.8
      vertex 40.3224 19.595 10.4
      vertex 39.7588 19.4037 10.4
    endloop
  endfacet
  facet normal 0.321415 -0.946939 0
    outer loop
      vertex 40.3224 19.595 10.4
      vertex 39.7588 19.4037 8.8
      vertex 40.3224 19.595 8.8
    endloop
  endfacet
  facet normal 0.980787 0.195082 0
    outer loop
      vertex 37.105 14.0224 10.4
      vertex 36.9889 14.6061 8.8
      vertex 36.9889 14.6061 10.4
    endloop
  endfacet
  facet normal 0.980787 0.195082 0
    outer loop
      vertex 36.9889 14.6061 8.8
      vertex 37.105 14.0224 10.4
      vertex 37.105 14.0224 8.8
    endloop
  endfacet
  facet normal -0.896833 -0.442368 0
    outer loop
      vertex 45.7037 16.9412 8.8
      vertex 45.4404 17.475 10.4
      vertex 45.4404 17.475 8.8
    endloop
  endfacet
  facet normal -0.896833 -0.442368 0
    outer loop
      vertex 45.4404 17.475 10.4
      vertex 45.7037 16.9412 8.8
      vertex 45.7037 16.9412 10.4
    endloop
  endfacet
  facet normal -0.980787 -0.195082 0
    outer loop
      vertex 46.0111 15.7939 8.8
      vertex 45.895 16.3776 10.4
      vertex 45.895 16.3776 8.8
    endloop
  endfacet
  facet normal -0.980787 -0.195082 0
    outer loop
      vertex 45.895 16.3776 10.4
      vertex 46.0111 15.7939 8.8
      vertex 46.0111 15.7939 10.4
    endloop
  endfacet
  facet normal -0.831533 -0.555475 0
    outer loop
      vertex 45.4404 17.475 8.8
      vertex 45.1098 17.9699 10.4
      vertex 45.1098 17.9699 8.8
    endloop
  endfacet
  facet normal -0.831533 -0.555475 0
    outer loop
      vertex 45.1098 17.9699 10.4
      vertex 45.4404 17.475 8.8
      vertex 45.4404 17.475 10.4
    endloop
  endfacet
  facet normal -0.442368 -0.896833 0
    outer loop
      vertex 43.2412 19.4037 8.8
      vertex 43.775 19.1404 10.4
      vertex 43.2412 19.4037 10.4
    endloop
  endfacet
  facet normal -0.442368 -0.896833 -0
    outer loop
      vertex 43.775 19.1404 10.4
      vertex 43.2412 19.4037 8.8
      vertex 43.775 19.1404 8.8
    endloop
  endfacet
  facet normal -0.321415 -0.946939 0
    outer loop
      vertex 42.6776 19.595 8.8
      vertex 43.2412 19.4037 10.4
      vertex 42.6776 19.595 10.4
    endloop
  endfacet
  facet normal -0.321415 -0.946939 -0
    outer loop
      vertex 43.2412 19.4037 10.4
      vertex 42.6776 19.595 8.8
      vertex 43.2412 19.4037 8.8
    endloop
  endfacet
  facet normal -0.555475 -0.831533 0
    outer loop
      vertex 43.775 19.1404 8.8
      vertex 44.2699 18.8098 10.4
      vertex 43.775 19.1404 10.4
    endloop
  endfacet
  facet normal -0.555475 -0.831533 -0
    outer loop
      vertex 44.2699 18.8098 10.4
      vertex 43.775 19.1404 8.8
      vertex 44.2699 18.8098 8.8
    endloop
  endfacet
  facet normal 0.896833 -0.442368 0
    outer loop
      vertex 37.2963 16.9412 10.4
      vertex 37.5596 17.475 8.8
      vertex 37.5596 17.475 10.4
    endloop
  endfacet
  facet normal 0.896833 -0.442368 0
    outer loop
      vertex 37.5596 17.475 8.8
      vertex 37.2963 16.9412 10.4
      vertex 37.2963 16.9412 8.8
    endloop
  endfacet
  facet normal 0.831533 -0.555475 0
    outer loop
      vertex 37.5596 17.475 10.4
      vertex 37.8902 17.9699 8.8
      vertex 37.8902 17.9699 10.4
    endloop
  endfacet
  facet normal 0.831533 -0.555475 0
    outer loop
      vertex 37.8902 17.9699 8.8
      vertex 37.5596 17.475 10.4
      vertex 37.5596 17.475 8.8
    endloop
  endfacet
  facet normal 0.442368 -0.896833 0
    outer loop
      vertex 39.225 19.1404 8.8
      vertex 39.7588 19.4037 10.4
      vertex 39.225 19.1404 10.4
    endloop
  endfacet
  facet normal 0.442368 -0.896833 0
    outer loop
      vertex 39.7588 19.4037 10.4
      vertex 39.225 19.1404 8.8
      vertex 39.7588 19.4037 8.8
    endloop
  endfacet
  facet normal 0.195082 -0.980787 0
    outer loop
      vertex 40.3224 19.595 8.8
      vertex 40.9061 19.7111 10.4
      vertex 40.3224 19.595 10.4
    endloop
  endfacet
  facet normal 0.195082 -0.980787 0
    outer loop
      vertex 40.9061 19.7111 10.4
      vertex 40.3224 19.595 8.8
      vertex 40.9061 19.7111 8.8
    endloop
  endfacet
  facet normal -0.896833 0.442368 0
    outer loop
      vertex 45.4404 12.925 8.8
      vertex 45.7037 13.4588 10.4
      vertex 45.7037 13.4588 8.8
    endloop
  endfacet
  facet normal -0.896833 0.442368 0
    outer loop
      vertex 45.7037 13.4588 10.4
      vertex 45.4404 12.925 8.8
      vertex 45.4404 12.925 10.4
    endloop
  endfacet
  facet normal -0.321415 0.946939 0
    outer loop
      vertex 43.2412 10.9963 8.8
      vertex 42.6776 10.805 10.4
      vertex 43.2412 10.9963 10.4
    endloop
  endfacet
  facet normal -0.321415 0.946939 0
    outer loop
      vertex 42.6776 10.805 10.4
      vertex 43.2412 10.9963 8.8
      vertex 42.6776 10.805 8.8
    endloop
  endfacet
  facet normal -0.751723 0.659479 0
    outer loop
      vertex 44.7173 11.9827 8.8
      vertex 45.1098 12.4301 10.4
      vertex 45.1098 12.4301 8.8
    endloop
  endfacet
  facet normal -0.751723 0.659479 0
    outer loop
      vertex 45.1098 12.4301 10.4
      vertex 44.7173 11.9827 8.8
      vertex 44.7173 11.9827 10.4
    endloop
  endfacet
  facet normal -0.555475 0.831533 0
    outer loop
      vertex 44.2699 11.5902 8.8
      vertex 43.775 11.2596 10.4
      vertex 44.2699 11.5902 10.4
    endloop
  endfacet
  facet normal -0.555475 0.831533 0
    outer loop
      vertex 43.775 11.2596 10.4
      vertex 44.2699 11.5902 8.8
      vertex 43.775 11.2596 8.8
    endloop
  endfacet
  facet normal -0.831533 0.555475 0
    outer loop
      vertex 45.1098 12.4301 8.8
      vertex 45.4404 12.925 10.4
      vertex 45.4404 12.925 8.8
    endloop
  endfacet
  facet normal -0.831533 0.555475 0
    outer loop
      vertex 45.4404 12.925 10.4
      vertex 45.1098 12.4301 8.8
      vertex 45.1098 12.4301 10.4
    endloop
  endfacet
  facet normal -0.980787 0.195082 0
    outer loop
      vertex 45.895 14.0224 8.8
      vertex 46.0111 14.6061 10.4
      vertex 46.0111 14.6061 8.8
    endloop
  endfacet
  facet normal -0.980787 0.195082 0
    outer loop
      vertex 46.0111 14.6061 10.4
      vertex 45.895 14.0224 8.8
      vertex 45.895 14.0224 10.4
    endloop
  endfacet
  facet normal 0.442368 0.896833 -0
    outer loop
      vertex 39.7588 10.9963 8.8
      vertex 39.225 11.2596 10.4
      vertex 39.7588 10.9963 10.4
    endloop
  endfacet
  facet normal 0.442368 0.896833 0
    outer loop
      vertex 39.225 11.2596 10.4
      vertex 39.7588 10.9963 8.8
      vertex 39.225 11.2596 8.8
    endloop
  endfacet
  facet normal 0.659479 0.751723 -0
    outer loop
      vertex 38.7301 11.5902 8.8
      vertex 38.2827 11.9827 10.4
      vertex 38.7301 11.5902 10.4
    endloop
  endfacet
  facet normal 0.659479 0.751723 0
    outer loop
      vertex 38.2827 11.9827 10.4
      vertex 38.7301 11.5902 8.8
      vertex 38.2827 11.9827 8.8
    endloop
  endfacet
  facet normal 0.321415 0.946939 -0
    outer loop
      vertex 40.3224 10.805 8.8
      vertex 39.7588 10.9963 10.4
      vertex 40.3224 10.805 10.4
    endloop
  endfacet
  facet normal 0.321415 0.946939 0
    outer loop
      vertex 39.7588 10.9963 10.4
      vertex 40.3224 10.805 8.8
      vertex 39.7588 10.9963 8.8
    endloop
  endfacet
  facet normal 0.896833 0.442368 0
    outer loop
      vertex 37.5596 12.925 10.4
      vertex 37.2963 13.4588 8.8
      vertex 37.2963 13.4588 10.4
    endloop
  endfacet
  facet normal 0.896833 0.442368 0
    outer loop
      vertex 37.2963 13.4588 8.8
      vertex 37.5596 12.925 10.4
      vertex 37.5596 12.925 8.8
    endloop
  endfacet
  facet normal 0.831533 0.555475 0
    outer loop
      vertex 37.8902 12.4301 10.4
      vertex 37.5596 12.925 8.8
      vertex 37.5596 12.925 10.4
    endloop
  endfacet
  facet normal 0.831533 0.555475 0
    outer loop
      vertex 37.5596 12.925 8.8
      vertex 37.8902 12.4301 10.4
      vertex 37.8902 12.4301 8.8
    endloop
  endfacet
  facet normal 0.997862 0.0653592 0
    outer loop
      vertex 36.9889 14.6061 10.4
      vertex 36.95 15.2 8.8
      vertex 36.95 15.2 10.4
    endloop
  endfacet
  facet normal 0.997862 0.0653592 0
    outer loop
      vertex 36.95 15.2 8.8
      vertex 36.9889 14.6061 10.4
      vertex 36.9889 14.6061 8.8
    endloop
  endfacet
  facet normal -0.946939 -0.321415 0
    outer loop
      vertex 45.895 16.3776 8.8
      vertex 45.7037 16.9412 10.4
      vertex 45.7037 16.9412 8.8
    endloop
  endfacet
  facet normal -0.946939 -0.321415 0
    outer loop
      vertex 45.7037 16.9412 10.4
      vertex 45.895 16.3776 8.8
      vertex 45.895 16.3776 10.4
    endloop
  endfacet
  facet normal -0.195082 -0.980787 0
    outer loop
      vertex 42.0939 19.7111 8.8
      vertex 42.6776 19.595 10.4
      vertex 42.0939 19.7111 10.4
    endloop
  endfacet
  facet normal -0.195082 -0.980787 -0
    outer loop
      vertex 42.6776 19.595 10.4
      vertex 42.0939 19.7111 8.8
      vertex 42.6776 19.595 8.8
    endloop
  endfacet
  facet normal -0.659479 -0.751723 0
    outer loop
      vertex 44.2699 18.8098 8.8
      vertex 44.7173 18.4173 10.4
      vertex 44.2699 18.8098 10.4
    endloop
  endfacet
  facet normal -0.659479 -0.751723 -0
    outer loop
      vertex 44.7173 18.4173 10.4
      vertex 44.2699 18.8098 8.8
      vertex 44.7173 18.4173 8.8
    endloop
  endfacet
  facet normal 0.980787 -0.195082 0
    outer loop
      vertex 36.9889 15.7939 10.4
      vertex 37.105 16.3776 8.8
      vertex 37.105 16.3776 10.4
    endloop
  endfacet
  facet normal 0.980787 -0.195082 0
    outer loop
      vertex 37.105 16.3776 8.8
      vertex 36.9889 15.7939 10.4
      vertex 36.9889 15.7939 8.8
    endloop
  endfacet
  facet normal 0.0653592 -0.997862 0
    outer loop
      vertex 40.9061 19.7111 8.8
      vertex 41.5 19.75 10.4
      vertex 40.9061 19.7111 10.4
    endloop
  endfacet
  facet normal 0.0653592 -0.997862 0
    outer loop
      vertex 41.5 19.75 10.4
      vertex 40.9061 19.7111 8.8
      vertex 41.5 19.75 8.8
    endloop
  endfacet
  facet normal -0.0653592 0.997862 0
    outer loop
      vertex 42.0939 10.6889 8.8
      vertex 41.5 10.65 10.4
      vertex 42.0939 10.6889 10.4
    endloop
  endfacet
  facet normal -0.0653592 0.997862 0
    outer loop
      vertex 41.5 10.65 10.4
      vertex 42.0939 10.6889 8.8
      vertex 41.5 10.65 8.8
    endloop
  endfacet
  facet normal -0.659479 0.751723 0
    outer loop
      vertex 44.7173 11.9827 8.8
      vertex 44.2699 11.5902 10.4
      vertex 44.7173 11.9827 10.4
    endloop
  endfacet
  facet normal -0.659479 0.751723 0
    outer loop
      vertex 44.2699 11.5902 10.4
      vertex 44.7173 11.9827 8.8
      vertex 44.2699 11.5902 8.8
    endloop
  endfacet
  facet normal -0.997862 0.0653592 0
    outer loop
      vertex 46.0111 14.6061 8.8
      vertex 46.05 15.2 10.4
      vertex 46.05 15.2 8.8
    endloop
  endfacet
  facet normal -0.997862 0.0653592 0
    outer loop
      vertex 46.05 15.2 10.4
      vertex 46.0111 14.6061 8.8
      vertex 46.0111 14.6061 10.4
    endloop
  endfacet
  facet normal 0.555475 0.831533 -0
    outer loop
      vertex 39.225 11.2596 8.8
      vertex 38.7301 11.5902 10.4
      vertex 39.225 11.2596 10.4
    endloop
  endfacet
  facet normal 0.555475 0.831533 0
    outer loop
      vertex 38.7301 11.5902 10.4
      vertex 39.225 11.2596 8.8
      vertex 38.7301 11.5902 8.8
    endloop
  endfacet
  facet normal 0.195082 0.980787 -0
    outer loop
      vertex 40.9061 10.6889 8.8
      vertex 40.3224 10.805 10.4
      vertex 40.9061 10.6889 10.4
    endloop
  endfacet
  facet normal 0.195082 0.980787 0
    outer loop
      vertex 40.3224 10.805 10.4
      vertex 40.9061 10.6889 8.8
      vertex 40.3224 10.805 8.8
    endloop
  endfacet
  facet normal 0.751723 0.659479 0
    outer loop
      vertex 38.2827 11.9827 10.4
      vertex 37.8902 12.4301 8.8
      vertex 37.8902 12.4301 10.4
    endloop
  endfacet
  facet normal 0.751723 0.659479 0
    outer loop
      vertex 37.8902 12.4301 8.8
      vertex 38.2827 11.9827 10.4
      vertex 38.2827 11.9827 8.8
    endloop
  endfacet
  facet normal 0.751723 -0.659479 0
    outer loop
      vertex 37.8902 17.9699 10.4
      vertex 38.2827 18.4173 8.8
      vertex 38.2827 18.4173 10.4
    endloop
  endfacet
  facet normal 0.751723 -0.659479 0
    outer loop
      vertex 38.2827 18.4173 8.8
      vertex 37.8902 17.9699 10.4
      vertex 37.8902 17.9699 8.8
    endloop
  endfacet
  facet normal 0.946939 -0.321415 0
    outer loop
      vertex 37.105 16.3776 10.4
      vertex 37.2963 16.9412 8.8
      vertex 37.2963 16.9412 10.4
    endloop
  endfacet
  facet normal 0.946939 -0.321415 0
    outer loop
      vertex 37.2963 16.9412 8.8
      vertex 37.105 16.3776 10.4
      vertex 37.105 16.3776 8.8
    endloop
  endfacet
  facet normal 0.555475 -0.831533 0
    outer loop
      vertex 38.7301 18.8098 8.8
      vertex 39.225 19.1404 10.4
      vertex 38.7301 18.8098 10.4
    endloop
  endfacet
  facet normal 0.555475 -0.831533 0
    outer loop
      vertex 39.225 19.1404 10.4
      vertex 38.7301 18.8098 8.8
      vertex 39.225 19.1404 8.8
    endloop
  endfacet
  facet normal -0.195082 0.980787 0
    outer loop
      vertex 42.6776 10.805 8.8
      vertex 42.0939 10.6889 10.4
      vertex 42.6776 10.805 10.4
    endloop
  endfacet
  facet normal -0.195082 0.980787 0
    outer loop
      vertex 42.0939 10.6889 10.4
      vertex 42.6776 10.805 8.8
      vertex 42.0939 10.6889 8.8
    endloop
  endfacet
  facet normal -0.442368 0.896833 0
    outer loop
      vertex 43.775 11.2596 8.8
      vertex 43.2412 10.9963 10.4
      vertex 43.775 11.2596 10.4
    endloop
  endfacet
  facet normal -0.442368 0.896833 0
    outer loop
      vertex 43.2412 10.9963 10.4
      vertex 43.775 11.2596 8.8
      vertex 43.2412 10.9963 8.8
    endloop
  endfacet
  facet normal -0.946939 0.321415 0
    outer loop
      vertex 45.7037 13.4588 8.8
      vertex 45.895 14.0224 10.4
      vertex 45.895 14.0224 8.8
    endloop
  endfacet
  facet normal -0.946939 0.321415 0
    outer loop
      vertex 45.895 14.0224 10.4
      vertex 45.7037 13.4588 8.8
      vertex 45.7037 13.4588 10.4
    endloop
  endfacet
  facet normal 0.946939 0.321415 0
    outer loop
      vertex 37.2963 13.4588 10.4
      vertex 37.105 14.0224 8.8
      vertex 37.105 14.0224 10.4
    endloop
  endfacet
  facet normal 0.946939 0.321415 0
    outer loop
      vertex 37.105 14.0224 8.8
      vertex 37.2963 13.4588 10.4
      vertex 37.2963 13.4588 8.8
    endloop
  endfacet
  facet normal -0.321446 0.946928 0
    outer loop
      vertex 60.7795 -1.29603 4.1
      vertex 60.2035 -1.49156 7.24
      vertex 60.7795 -1.29603 7.24
    endloop
  endfacet
  facet normal -0.321446 0.946928 0
    outer loop
      vertex 60.2035 -1.49156 7.24
      vertex 60.7795 -1.29603 4.1
      vertex 60.2035 -1.49156 4.1
    endloop
  endfacet
  facet normal 0.194041 -0.980993 0
    outer loop
      vertex 1.79649 118.692 4.1
      vertex 2.39305 118.81 7.24
      vertex 1.79649 118.692 7.24
    endloop
  endfacet
  facet normal 0.194041 -0.980993 0
    outer loop
      vertex 2.39305 118.81 7.24
      vertex 1.79649 118.692 4.1
      vertex 2.39305 118.81 4.1
    endloop
  endfacet
  facet normal -0.195057 0.980792 0
    outer loop
      vertex 60.2035 -1.49156 4.1
      vertex 59.6069 -1.61021 7.24
      vertex 60.2035 -1.49156 7.24
    endloop
  endfacet
  facet normal -0.195057 0.980792 0
    outer loop
      vertex 59.6069 -1.61021 7.24
      vertex 60.2035 -1.49156 4.1
      vertex 59.6069 -1.61021 4.1
    endloop
  endfacet
  facet normal -0.946723 -0.32205 0
    outer loop
      vertex 63.4916 115.404 4.1
      vertex 63.296 115.979 7.24
      vertex 63.296 115.979 4.1
    endloop
  endfacet
  facet normal -0.946723 -0.32205 0
    outer loop
      vertex 63.296 115.979 7.24
      vertex 63.4916 115.404 4.1
      vertex 63.4916 115.404 7.24
    endloop
  endfacet
  facet normal 0.997859 -0.0653951 0
    outer loop
      vertex -1.64999 114.2 7.24
      vertex -1.61021 114.807 4.1
      vertex -1.61021 114.807 7.24
    endloop
  endfacet
  facet normal 0.997859 -0.0653951 0
    outer loop
      vertex -1.61021 114.807 4.1
      vertex -1.64999 114.2 7.24
      vertex -1.64999 114.2 4.1
    endloop
  endfacet
  facet normal 0 0 -1
    outer loop
      vertex 62.5 3 7.24
      vertex 63.65 3 7.24
      vertex 63.6102 2.39305 7.24
    endloop
  endfacet
  facet normal 0 0 -1
    outer loop
      vertex 63.65 3 7.24
      vertex 62.5 3 7.24
      vertex 63.65 114.2 7.24
    endloop
  endfacet
  facet normal 0 0 -1
    outer loop
      vertex 62.4701 2.54315 7.24
      vertex 63.6102 2.39305 7.24
      vertex 63.4916 1.79649 7.24
    endloop
  endfacet
  facet normal 0 0 -1
    outer loop
      vertex 62.5 114.2 7.24
      vertex 63.65 114.2 7.24
      vertex 62.5 3 7.24
    endloop
  endfacet
  facet normal 0 0 -1
    outer loop
      vertex 62.3807 2.09413 7.24
      vertex 63.4916 1.79649 7.24
      vertex 63.296 1.22052 7.24
    endloop
  endfacet
  facet normal 0 0 -1
    outer loop
      vertex 63.65 114.2 7.24
      vertex 62.5 114.2 7.24
      vertex 63.6102 114.807 7.24
    endloop
  endfacet
  facet normal 0 0 -1
    outer loop
      vertex 62.2336 1.66061 7.24
      vertex 63.296 1.22052 7.24
      vertex 63.027 0.675003 7.24
    endloop
  endfacet
  facet normal 0 0 -1
    outer loop
      vertex 62.4701 114.657 7.24
      vertex 63.6102 114.807 7.24
      vertex 62.5 114.2 7.24
    endloop
  endfacet
  facet normal 0 0 -1
    outer loop
      vertex 62.0311 1.25 7.24
      vertex 63.027 0.675003 7.24
      vertex 62.6891 0.169266 7.24
    endloop
  endfacet
  facet normal -0 0 -1
    outer loop
      vertex 63.6102 114.807 7.24
      vertex 62.4701 114.657 7.24
      vertex 63.4916 115.404 7.24
    endloop
  endfacet
  facet normal 0 0 -1
    outer loop
      vertex 62.3807 115.106 7.24
      vertex 63.4916 115.404 7.24
      vertex 62.4701 114.657 7.24
    endloop
  endfacet
  facet normal 0 0 -1
    outer loop
      vertex 63.6102 2.39305 7.24
      vertex 62.4701 2.54315 7.24
      vertex 62.5 3 7.24
    endloop
  endfacet
  facet normal 0 0 -1
    outer loop
      vertex 63.4916 1.79649 7.24
      vertex 62.3807 2.09413 7.24
      vertex 62.4701 2.54315 7.24
    endloop
  endfacet
  facet normal 0 0 -1
    outer loop
      vertex 61.7767 0.869339 7.24
      vertex 62.6891 0.169266 7.24
      vertex 62.288 -0.288039 7.24
    endloop
  endfacet
  facet normal 0 0 -1
    outer loop
      vertex 63.296 1.22052 7.24
      vertex 62.2336 1.66061 7.24
      vertex 62.3807 2.09413 7.24
    endloop
  endfacet
  facet normal 0 0 -1
    outer loop
      vertex 63.027 0.675003 7.24
      vertex 62.0311 1.25 7.24
      vertex 62.2336 1.66061 7.24
    endloop
  endfacet
  facet normal 0 0 -1
    outer loop
      vertex 61.4749 0.525131 7.24
      vertex 62.288 -0.288039 7.24
      vertex 61.8307 -0.689086 7.24
    endloop
  endfacet
  facet normal 0 0 -1
    outer loop
      vertex 62.6891 0.169266 7.24
      vertex 61.7767 0.869339 7.24
      vertex 62.0311 1.25 7.24
    endloop
  endfacet
  facet normal 0 0 -1
    outer loop
      vertex 62.288 -0.288039 7.24
      vertex 61.4749 0.525131 7.24
      vertex 61.7767 0.869339 7.24
    endloop
  endfacet
  facet normal 0 0 -1
    outer loop
      vertex 61.1307 0.223267 7.24
      vertex 61.8307 -0.689086 7.24
      vertex 61.325 -1.02702 7.24
    endloop
  endfacet
  facet normal 0 0 -1
    outer loop
      vertex 61.8307 -0.689086 7.24
      vertex 61.1307 0.223267 7.24
      vertex 61.4749 0.525131 7.24
    endloop
  endfacet
  facet normal 0 0 -1
    outer loop
      vertex 60.75 -0.0310822 7.24
      vertex 61.325 -1.02702 7.24
      vertex 60.7795 -1.29603 7.24
    endloop
  endfacet
  facet normal 0 0 -1
    outer loop
      vertex 61.325 -1.02702 7.24
      vertex 60.75 -0.0310822 7.24
      vertex 61.1307 0.223267 7.24
    endloop
  endfacet
  facet normal 0 0 -1
    outer loop
      vertex 60.7795 -1.29603 7.24
      vertex 60.3394 -0.233582 7.24
      vertex 60.75 -0.0310822 7.24
    endloop
  endfacet
  facet normal 0 0 -1
    outer loop
      vertex 60.2035 -1.49156 7.24
      vertex 60.3394 -0.233582 7.24
      vertex 60.7795 -1.29603 7.24
    endloop
  endfacet
  facet normal 0 0 -1
    outer loop
      vertex 60.2035 -1.49156 7.24
      vertex 59.9059 -0.380737 7.24
      vertex 60.3394 -0.233582 7.24
    endloop
  endfacet
  facet normal 0 0 -1
    outer loop
      vertex 59.6069 -1.61021 7.24
      vertex 59.9059 -0.380737 7.24
      vertex 60.2035 -1.49156 7.24
    endloop
  endfacet
  facet normal 0 0 -1
    outer loop
      vertex 59.6069 -1.61021 7.24
      vertex 59.4568 -0.470062 7.24
      vertex 59.9059 -0.380737 7.24
    endloop
  endfacet
  facet normal 0 0 -1
    outer loop
      vertex 59 -1.64999 7.24
      vertex 59.4568 -0.470062 7.24
      vertex 59.6069 -1.61021 7.24
    endloop
  endfacet
  facet normal 0 0 -1
    outer loop
      vertex 59 -1.64999 7.24
      vertex 59 -0.5 7.24
      vertex 59.4568 -0.470062 7.24
    endloop
  endfacet
  facet normal 0 0 -1
    outer loop
      vertex 3 -1.64999 7.24
      vertex 59 -0.5 7.24
      vertex 59 -1.64999 7.24
    endloop
  endfacet
  facet normal 0 0 -1
    outer loop
      vertex 3 -1.64999 7.24
      vertex 3 -0.5 7.24
      vertex 59 -0.5 7.24
    endloop
  endfacet
  facet normal 0 0 -1
    outer loop
      vertex 3 -1.64999 7.24
      vertex 2.54315 -0.470062 7.24
      vertex 3 -0.5 7.24
    endloop
  endfacet
  facet normal 0 0 -1
    outer loop
      vertex 2.39305 -1.61021 7.24
      vertex 2.54315 -0.470062 7.24
      vertex 3 -1.64999 7.24
    endloop
  endfacet
  facet normal 0 0 -1
    outer loop
      vertex 2.39305 -1.61021 7.24
      vertex 2.09413 -0.380737 7.24
      vertex 2.54315 -0.470062 7.24
    endloop
  endfacet
  facet normal 0 0 -1
    outer loop
      vertex 1.79649 -1.49156 7.24
      vertex 2.09413 -0.380737 7.24
      vertex 2.39305 -1.61021 7.24
    endloop
  endfacet
  facet normal 0 0 -1
    outer loop
      vertex 1.79649 -1.49156 7.24
      vertex 1.66061 -0.233582 7.24
      vertex 2.09413 -0.380737 7.24
    endloop
  endfacet
  facet normal 0 0 -1
    outer loop
      vertex 1.22052 -1.29603 7.24
      vertex 1.66061 -0.233582 7.24
      vertex 1.79649 -1.49156 7.24
    endloop
  endfacet
  facet normal -0 0 -1
    outer loop
      vertex 1.66061 -0.233582 7.24
      vertex 1.22052 -1.29603 7.24
      vertex 1.25 -0.0310822 7.24
    endloop
  endfacet
  facet normal 0 0 -1
    outer loop
      vertex 0.675003 -1.02702 7.24
      vertex 1.25 -0.0310822 7.24
      vertex 1.22052 -1.29603 7.24
    endloop
  endfacet
  facet normal -0 0 -1
    outer loop
      vertex 1.25 -0.0310822 7.24
      vertex 0.675003 -1.02702 7.24
      vertex 0.869339 0.223267 7.24
    endloop
  endfacet
  facet normal 0 0 -1
    outer loop
      vertex 0.169266 -0.689086 7.24
      vertex 0.869339 0.223267 7.24
      vertex 0.675003 -1.02702 7.24
    endloop
  endfacet
  facet normal -0 0 -1
    outer loop
      vertex 0.869339 0.223267 7.24
      vertex 0.169266 -0.689086 7.24
      vertex 0.525131 0.525131 7.24
    endloop
  endfacet
  facet normal 0 0 -1
    outer loop
      vertex -0.288039 -0.288039 7.24
      vertex 0.525131 0.525131 7.24
      vertex 0.169266 -0.689086 7.24
    endloop
  endfacet
  facet normal -0 0 -1
    outer loop
      vertex 0.525131 0.525131 7.24
      vertex -0.288039 -0.288039 7.24
      vertex 0.223267 0.869339 7.24
    endloop
  endfacet
  facet normal 0 0 -1
    outer loop
      vertex -0.689086 0.169266 7.24
      vertex 0.223267 0.869339 7.24
      vertex -0.288039 -0.288039 7.24
    endloop
  endfacet
  facet normal -0 0 -1
    outer loop
      vertex 0.223267 0.869339 7.24
      vertex -0.689086 0.169266 7.24
      vertex -0.0310822 1.25 7.24
    endloop
  endfacet
  facet normal 0 0 -1
    outer loop
      vertex -1.02702 0.675003 7.24
      vertex -0.0310822 1.25 7.24
      vertex -0.689086 0.169266 7.24
    endloop
  endfacet
  facet normal -0 0 -1
    outer loop
      vertex -0.0310822 1.25 7.24
      vertex -1.02702 0.675003 7.24
      vertex -0.233582 1.66061 7.24
    endloop
  endfacet
  facet normal 0 0 -1
    outer loop
      vertex -1.29603 1.22052 7.24
      vertex -0.233582 1.66061 7.24
      vertex -1.02702 0.675003 7.24
    endloop
  endfacet
  facet normal 0 0 -1
    outer loop
      vertex -1.49156 1.79649 7.24
      vertex -0.380737 2.09413 7.24
      vertex -1.29603 1.22052 7.24
    endloop
  endfacet
  facet normal -0 0 -1
    outer loop
      vertex -0.233582 1.66061 7.24
      vertex -1.29603 1.22052 7.24
      vertex -0.380737 2.09413 7.24
    endloop
  endfacet
  facet normal -0 0 -1
    outer loop
      vertex 63.4916 115.404 7.24
      vertex 62.3807 115.106 7.24
      vertex 63.296 115.979 7.24
    endloop
  endfacet
  facet normal 0 0 -1
    outer loop
      vertex 62.2336 115.539 7.24
      vertex 63.296 115.979 7.24
      vertex 62.3807 115.106 7.24
    endloop
  endfacet
  facet normal -0 0 -1
    outer loop
      vertex 63.296 115.979 7.24
      vertex 62.2336 115.539 7.24
      vertex 63.027 116.525 7.24
    endloop
  endfacet
  facet normal 0 0 -1
    outer loop
      vertex 62.0311 115.95 7.24
      vertex 63.027 116.525 7.24
      vertex 62.2336 115.539 7.24
    endloop
  endfacet
  facet normal -0 0 -1
    outer loop
      vertex 63.027 116.525 7.24
      vertex 62.0311 115.95 7.24
      vertex 62.6891 117.031 7.24
    endloop
  endfacet
  facet normal 0 0 -1
    outer loop
      vertex 61.7767 116.331 7.24
      vertex 62.6891 117.031 7.24
      vertex 62.0311 115.95 7.24
    endloop
  endfacet
  facet normal -0 0 -1
    outer loop
      vertex 62.6891 117.031 7.24
      vertex 61.7767 116.331 7.24
      vertex 62.288 117.488 7.24
    endloop
  endfacet
  facet normal 0 0 -1
    outer loop
      vertex 61.4749 116.675 7.24
      vertex 62.288 117.488 7.24
      vertex 61.7767 116.331 7.24
    endloop
  endfacet
  facet normal -0 0 -1
    outer loop
      vertex 62.288 117.488 7.24
      vertex 61.4749 116.675 7.24
      vertex 61.8307 117.889 7.24
    endloop
  endfacet
  facet normal 0 0 -1
    outer loop
      vertex 61.1307 116.977 7.24
      vertex 61.8307 117.889 7.24
      vertex 61.4749 116.675 7.24
    endloop
  endfacet
  facet normal -0 0 -1
    outer loop
      vertex 61.8307 117.889 7.24
      vertex 61.1307 116.977 7.24
      vertex 61.325 118.227 7.24
    endloop
  endfacet
  facet normal 0 0 -1
    outer loop
      vertex 60.75 117.231 7.24
      vertex 61.325 118.227 7.24
      vertex 61.1307 116.977 7.24
    endloop
  endfacet
  facet normal -0 0 -1
    outer loop
      vertex 61.325 118.227 7.24
      vertex 60.75 117.231 7.24
      vertex 60.7795 118.496 7.24
    endloop
  endfacet
  facet normal 0 0 -1
    outer loop
      vertex 60.3394 117.434 7.24
      vertex 60.7795 118.496 7.24
      vertex 60.75 117.231 7.24
    endloop
  endfacet
  facet normal 0 0 -1
    outer loop
      vertex 60.3394 117.434 7.24
      vertex 60.2035 118.692 7.24
      vertex 60.7795 118.496 7.24
    endloop
  endfacet
  facet normal 0 0 -1
    outer loop
      vertex 59.9059 117.581 7.24
      vertex 60.2035 118.692 7.24
      vertex 60.3394 117.434 7.24
    endloop
  endfacet
  facet normal 0 0 -1
    outer loop
      vertex 59.9059 117.581 7.24
      vertex 59.6069 118.81 7.24
      vertex 60.2035 118.692 7.24
    endloop
  endfacet
  facet normal 0 0 -1
    outer loop
      vertex 59.4568 117.67 7.24
      vertex 59.6069 118.81 7.24
      vertex 59.9059 117.581 7.24
    endloop
  endfacet
  facet normal 0 0 -1
    outer loop
      vertex 59 117.7 7.24
      vertex 59.6069 118.81 7.24
      vertex 59.4568 117.67 7.24
    endloop
  endfacet
  facet normal 0 0 -1
    outer loop
      vertex 59 117.7 7.24
      vertex 59 118.85 7.24
      vertex 59.6069 118.81 7.24
    endloop
  endfacet
  facet normal 0 0 -1
    outer loop
      vertex 3 117.7 7.24
      vertex 59 118.85 7.24
      vertex 59 117.7 7.24
    endloop
  endfacet
  facet normal 0 0 -1
    outer loop
      vertex 3 117.7 7.24
      vertex 3 118.85 7.24
      vertex 59 118.85 7.24
    endloop
  endfacet
  facet normal 0 0 -1
    outer loop
      vertex 2.54315 117.67 7.24
      vertex 3 118.85 7.24
      vertex 3 117.7 7.24
    endloop
  endfacet
  facet normal 0 0 -1
    outer loop
      vertex 2.54315 117.67 7.24
      vertex 2.39305 118.81 7.24
      vertex 3 118.85 7.24
    endloop
  endfacet
  facet normal 0 0 -1
    outer loop
      vertex 2.09413 117.581 7.24
      vertex 2.39305 118.81 7.24
      vertex 2.54315 117.67 7.24
    endloop
  endfacet
  facet normal 0 0 -1
    outer loop
      vertex 2.09413 117.581 7.24
      vertex 1.79649 118.692 7.24
      vertex 2.39305 118.81 7.24
    endloop
  endfacet
  facet normal 0 0 -1
    outer loop
      vertex 1.66061 117.434 7.24
      vertex 1.79649 118.692 7.24
      vertex 2.09413 117.581 7.24
    endloop
  endfacet
  facet normal 0 0 -1
    outer loop
      vertex 1.22052 118.496 7.24
      vertex 1.66061 117.434 7.24
      vertex 1.25 117.231 7.24
    endloop
  endfacet
  facet normal 0 0 -1
    outer loop
      vertex 1.66061 117.434 7.24
      vertex 1.22052 118.496 7.24
      vertex 1.79649 118.692 7.24
    endloop
  endfacet
  facet normal 0 0 -1
    outer loop
      vertex 0.675003 118.227 7.24
      vertex 1.25 117.231 7.24
      vertex 0.869339 116.977 7.24
    endloop
  endfacet
  facet normal 0 0 -1
    outer loop
      vertex 1.25 117.231 7.24
      vertex 0.675003 118.227 7.24
      vertex 1.22052 118.496 7.24
    endloop
  endfacet
  facet normal 0 0 -1
    outer loop
      vertex 0.169266 117.889 7.24
      vertex 0.869339 116.977 7.24
      vertex 0.525131 116.675 7.24
    endloop
  endfacet
  facet normal 0 0 -1
    outer loop
      vertex -0.288039 117.488 7.24
      vertex 0.525131 116.675 7.24
      vertex 0.223267 116.331 7.24
    endloop
  endfacet
  facet normal 0 0 -1
    outer loop
      vertex 0.869339 116.977 7.24
      vertex 0.169266 117.889 7.24
      vertex 0.675003 118.227 7.24
    endloop
  endfacet
  facet normal 0 0 -1
    outer loop
      vertex -0.689086 117.031 7.24
      vertex 0.223267 116.331 7.24
      vertex -0.0310822 115.95 7.24
    endloop
  endfacet
  facet normal 0 0 -1
    outer loop
      vertex -1.02702 116.525 7.24
      vertex -0.0310822 115.95 7.24
      vertex -0.233582 115.539 7.24
    endloop
  endfacet
  facet normal 0 0 -1
    outer loop
      vertex 0.525131 116.675 7.24
      vertex -0.288039 117.488 7.24
      vertex 0.169266 117.889 7.24
    endloop
  endfacet
  facet normal 0 0 -1
    outer loop
      vertex -1.29603 115.979 7.24
      vertex -0.233582 115.539 7.24
      vertex -0.380737 115.106 7.24
    endloop
  endfacet
  facet normal 0 0 -1
    outer loop
      vertex -1.49156 115.404 7.24
      vertex -0.380737 115.106 7.24
      vertex -0.470062 114.657 7.24
    endloop
  endfacet
  facet normal 0 0 -1
    outer loop
      vertex -1.61021 114.807 7.24
      vertex -0.470062 114.657 7.24
      vertex -0.5 114.2 7.24
    endloop
  endfacet
  facet normal 0 0 -1
    outer loop
      vertex 0.223267 116.331 7.24
      vertex -0.689086 117.031 7.24
      vertex -0.288039 117.488 7.24
    endloop
  endfacet
  facet normal 0 0 -1
    outer loop
      vertex -0.5 3 7.24
      vertex -1.64999 3 7.24
      vertex -0.5 114.2 7.24
    endloop
  endfacet
  facet normal -0 0 -1
    outer loop
      vertex -0.380737 2.09413 7.24
      vertex -1.49156 1.79649 7.24
      vertex -0.470062 2.54315 7.24
    endloop
  endfacet
  facet normal 0 0 -1
    outer loop
      vertex -1.64999 114.2 7.24
      vertex -0.5 114.2 7.24
      vertex -1.64999 3 7.24
    endloop
  endfacet
  facet normal 0 0 -1
    outer loop
      vertex -1.61021 2.39305 7.24
      vertex -0.470062 2.54315 7.24
      vertex -1.49156 1.79649 7.24
    endloop
  endfacet
  facet normal 0 -0 -1
    outer loop
      vertex -1.61021 114.807 7.24
      vertex -0.5 114.2 7.24
      vertex -1.64999 114.2 7.24
    endloop
  endfacet
  facet normal -0 0 -1
    outer loop
      vertex -0.470062 2.54315 7.24
      vertex -1.61021 2.39305 7.24
      vertex -0.5 3 7.24
    endloop
  endfacet
  facet normal 0 0 -1
    outer loop
      vertex -0.0310822 115.95 7.24
      vertex -1.02702 116.525 7.24
      vertex -0.689086 117.031 7.24
    endloop
  endfacet
  facet normal -0 0 -1
    outer loop
      vertex -0.5 3 7.24
      vertex -1.61021 2.39305 7.24
      vertex -1.64999 3 7.24
    endloop
  endfacet
  facet normal 0 0 -1
    outer loop
      vertex -0.233582 115.539 7.24
      vertex -1.29603 115.979 7.24
      vertex -1.02702 116.525 7.24
    endloop
  endfacet
  facet normal 0 0 -1
    outer loop
      vertex -0.380737 115.106 7.24
      vertex -1.49156 115.404 7.24
      vertex -1.29603 115.979 7.24
    endloop
  endfacet
  facet normal 0 0 -1
    outer loop
      vertex -0.470062 114.657 7.24
      vertex -1.61021 114.807 7.24
      vertex -1.49156 115.404 7.24
    endloop
  endfacet
  facet normal 1 0 0
    outer loop
      vertex -1.64999 114.2 7.24
      vertex -1.64999 74.1 6.15
      vertex -1.64999 114.2 4.1
    endloop
  endfacet
  facet normal 1 0 0
    outer loop
      vertex -1.64999 114.2 7.24
      vertex -1.64999 43.1 6.15
      vertex -1.64999 74.1 6.15
    endloop
  endfacet
  facet normal 1 0 0
    outer loop
      vertex -1.64999 43.1 6.15
      vertex -1.64999 3 7.24
      vertex -1.64999 43.1 5.05
    endloop
  endfacet
  facet normal 1 -0 0
    outer loop
      vertex -1.64999 3 7.24
      vertex -1.64999 43.1 6.15
      vertex -1.64999 114.2 7.24
    endloop
  endfacet
  facet normal 1 -0 0
    outer loop
      vertex -1.64999 74.1 5.05
      vertex -1.64999 114.2 4.1
      vertex -1.64999 74.1 6.15
    endloop
  endfacet
  facet normal 1 -0 0
    outer loop
      vertex -1.64999 43.1 5.05
      vertex -1.64999 114.2 4.1
      vertex -1.64999 74.1 5.05
    endloop
  endfacet
  facet normal 1 0 0
    outer loop
      vertex -1.64999 43.1 5.05
      vertex -1.64999 3 4.1
      vertex -1.64999 114.2 4.1
    endloop
  endfacet
  facet normal 1 0 0
    outer loop
      vertex -1.64999 3 4.1
      vertex -1.64999 43.1 5.05
      vertex -1.64999 3 7.24
    endloop
  endfacet
  facet normal 0 1 -0
    outer loop
      vertex 59 -1.64999 4.1
      vertex 3 -1.64999 7.24
      vertex 59 -1.64999 7.24
    endloop
  endfacet
  facet normal 0 1 0
    outer loop
      vertex 3 -1.64999 7.24
      vertex 59 -1.64999 4.1
      vertex 3 -1.64999 4.1
    endloop
  endfacet
  facet normal -0.065766 -0.997835 0
    outer loop
      vertex 59 118.85 4.1
      vertex 59.6069 118.81 7.24
      vertex 59 118.85 7.24
    endloop
  endfacet
  facet normal -0.065766 -0.997835 -0
    outer loop
      vertex 59.6069 118.81 7.24
      vertex 59 118.85 4.1
      vertex 59.6069 118.81 4.1
    endloop
  endfacet
  facet normal 0 -1 0
    outer loop
      vertex 3 118.85 4.1
      vertex 59 118.85 7.24
      vertex 3 118.85 7.24
    endloop
  endfacet
  facet normal 0 -1 -0
    outer loop
      vertex 59 118.85 7.24
      vertex 3 118.85 4.1
      vertex 59 118.85 4.1
    endloop
  endfacet
  facet normal -1 0 0
    outer loop
      vertex 63.65 52.6 4.1
      vertex 63.65 43.1 5.05
      vertex 63.65 52.6 4.9
    endloop
  endfacet
  facet normal -1 -0 0
    outer loop
      vertex 63.65 43.1 5.05
      vertex 63.65 3 4.1
      vertex 63.65 43.1 6.15
    endloop
  endfacet
  facet normal -1 0 0
    outer loop
      vertex 63.65 3 4.1
      vertex 63.65 43.1 5.05
      vertex 63.65 52.6 4.1
    endloop
  endfacet
  facet normal -1 0 0
    outer loop
      vertex 63.65 114.2 4.1
      vertex 63.65 74.1 5.05
      vertex 63.65 114.2 7.24
    endloop
  endfacet
  facet normal -1 0 0
    outer loop
      vertex 63.65 64.6 4.1
      vertex 63.65 74.1 5.05
      vertex 63.65 114.2 4.1
    endloop
  endfacet
  facet normal -1 0 0
    outer loop
      vertex 63.65 64.6 4.9
      vertex 63.65 74.1 5.05
      vertex 63.65 64.6 4.1
    endloop
  endfacet
  facet normal -1 0 0
    outer loop
      vertex 63.65 52.6 4.9
      vertex 63.65 74.1 5.05
      vertex 63.65 64.6 4.9
    endloop
  endfacet
  facet normal -1 -0 0
    outer loop
      vertex 63.65 74.1 5.05
      vertex 63.65 52.6 4.9
      vertex 63.65 43.1 5.05
    endloop
  endfacet
  facet normal -1 0 0
    outer loop
      vertex 63.65 74.1 6.15
      vertex 63.65 114.2 7.24
      vertex 63.65 74.1 5.05
    endloop
  endfacet
  facet normal -1 0 0
    outer loop
      vertex 63.65 43.1 6.15
      vertex 63.65 114.2 7.24
      vertex 63.65 74.1 6.15
    endloop
  endfacet
  facet normal -1 0 0
    outer loop
      vertex 63.65 43.1 6.15
      vertex 63.65 3 7.24
      vertex 63.65 114.2 7.24
    endloop
  endfacet
  facet normal -1 0 0
    outer loop
      vertex 63.65 3 7.24
      vertex 63.65 43.1 6.15
      vertex 63.65 3 4.1
    endloop
  endfacet
  facet normal 0.751621 -0.659596 0
    outer loop
      vertex -0.689086 117.031 7.24
      vertex -0.288039 117.488 4.1
      vertex -0.288039 117.488 7.24
    endloop
  endfacet
  facet normal 0.751621 -0.659596 0
    outer loop
      vertex -0.288039 117.488 4.1
      vertex -0.689086 117.031 7.24
      vertex -0.689086 117.031 4.1
    endloop
  endfacet
  facet normal 0.555583 0.831461 -0
    outer loop
      vertex 0.675003 -1.02702 4.1
      vertex 0.169266 -0.689086 7.24
      vertex 0.675003 -1.02702 7.24
    endloop
  endfacet
  facet normal 0.555583 0.831461 0
    outer loop
      vertex 0.169266 -0.689086 7.24
      vertex 0.675003 -1.02702 4.1
      vertex 0.169266 -0.689086 4.1
    endloop
  endfacet
  facet normal -0.0654059 0.997859 0
    outer loop
      vertex 59.6069 -1.61021 4.1
      vertex 59 -1.64999 7.24
      vertex 59.6069 -1.61021 7.24
    endloop
  endfacet
  facet normal -0.0654059 0.997859 0
    outer loop
      vertex 59 -1.64999 7.24
      vertex 59.6069 -1.61021 4.1
      vertex 59 -1.64999 4.1
    endloop
  endfacet
  facet normal -0.555686 -0.831392 0
    outer loop
      vertex 61.325 118.227 4.1
      vertex 61.8307 117.889 7.24
      vertex 61.325 118.227 7.24
    endloop
  endfacet
  facet normal -0.555686 -0.831392 -0
    outer loop
      vertex 61.8307 117.889 7.24
      vertex 61.325 118.227 4.1
      vertex 61.8307 117.889 4.1
    endloop
  endfacet
  facet normal 0.0657606 -0.997835 0
    outer loop
      vertex 2.39305 118.81 4.1
      vertex 3 118.85 7.24
      vertex 2.39305 118.81 7.24
    endloop
  endfacet
  facet normal 0.0657606 -0.997835 0
    outer loop
      vertex 3 118.85 7.24
      vertex 2.39305 118.81 4.1
      vertex 3 118.85 4.1
    endloop
  endfacet
  facet normal 0.442263 -0.896885 0
    outer loop
      vertex 0.675003 118.227 4.1
      vertex 1.22052 118.496 7.24
      vertex 0.675003 118.227 7.24
    endloop
  endfacet
  facet normal 0.442263 -0.896885 0
    outer loop
      vertex 1.22052 118.496 7.24
      vertex 0.675003 118.227 4.1
      vertex 1.22052 118.496 4.1
    endloop
  endfacet
  facet normal 0.322153 -0.946687 0
    outer loop
      vertex 1.22052 118.496 4.1
      vertex 1.79649 118.692 7.24
      vertex 1.22052 118.496 7.24
    endloop
  endfacet
  facet normal 0.322153 -0.946687 0
    outer loop
      vertex 1.79649 118.692 7.24
      vertex 1.22052 118.496 4.1
      vertex 1.79649 118.692 4.1
    endloop
  endfacet
  facet normal 0.946758 -0.321947 0
    outer loop
      vertex -1.49156 115.404 7.24
      vertex -1.29603 115.979 4.1
      vertex -1.29603 115.979 7.24
    endloop
  endfacet
  facet normal 0.946758 -0.321947 0
    outer loop
      vertex -1.29603 115.979 4.1
      vertex -1.49156 115.404 7.24
      vertex -1.49156 115.404 4.1
    endloop
  endfacet
  facet normal 0.980817 -0.194931 0
    outer loop
      vertex -1.61021 114.807 7.24
      vertex -1.49156 115.404 4.1
      vertex -1.49156 115.404 7.24
    endloop
  endfacet
  facet normal 0.980817 -0.194931 0
    outer loop
      vertex -1.49156 115.404 4.1
      vertex -1.61021 114.807 7.24
      vertex -1.61021 114.807 4.1
    endloop
  endfacet
  facet normal 0.831594 -0.555383 0
    outer loop
      vertex -1.02702 116.525 7.24
      vertex -0.689086 117.031 4.1
      vertex -0.689086 117.031 7.24
    endloop
  endfacet
  facet normal 0.831594 -0.555383 0
    outer loop
      vertex -0.689086 117.031 4.1
      vertex -1.02702 116.525 7.24
      vertex -1.02702 116.525 4.1
    endloop
  endfacet
  facet normal 0.997859 0.0654005 0
    outer loop
      vertex -1.61021 2.39305 7.24
      vertex -1.64999 3 4.1
      vertex -1.64999 3 7.24
    endloop
  endfacet
  facet normal 0.997859 0.0654005 0
    outer loop
      vertex -1.64999 3 4.1
      vertex -1.61021 2.39305 7.24
      vertex -1.61021 2.39305 4.1
    endloop
  endfacet
  facet normal 0.946923 0.321461 0
    outer loop
      vertex -1.29603 1.22052 7.24
      vertex -1.49156 1.79649 4.1
      vertex -1.49156 1.79649 7.24
    endloop
  endfacet
  facet normal 0.946923 0.321461 0
    outer loop
      vertex -1.49156 1.79649 4.1
      vertex -1.29603 1.22052 7.24
      vertex -1.29603 1.22052 4.1
    endloop
  endfacet
  facet normal 0.896879 0.442277 0
    outer loop
      vertex -1.02702 0.675003 7.24
      vertex -1.29603 1.22052 4.1
      vertex -1.29603 1.22052 7.24
    endloop
  endfacet
  facet normal 0.896879 0.442277 0
    outer loop
      vertex -1.29603 1.22052 4.1
      vertex -1.02702 0.675003 7.24
      vertex -1.02702 0.675003 4.1
    endloop
  endfacet
  facet normal 0.751839 0.659347 0
    outer loop
      vertex -0.288039 -0.288039 7.24
      vertex -0.689086 0.169266 4.1
      vertex -0.689086 0.169266 7.24
    endloop
  endfacet
  facet normal 0.751839 0.659347 0
    outer loop
      vertex -0.689086 0.169266 4.1
      vertex -0.288039 -0.288039 7.24
      vertex -0.288039 -0.288039 4.1
    endloop
  endfacet
  facet normal 0.19507 0.980789 -0
    outer loop
      vertex 2.39305 -1.61021 4.1
      vertex 1.79649 -1.49156 7.24
      vertex 2.39305 -1.61021 7.24
    endloop
  endfacet
  facet normal 0.19507 0.980789 0
    outer loop
      vertex 1.79649 -1.49156 7.24
      vertex 2.39305 -1.61021 4.1
      vertex 1.79649 -1.49156 4.1
    endloop
  endfacet
  facet normal 0.442277 0.896879 -0
    outer loop
      vertex 1.22052 -1.29603 4.1
      vertex 0.675003 -1.02702 7.24
      vertex 1.22052 -1.29603 7.24
    endloop
  endfacet
  facet normal 0.442277 0.896879 0
    outer loop
      vertex 0.675003 -1.02702 7.24
      vertex 1.22052 -1.29603 4.1
      vertex 0.675003 -1.02702 4.1
    endloop
  endfacet
  facet normal -0.83162 -0.555345 0
    outer loop
      vertex 63.027 116.525 4.1
      vertex 62.6891 117.031 7.24
      vertex 62.6891 117.031 4.1
    endloop
  endfacet
  facet normal -0.83162 -0.555345 0
    outer loop
      vertex 62.6891 117.031 7.24
      vertex 63.027 116.525 4.1
      vertex 63.027 116.525 7.24
    endloop
  endfacet
  facet normal -0.89704 -0.441948 0
    outer loop
      vertex 63.296 115.979 4.1
      vertex 63.027 116.525 7.24
      vertex 63.027 116.525 4.1
    endloop
  endfacet
  facet normal -0.89704 -0.441948 0
    outer loop
      vertex 63.027 116.525 7.24
      vertex 63.296 115.979 4.1
      vertex 63.296 115.979 7.24
    endloop
  endfacet
  facet normal -0.751577 -0.659645 0
    outer loop
      vertex 62.6891 117.031 4.1
      vertex 62.288 117.488 7.24
      vertex 62.288 117.488 4.1
    endloop
  endfacet
  facet normal -0.751577 -0.659645 0
    outer loop
      vertex 62.288 117.488 7.24
      vertex 62.6891 117.031 4.1
      vertex 62.6891 117.031 7.24
    endloop
  endfacet
  facet normal -0.322138 -0.946693 0
    outer loop
      vertex 60.2035 118.692 4.1
      vertex 60.7795 118.496 7.24
      vertex 60.2035 118.692 7.24
    endloop
  endfacet
  facet normal -0.322138 -0.946693 -0
    outer loop
      vertex 60.7795 118.496 7.24
      vertex 60.2035 118.692 4.1
      vertex 60.7795 118.496 4.1
    endloop
  endfacet
  facet normal -0.194029 -0.980996 0
    outer loop
      vertex 59.6069 118.81 4.1
      vertex 60.2035 118.692 7.24
      vertex 59.6069 118.81 7.24
    endloop
  endfacet
  facet normal -0.194029 -0.980996 -0
    outer loop
      vertex 60.2035 118.692 7.24
      vertex 59.6069 118.81 4.1
      vertex 60.2035 118.692 4.1
    endloop
  endfacet
  facet normal -0.442274 -0.89688 0
    outer loop
      vertex 60.7795 118.496 4.1
      vertex 61.325 118.227 7.24
      vertex 60.7795 118.496 7.24
    endloop
  endfacet
  facet normal -0.442274 -0.89688 -0
    outer loop
      vertex 61.325 118.227 7.24
      vertex 60.7795 118.496 4.1
      vertex 61.325 118.227 4.1
    endloop
  endfacet
  facet normal -0.997857 -0.0654279 0
    outer loop
      vertex 63.65 114.2 4.1
      vertex 63.6102 114.807 7.24
      vertex 63.6102 114.807 4.1
    endloop
  endfacet
  facet normal -0.997857 -0.0654279 0
    outer loop
      vertex 63.6102 114.807 7.24
      vertex 63.65 114.2 4.1
      vertex 63.65 114.2 7.24
    endloop
  endfacet
  facet normal -0.980833 -0.194852 0
    outer loop
      vertex 63.6102 114.807 4.1
      vertex 63.4916 115.404 7.24
      vertex 63.4916 115.404 4.1
    endloop
  endfacet
  facet normal -0.980833 -0.194852 0
    outer loop
      vertex 63.4916 115.404 7.24
      vertex 63.6102 114.807 4.1
      vertex 63.6102 114.807 7.24
    endloop
  endfacet
  facet normal -0.896885 0.442263 0
    outer loop
      vertex 63.027 0.675003 4.1
      vertex 63.296 1.22052 7.24
      vertex 63.296 1.22052 4.1
    endloop
  endfacet
  facet normal -0.896885 0.442263 0
    outer loop
      vertex 63.296 1.22052 7.24
      vertex 63.027 0.675003 4.1
      vertex 63.027 0.675003 7.24
    endloop
  endfacet
  facet normal -0.980805 0.19499 0
    outer loop
      vertex 63.4916 1.79649 4.1
      vertex 63.6102 2.39305 7.24
      vertex 63.6102 2.39305 4.1
    endloop
  endfacet
  facet normal -0.980805 0.19499 0
    outer loop
      vertex 63.6102 2.39305 7.24
      vertex 63.4916 1.79649 4.1
      vertex 63.4916 1.79649 7.24
    endloop
  endfacet
  facet normal -0.659351 0.751835 0
    outer loop
      vertex 62.288 -0.288039 4.1
      vertex 61.8307 -0.689086 7.24
      vertex 62.288 -0.288039 7.24
    endloop
  endfacet
  facet normal -0.659351 0.751835 0
    outer loop
      vertex 61.8307 -0.689086 7.24
      vertex 62.288 -0.288039 4.1
      vertex 61.8307 -0.689086 4.1
    endloop
  endfacet
  facet normal -0.442288 0.896873 0
    outer loop
      vertex 61.325 -1.02702 4.1
      vertex 60.7795 -1.29603 7.24
      vertex 61.325 -1.02702 7.24
    endloop
  endfacet
  facet normal -0.442288 0.896873 0
    outer loop
      vertex 60.7795 -1.29603 7.24
      vertex 61.325 -1.02702 4.1
      vertex 60.7795 -1.29603 4.1
    endloop
  endfacet
  facet normal 0.659303 -0.751877 0
    outer loop
      vertex -0.288039 117.488 4.1
      vertex 0.169266 117.889 7.24
      vertex -0.288039 117.488 7.24
    endloop
  endfacet
  facet normal 0.659303 -0.751877 0
    outer loop
      vertex 0.169266 117.889 7.24
      vertex -0.288039 117.488 4.1
      vertex 0.169266 117.889 4.1
    endloop
  endfacet
  facet normal 0.555658 -0.831411 0
    outer loop
      vertex 0.169266 117.889 4.1
      vertex 0.675003 118.227 7.24
      vertex 0.169266 117.889 7.24
    endloop
  endfacet
  facet normal 0.555658 -0.831411 0
    outer loop
      vertex 0.675003 118.227 7.24
      vertex 0.169266 117.889 4.1
      vertex 0.675003 118.227 4.1
    endloop
  endfacet
  facet normal 0.897034 -0.441962 0
    outer loop
      vertex -1.29603 115.979 7.24
      vertex -1.02702 116.525 4.1
      vertex -1.02702 116.525 7.24
    endloop
  endfacet
  facet normal 0.897034 -0.441962 0
    outer loop
      vertex -1.02702 116.525 4.1
      vertex -1.29603 115.979 7.24
      vertex -1.29603 115.979 4.1
    endloop
  endfacet
  facet normal 0.980789 0.19507 0
    outer loop
      vertex -1.49156 1.79649 7.24
      vertex -1.61021 2.39305 4.1
      vertex -1.61021 2.39305 7.24
    endloop
  endfacet
  facet normal 0.980789 0.19507 0
    outer loop
      vertex -1.61021 2.39305 4.1
      vertex -1.49156 1.79649 7.24
      vertex -1.49156 1.79649 4.1
    endloop
  endfacet
  facet normal 0.831461 0.555583 0
    outer loop
      vertex -0.689086 0.169266 7.24
      vertex -1.02702 0.675003 4.1
      vertex -1.02702 0.675003 7.24
    endloop
  endfacet
  facet normal 0.831461 0.555583 0
    outer loop
      vertex -1.02702 0.675003 4.1
      vertex -0.689086 0.169266 7.24
      vertex -0.689086 0.169266 4.1
    endloop
  endfacet
  facet normal 0.659347 0.751839 -0
    outer loop
      vertex 0.169266 -0.689086 4.1
      vertex -0.288039 -0.288039 7.24
      vertex 0.169266 -0.689086 7.24
    endloop
  endfacet
  facet normal 0.659347 0.751839 0
    outer loop
      vertex -0.288039 -0.288039 7.24
      vertex 0.169266 -0.689086 4.1
      vertex -0.288039 -0.288039 4.1
    endloop
  endfacet
  facet normal 0.0654005 0.997859 -0
    outer loop
      vertex 3 -1.64999 4.1
      vertex 2.39305 -1.61021 7.24
      vertex 3 -1.64999 7.24
    endloop
  endfacet
  facet normal 0.0654005 0.997859 0
    outer loop
      vertex 2.39305 -1.61021 7.24
      vertex 3 -1.64999 4.1
      vertex 2.39305 -1.61021 4.1
    endloop
  endfacet
  facet normal 0.321461 0.946923 -0
    outer loop
      vertex 1.79649 -1.49156 4.1
      vertex 1.22052 -1.29603 7.24
      vertex 1.79649 -1.49156 7.24
    endloop
  endfacet
  facet normal 0.321461 0.946923 0
    outer loop
      vertex 1.22052 -1.29603 7.24
      vertex 1.79649 -1.49156 4.1
      vertex 1.22052 -1.29603 4.1
    endloop
  endfacet
  facet normal -0.659307 -0.751873 0
    outer loop
      vertex 61.8307 117.889 4.1
      vertex 62.288 117.488 7.24
      vertex 61.8307 117.889 7.24
    endloop
  endfacet
  facet normal -0.659307 -0.751873 -0
    outer loop
      vertex 62.288 117.488 7.24
      vertex 61.8307 117.889 4.1
      vertex 62.288 117.488 4.1
    endloop
  endfacet
  facet normal -0.946888 0.321564 0
    outer loop
      vertex 63.296 1.22052 4.1
      vertex 63.4916 1.79649 7.24
      vertex 63.4916 1.79649 4.1
    endloop
  endfacet
  facet normal -0.946888 0.321564 0
    outer loop
      vertex 63.4916 1.79649 7.24
      vertex 63.296 1.22052 4.1
      vertex 63.296 1.22052 7.24
    endloop
  endfacet
  facet normal -0.997857 0.0654332 0
    outer loop
      vertex 63.6102 2.39305 4.1
      vertex 63.65 3 7.24
      vertex 63.65 3 4.1
    endloop
  endfacet
  facet normal -0.997857 0.0654332 0
    outer loop
      vertex 63.65 3 7.24
      vertex 63.6102 2.39305 4.1
      vertex 63.6102 2.39305 7.24
    endloop
  endfacet
  facet normal -0.751796 0.659396 0
    outer loop
      vertex 62.288 -0.288039 4.1
      vertex 62.6891 0.169266 7.24
      vertex 62.6891 0.169266 4.1
    endloop
  endfacet
  facet normal -0.751796 0.659396 0
    outer loop
      vertex 62.6891 0.169266 7.24
      vertex 62.288 -0.288039 4.1
      vertex 62.288 -0.288039 7.24
    endloop
  endfacet
  facet normal -0.555611 0.831442 0
    outer loop
      vertex 61.8307 -0.689086 4.1
      vertex 61.325 -1.02702 7.24
      vertex 61.8307 -0.689086 7.24
    endloop
  endfacet
  facet normal -0.555611 0.831442 0
    outer loop
      vertex 61.325 -1.02702 7.24
      vertex 61.8307 -0.689086 4.1
      vertex 61.325 -1.02702 4.1
    endloop
  endfacet
  facet normal -0.831487 0.555544 0
    outer loop
      vertex 62.6891 0.169266 4.1
      vertex 63.027 0.675003 7.24
      vertex 63.027 0.675003 4.1
    endloop
  endfacet
  facet normal -0.831487 0.555544 0
    outer loop
      vertex 63.027 0.675003 7.24
      vertex 62.6891 0.169266 4.1
      vertex 62.6891 0.169266 7.24
    endloop
  endfacet
  facet normal 0 -0.719089 0.694918
    outer loop
      vertex 6.43333 106.767 10.3762
      vertex 55.5901 106.79 10.4
      vertex 6.40988 106.79 10.4
    endloop
  endfacet
  facet normal 0 -0.719089 0.694918
    outer loop
      vertex 55.5901 106.79 10.4
      vertex 6.43333 106.767 10.3762
      vertex 55.5667 106.767 10.3762
    endloop
  endfacet
  facet normal 0 -0.710188 0.704012
    outer loop
      vertex 7.99012 105.21 8.8
      vertex 54.0667 105.267 8.8575
      vertex 7.93333 105.267 8.8575
    endloop
  endfacet
  facet normal 0 -0.710188 0.704012
    outer loop
      vertex 54.0667 105.267 8.8575
      vertex 7.99012 105.21 8.8
      vertex 54.0099 105.21 8.8
    endloop
  endfacet
  facet normal 0.711486 0 0.7027
    outer loop
      vertex 7.93333 105.267 8.8575
      vertex 7.99012 43.1901 8.8
      vertex 7.99012 105.21 8.8
    endloop
  endfacet
  facet normal 0.711587 1.86857e-07 0.702598
    outer loop
      vertex 7.93333 105.267 8.8575
      vertex 7.96667 43.1667 8.82375
      vertex 7.99012 43.1901 8.8
    endloop
  endfacet
  facet normal 0.711415 0 0.702772
    outer loop
      vertex 7.96667 43.1667 8.82375
      vertex 7.93333 105.267 8.8575
      vertex 7.93333 43.1333 8.8575
    endloop
  endfacet
  facet normal 0 0.712336 0.701839
    outer loop
      vertex 54.0099 43.1901 8.8
      vertex 7.96667 43.1667 8.82375
      vertex 54.0333 43.1667 8.82375
    endloop
  endfacet
  facet normal 0 0.712336 0.701839
    outer loop
      vertex 7.96667 43.1667 8.82375
      vertex 54.0099 43.1901 8.8
      vertex 7.99012 43.1901 8.8
    endloop
  endfacet
  facet normal 0.711473 0 0.702713
    outer loop
      vertex 6.43333 106.767 10.3762
      vertex 7.93333 43.1333 8.8575
      vertex 7.93333 105.267 8.8575
    endloop
  endfacet
  facet normal 0.711473 0 0.702713
    outer loop
      vertex 7.93333 43.1333 8.8575
      vertex 6.43333 106.767 10.3762
      vertex 6.43333 41.6333 10.3762
    endloop
  endfacet
  facet normal 0 -0.709731 0.704473
    outer loop
      vertex 6.43333 106.767 10.3762
      vertex 55.5 106.7 10.3087
      vertex 55.5667 106.767 10.3762
    endloop
  endfacet
  facet normal 1.02925e-16 -0.709731 0.704473
    outer loop
      vertex 6.56667 106.633 10.2412
      vertex 55.5 106.7 10.3087
      vertex 6.43333 106.767 10.3762
    endloop
  endfacet
  facet normal 0 -0.709731 0.704473
    outer loop
      vertex 55.5 106.7 10.3087
      vertex 6.56667 106.633 10.2412
      vertex 55.4333 106.633 10.2412
    endloop
  endfacet
  facet normal -0.71268 -0.00245024 -0.701485
    outer loop
      vertex 7.93333 105.267 8.8575
      vertex 6.56667 106.633 10.2412
      vertex 6.43333 106.767 10.3762
    endloop
  endfacet
  facet normal 0 0.711547 0.702639
    outer loop
      vertex 55.2667 41.9333 10.0725
      vertex 6.40988 41.6099 10.4
      vertex 55.5901 41.6099 10.4
    endloop
  endfacet
  facet normal 0 0.711547 0.702639
    outer loop
      vertex 6.40988 41.6099 10.4
      vertex 55.2667 41.9333 10.0725
      vertex 6.73333 41.9333 10.0725
    endloop
  endfacet
  facet normal 0.712325 0 0.70185
    outer loop
      vertex 6.40988 106.79 10.4
      vertex 6.43333 41.6333 10.3762
      vertex 6.43333 106.767 10.3762
    endloop
  endfacet
  facet normal 0.712325 0 0.70185
    outer loop
      vertex 6.43333 41.6333 10.3762
      vertex 6.40988 106.79 10.4
      vertex 6.40988 41.6099 10.4
    endloop
  endfacet
  facet normal -0.72124 0.0201947 0.692391
    outer loop
      vertex 55.4333 106.633 10.2412
      vertex 54.3667 105.567 9.16125
      vertex 54.0667 105.267 8.8575
    endloop
  endfacet
  facet normal -0.711424 0 0.702763
    outer loop
      vertex 54.0099 43.1901 8.8
      vertex 54.0667 105.267 8.8575
      vertex 54.0099 105.21 8.8
    endloop
  endfacet
  facet normal -0.711424 0 0.702763
    outer loop
      vertex 54.0667 105.267 8.8575
      vertex 54.0099 43.1901 8.8
      vertex 54.0667 43.1333 8.8575
    endloop
  endfacet
  facet normal 0.686815 -0.0475276 0.725277
    outer loop
      vertex 7.93333 105.267 8.8575
      vertex 7.63333 105.567 9.16125
      vertex 6.56667 106.633 10.2412
    endloop
  endfacet
  facet normal -0.707107 0.707107 -7.85046e-11
    outer loop
      vertex 6.73333 41.9333 10.0725
      vertex 7.93333 43.1333 8.8575
      vertex 6.43333 41.6333 10.3762
    endloop
  endfacet
  facet normal -0.816724 0.44563 -0.366573
    outer loop
      vertex 6.43333 41.6333 10.3762
      vertex 6.40988 41.6099 10.4
      vertex 6.73333 41.9333 10.0725
    endloop
  endfacet
  facet normal 0.743391 -0.0699045 -0.665194
    outer loop
      vertex 55.5 106.7 10.3087
      vertex 55.4333 106.633 10.2412
      vertex 54.0667 105.267 8.8575
    endloop
  endfacet
  facet normal 0.74533 -0.074533 0.662516
    outer loop
      vertex 7.73333 42.9333 9.06
      vertex 7.93333 43.1333 8.8575
      vertex 7.1 42.3 9.70125
    endloop
  endfacet
  facet normal -0.711481 0 0.702705
    outer loop
      vertex 54.0667 43.1333 8.8575
      vertex 55.5 106.7 10.3087
      vertex 54.0667 105.267 8.8575
    endloop
  endfacet
  facet normal -0.711481 0 0.702705
    outer loop
      vertex 55.5 106.7 10.3087
      vertex 54.0667 43.1333 8.8575
      vertex 55.5 41.7 10.3087
    endloop
  endfacet
  facet normal 0 -0.711688 0.702495
    outer loop
      vertex 7.63333 105.567 9.16125
      vertex 55.4333 106.633 10.2412
      vertex 6.56667 106.633 10.2412
    endloop
  endfacet
  facet normal 0 -0.711688 0.702495
    outer loop
      vertex 55.4333 106.633 10.2412
      vertex 7.63333 105.567 9.16125
      vertex 54.3667 105.567 9.16125
    endloop
  endfacet
  facet normal 0 -0.711485 0.702701
    outer loop
      vertex 7.93333 105.267 8.8575
      vertex 54.3667 105.567 9.16125
      vertex 7.63333 105.567 9.16125
    endloop
  endfacet
  facet normal 0 -0.711485 0.702701
    outer loop
      vertex 54.3667 105.567 9.16125
      vertex 7.93333 105.267 8.8575
      vertex 54.0667 105.267 8.8575
    endloop
  endfacet
  facet normal -0.707107 -0.707107 -6.19314e-10
    outer loop
      vertex 54.2667 42.9333 9.06
      vertex 54.9 42.3 9.70125
      vertex 54.0667 43.1333 8.8575
    endloop
  endfacet
  facet normal 0 0.711504 0.702683
    outer loop
      vertex 54.2667 42.9333 9.06
      vertex 7.1 42.3 9.70125
      vertex 54.9 42.3 9.70125
    endloop
  endfacet
  facet normal 0 0.711504 0.702683
    outer loop
      vertex 7.1 42.3 9.70125
      vertex 54.2667 42.9333 9.06
      vertex 7.73333 42.9333 9.06
    endloop
  endfacet
  facet normal 0.707107 0.707107 -1.23572e-11
    outer loop
      vertex 54.2667 42.9333 9.06
      vertex 54.0667 43.1333 8.8575
      vertex 54.0333 43.1667 8.82375
    endloop
  endfacet
  facet normal 0.707107 0.707107 4.79483e-11
    outer loop
      vertex 54.0333 43.1667 8.82375
      vertex 54.0667 43.1333 8.8575
      vertex 54.0099 43.1901 8.8
    endloop
  endfacet
  facet normal -0.711309 0 0.702879
    outer loop
      vertex 55.5 41.7 10.3087
      vertex 55.5667 106.767 10.3762
      vertex 55.5 106.7 10.3087
    endloop
  endfacet
  facet normal -0.711309 0 0.702879
    outer loop
      vertex 55.5667 106.767 10.3762
      vertex 55.5 41.7 10.3087
      vertex 55.5667 41.6333 10.3762
    endloop
  endfacet
  facet normal -0.713074 0 0.701089
    outer loop
      vertex 55.5667 41.6333 10.3762
      vertex 55.5901 106.79 10.4
      vertex 55.5667 106.767 10.3762
    endloop
  endfacet
  facet normal -0.713074 0 0.701089
    outer loop
      vertex 55.5901 106.79 10.4
      vertex 55.5667 41.6333 10.3762
      vertex 55.5901 41.6099 10.4
    endloop
  endfacet
  facet normal 0.707107 0.707107 6.72009e-11
    outer loop
      vertex 54.9 42.3 9.70125
      vertex 55.5 41.7 10.3087
      vertex 54.0667 43.1333 8.8575
    endloop
  endfacet
  facet normal 0.707107 0.707107 -4.84488e-11
    outer loop
      vertex 55.2667 41.9333 10.0725
      vertex 55.5901 41.6099 10.4
      vertex 55.5667 41.6333 10.3762
    endloop
  endfacet
  facet normal -0.707107 -0.707107 1.71982e-10
    outer loop
      vertex 55.2667 41.9333 10.0725
      vertex 55.5667 41.6333 10.3762
      vertex 55.5 41.7 10.3087
    endloop
  endfacet
  facet normal -0.74533 0.074533 -0.662516
    outer loop
      vertex 7.96667 43.1667 8.82375
      vertex 7.93333 43.1333 8.8575
      vertex 7.73333 42.9333 9.06
    endloop
  endfacet
  facet normal -0.707107 -0.707107 -6.09794e-10
    outer loop
      vertex 55.2667 41.9333 10.0725
      vertex 55.5 41.7 10.3087
      vertex 54.9 42.3 9.70125
    endloop
  endfacet
  facet normal 0 0.711453 0.702734
    outer loop
      vertex 54.9 42.3 9.70125
      vertex 6.73333 41.9333 10.0725
      vertex 55.2667 41.9333 10.0725
    endloop
  endfacet
  facet normal 0 0.711453 0.702734
    outer loop
      vertex 6.73333 41.9333 10.0725
      vertex 54.9 42.3 9.70125
      vertex 7.1 42.3 9.70125
    endloop
  endfacet
  facet normal -0.74533 0.074533 -0.662516
    outer loop
      vertex 7.1 42.3 9.70125
      vertex 7.93333 43.1333 8.8575
      vertex 6.73333 41.9333 10.0725
    endloop
  endfacet
  facet normal 0 0.711385 0.702803
    outer loop
      vertex 54.0333 43.1667 8.82375
      vertex 7.73333 42.9333 9.06
      vertex 54.2667 42.9333 9.06
    endloop
  endfacet
  facet normal 0 0.711385 0.702803
    outer loop
      vertex 7.73333 42.9333 9.06
      vertex 54.0333 43.1667 8.82375
      vertex 7.96667 43.1667 8.82375
    endloop
  endfacet
  facet normal 0 0 -1
    outer loop
      vertex 63.65 52.6 4.9
      vertex 64.5 64.6 4.9
      vertex 64.5 52.6 4.9
    endloop
  endfacet
  facet normal -0 0 -1
    outer loop
      vertex 64.5 64.6 4.9
      vertex 63.65 52.6 4.9
      vertex 63.65 64.6 4.9
    endloop
  endfacet
  facet normal 0 -1 0
    outer loop
      vertex 63.65 64.6 4.1
      vertex 64.5 64.6 4.9
      vertex 63.65 64.6 4.9
    endloop
  endfacet
  facet normal 0 -1 -0
    outer loop
      vertex 64.5 64.6 4.9
      vertex 63.65 64.6 4.1
      vertex 64.5 64.6 4.1
    endloop
  endfacet
  facet normal 0 1 -0
    outer loop
      vertex 64.5 52.6 4.1
      vertex 63.65 52.6 4.9
      vertex 64.5 52.6 4.9
    endloop
  endfacet
  facet normal 0 1 0
    outer loop
      vertex 63.65 52.6 4.9
      vertex 64.5 52.6 4.1
      vertex 63.65 52.6 4.1
    endloop
  endfacet
endsolid OpenSCAD_Model
