solid OpenSCAD_Model
  facet normal -0.997859 0 0.0654027
    outer loop
      vertex -1.95 43.6 5.6
      vertex -1.94615 73.6 5.65874
      vertex -1.95 73.6 5.6
    endloop
  endfacet
  facet normal -0.997859 0 0.0654027
    outer loop
      vertex -1.94615 73.6 5.65874
      vertex -1.95 43.6 5.6
      vertex -1.94615 43.6 5.65874
    endloop
  endfacet
  facet normal -0.659298 0 0.751882
    outer loop
      vertex -1.8182 73.6 5.9182
      vertex -1.77394 43.6 5.95701
      vertex -1.77394 73.6 5.95701
    endloop
  endfacet
  facet normal -0.659298 0 0.751882
    outer loop
      vertex -1.77394 43.6 5.95701
      vertex -1.8182 73.6 5.9182
      vertex -1.8182 43.6 5.9182
    endloop
  endfacet
  facet normal -0.321421 0 0.946936
    outer loop
      vertex -1.67221 73.6 6.01575
      vertex -1.61647 43.6 6.03467
      vertex -1.61647 73.6 6.03467
    endloop
  endfacet
  facet normal -0.321421 0 0.946936
    outer loop
      vertex -1.61647 43.6 6.03467
      vertex -1.67221 73.6 6.01575
      vertex -1.67221 43.6 6.01575
    endloop
  endfacet
  facet normal 0 1 0
    outer loop
      vertex -1.5 73.6 6.05
      vertex -1.61647 73.6 6.03467
      vertex -1.55874 73.6 6.04615
    endloop
  endfacet
  facet normal 0 1 0
    outer loop
      vertex -1.5 73.6 6.05
      vertex -1.67221 73.6 6.01575
      vertex -1.61647 73.6 6.03467
    endloop
  endfacet
  facet normal 0 1 0
    outer loop
      vertex -1.5 73.6 6.05
      vertex -1.725 73.6 5.98971
      vertex -1.67221 73.6 6.01575
    endloop
  endfacet
  facet normal 0 1 0
    outer loop
      vertex -1.5 73.6 6.05
      vertex -1.77394 73.6 5.95701
      vertex -1.725 73.6 5.98971
    endloop
  endfacet
  facet normal 0 1 0
    outer loop
      vertex -1.5 73.6 6.05
      vertex -1.8182 73.6 5.9182
      vertex -1.77394 73.6 5.95701
    endloop
  endfacet
  facet normal 0 1 0
    outer loop
      vertex -1.5 73.6 6.05
      vertex -1.85701 73.6 5.87394
      vertex -1.8182 73.6 5.9182
    endloop
  endfacet
  facet normal 0 1 0
    outer loop
      vertex -1.5 73.6 6.05
      vertex -1.88971 73.6 5.825
      vertex -1.85701 73.6 5.87394
    endloop
  endfacet
  facet normal 0 1 0
    outer loop
      vertex -1.5 73.6 6.05
      vertex -1.91575 73.6 5.77221
      vertex -1.88971 73.6 5.825
    endloop
  endfacet
  facet normal 0 1 0
    outer loop
      vertex -1.5 73.6 6.05
      vertex -1.93467 73.6 5.71647
      vertex -1.91575 73.6 5.77221
    endloop
  endfacet
  facet normal 0 1 0
    outer loop
      vertex -1.5 73.6 6.05
      vertex -1.94615 73.6 5.65874
      vertex -1.93467 73.6 5.71647
    endloop
  endfacet
  facet normal 0 1 0
    outer loop
      vertex -1.5 73.6 6.05
      vertex -1.95 73.6 5.6
      vertex -1.94615 73.6 5.65874
    endloop
  endfacet
  facet normal 0 1 0
    outer loop
      vertex -1.5 73.6 6.05
      vertex -1.94615 73.6 5.54126
      vertex -1.95 73.6 5.6
    endloop
  endfacet
  facet normal 0 1 0
    outer loop
      vertex -1.5 73.6 6.05
      vertex -1.93467 73.6 5.48353
      vertex -1.94615 73.6 5.54126
    endloop
  endfacet
  facet normal 0 1 0
    outer loop
      vertex -1.5 73.6 6.05
      vertex -1.91575 73.6 5.42779
      vertex -1.93467 73.6 5.48353
    endloop
  endfacet
  facet normal 0 1 0
    outer loop
      vertex -1.5 73.6 6.05
      vertex -1.88971 73.6 5.375
      vertex -1.91575 73.6 5.42779
    endloop
  endfacet
  facet normal 0 1 0
    outer loop
      vertex -1.5 73.6 6.05
      vertex -1.85701 73.6 5.32606
      vertex -1.88971 73.6 5.375
    endloop
  endfacet
  facet normal 0 1 0
    outer loop
      vertex -1.5 73.6 6.05
      vertex -1.8182 73.6 5.2818
      vertex -1.85701 73.6 5.32606
    endloop
  endfacet
  facet normal 0 1 0
    outer loop
      vertex -1.5 73.6 6.05
      vertex -1.77394 73.6 5.24299
      vertex -1.8182 73.6 5.2818
    endloop
  endfacet
  facet normal 0 1 0
    outer loop
      vertex -1.5 73.6 6.05
      vertex -1.725 73.6 5.21029
      vertex -1.77394 73.6 5.24299
    endloop
  endfacet
  facet normal 0 1 0
    outer loop
      vertex -1.5 73.6 6.05
      vertex -1.67221 73.6 5.18425
      vertex -1.725 73.6 5.21029
    endloop
  endfacet
  facet normal 0 1 0
    outer loop
      vertex -1.5 73.6 6.05
      vertex -1.61647 73.6 5.16533
      vertex -1.67221 73.6 5.18425
    endloop
  endfacet
  facet normal 0 1 0
    outer loop
      vertex -1.5 73.6 6.05
      vertex -1.55874 73.6 5.15385
      vertex -1.61647 73.6 5.16533
    endloop
  endfacet
  facet normal -0 1 0
    outer loop
      vertex -1.55874 73.6 5.15385
      vertex -1.5 73.6 6.05
      vertex -1.5 73.6 5.15
    endloop
  endfacet
  facet normal -0.896827 0 0.442382
    outer loop
      vertex -1.91575 43.6 5.77221
      vertex -1.88971 73.6 5.825
      vertex -1.91575 73.6 5.77221
    endloop
  endfacet
  facet normal -0.896827 0 0.442382
    outer loop
      vertex -1.88971 73.6 5.825
      vertex -1.91575 43.6 5.77221
      vertex -1.88971 43.6 5.825
    endloop
  endfacet
  facet normal -0.751882 0 0.659298
    outer loop
      vertex -1.85701 43.6 5.87394
      vertex -1.8182 73.6 5.9182
      vertex -1.85701 73.6 5.87394
    endloop
  endfacet
  facet normal -0.751882 0 0.659298
    outer loop
      vertex -1.8182 73.6 5.9182
      vertex -1.85701 43.6 5.87394
      vertex -1.8182 43.6 5.9182
    endloop
  endfacet
  facet normal 0 -1 0
    outer loop
      vertex -1.61647 43.6 6.03467
      vertex -1.5 43.6 6.05
      vertex -1.55874 43.6 6.04615
    endloop
  endfacet
  facet normal 0 -1 0
    outer loop
      vertex -1.67221 43.6 6.01575
      vertex -1.5 43.6 6.05
      vertex -1.61647 43.6 6.03467
    endloop
  endfacet
  facet normal 0 -1 0
    outer loop
      vertex -1.725 43.6 5.98971
      vertex -1.5 43.6 6.05
      vertex -1.67221 43.6 6.01575
    endloop
  endfacet
  facet normal 0 -1 0
    outer loop
      vertex -1.77394 43.6 5.95701
      vertex -1.5 43.6 6.05
      vertex -1.725 43.6 5.98971
    endloop
  endfacet
  facet normal 0 -1 0
    outer loop
      vertex -1.8182 43.6 5.9182
      vertex -1.5 43.6 6.05
      vertex -1.77394 43.6 5.95701
    endloop
  endfacet
  facet normal 0 -1 0
    outer loop
      vertex -1.85701 43.6 5.87394
      vertex -1.5 43.6 6.05
      vertex -1.8182 43.6 5.9182
    endloop
  endfacet
  facet normal 0 -1 0
    outer loop
      vertex -1.88971 43.6 5.825
      vertex -1.5 43.6 6.05
      vertex -1.85701 43.6 5.87394
    endloop
  endfacet
  facet normal 0 -1 0
    outer loop
      vertex -1.91575 43.6 5.77221
      vertex -1.5 43.6 6.05
      vertex -1.88971 43.6 5.825
    endloop
  endfacet
  facet normal 0 -1 0
    outer loop
      vertex -1.93467 43.6 5.71647
      vertex -1.5 43.6 6.05
      vertex -1.91575 43.6 5.77221
    endloop
  endfacet
  facet normal 0 -1 0
    outer loop
      vertex -1.94615 43.6 5.65874
      vertex -1.5 43.6 6.05
      vertex -1.93467 43.6 5.71647
    endloop
  endfacet
  facet normal 0 -1 0
    outer loop
      vertex -1.95 43.6 5.6
      vertex -1.5 43.6 6.05
      vertex -1.94615 43.6 5.65874
    endloop
  endfacet
  facet normal 0 -1 0
    outer loop
      vertex -1.94615 43.6 5.54126
      vertex -1.5 43.6 6.05
      vertex -1.95 43.6 5.6
    endloop
  endfacet
  facet normal 0 -1 0
    outer loop
      vertex -1.93467 43.6 5.48353
      vertex -1.5 43.6 6.05
      vertex -1.94615 43.6 5.54126
    endloop
  endfacet
  facet normal 0 -1 0
    outer loop
      vertex -1.91575 43.6 5.42779
      vertex -1.5 43.6 6.05
      vertex -1.93467 43.6 5.48353
    endloop
  endfacet
  facet normal 0 -1 0
    outer loop
      vertex -1.88971 43.6 5.375
      vertex -1.5 43.6 6.05
      vertex -1.91575 43.6 5.42779
    endloop
  endfacet
  facet normal 0 -1 0
    outer loop
      vertex -1.85701 43.6 5.32606
      vertex -1.5 43.6 6.05
      vertex -1.88971 43.6 5.375
    endloop
  endfacet
  facet normal 0 -1 0
    outer loop
      vertex -1.8182 43.6 5.2818
      vertex -1.5 43.6 6.05
      vertex -1.85701 43.6 5.32606
    endloop
  endfacet
  facet normal 0 -1 0
    outer loop
      vertex -1.77394 43.6 5.24299
      vertex -1.5 43.6 6.05
      vertex -1.8182 43.6 5.2818
    endloop
  endfacet
  facet normal 0 -1 0
    outer loop
      vertex -1.725 43.6 5.21029
      vertex -1.5 43.6 6.05
      vertex -1.77394 43.6 5.24299
    endloop
  endfacet
  facet normal 0 -1 0
    outer loop
      vertex -1.67221 43.6 5.18425
      vertex -1.5 43.6 6.05
      vertex -1.725 43.6 5.21029
    endloop
  endfacet
  facet normal 0 -1 0
    outer loop
      vertex -1.61647 43.6 5.16533
      vertex -1.5 43.6 6.05
      vertex -1.67221 43.6 5.18425
    endloop
  endfacet
  facet normal 0 -1 0
    outer loop
      vertex -1.55874 43.6 5.15385
      vertex -1.5 43.6 6.05
      vertex -1.61647 43.6 5.16533
    endloop
  endfacet
  facet normal 0 -1 -0
    outer loop
      vertex -1.5 43.6 6.05
      vertex -1.55874 43.6 5.15385
      vertex -1.5 43.6 5.15
    endloop
  endfacet
  facet normal -0.195038 0 0.980796
    outer loop
      vertex -1.61647 73.6 6.03467
      vertex -1.55874 43.6 6.04615
      vertex -1.55874 73.6 6.04615
    endloop
  endfacet
  facet normal -0.195038 0 0.980796
    outer loop
      vertex -1.55874 43.6 6.04615
      vertex -1.61647 73.6 6.03467
      vertex -1.61647 43.6 6.03467
    endloop
  endfacet
  facet normal -0.659298 0 -0.751882
    outer loop
      vertex -1.8182 43.6 5.2818
      vertex -1.77394 73.6 5.24299
      vertex -1.77394 43.6 5.24299
    endloop
  endfacet
  facet normal -0.659298 0 -0.751882
    outer loop
      vertex -1.77394 73.6 5.24299
      vertex -1.8182 43.6 5.2818
      vertex -1.8182 73.6 5.2818
    endloop
  endfacet
  facet normal -0.997859 0 -0.0654027
    outer loop
      vertex -1.94615 43.6 5.54126
      vertex -1.95 73.6 5.6
      vertex -1.94615 73.6 5.54126
    endloop
  endfacet
  facet normal -0.997859 -0 -0.0654027
    outer loop
      vertex -1.95 73.6 5.6
      vertex -1.94615 43.6 5.54126
      vertex -1.95 43.6 5.6
    endloop
  endfacet
  facet normal -0.946936 0 0.321421
    outer loop
      vertex -1.93467 43.6 5.71647
      vertex -1.91575 73.6 5.77221
      vertex -1.93467 73.6 5.71647
    endloop
  endfacet
  facet normal -0.946936 0 0.321421
    outer loop
      vertex -1.91575 73.6 5.77221
      vertex -1.93467 43.6 5.71647
      vertex -1.91575 43.6 5.77221
    endloop
  endfacet
  facet normal -0.980796 0 0.195038
    outer loop
      vertex -1.94615 43.6 5.65874
      vertex -1.93467 73.6 5.71647
      vertex -1.94615 73.6 5.65874
    endloop
  endfacet
  facet normal -0.980796 0 0.195038
    outer loop
      vertex -1.93467 73.6 5.71647
      vertex -1.94615 43.6 5.65874
      vertex -1.93467 43.6 5.71647
    endloop
  endfacet
  facet normal -0.442382 0 0.896827
    outer loop
      vertex -1.725 73.6 5.98971
      vertex -1.67221 43.6 6.01575
      vertex -1.67221 73.6 6.01575
    endloop
  endfacet
  facet normal -0.442382 0 0.896827
    outer loop
      vertex -1.67221 43.6 6.01575
      vertex -1.725 73.6 5.98971
      vertex -1.725 43.6 5.98971
    endloop
  endfacet
  facet normal -0.0654027 0 0.997859
    outer loop
      vertex -1.55874 73.6 6.04615
      vertex -1.5 43.6 6.05
      vertex -1.5 73.6 6.05
    endloop
  endfacet
  facet normal -0.0654027 0 0.997859
    outer loop
      vertex -1.5 43.6 6.05
      vertex -1.55874 73.6 6.04615
      vertex -1.55874 43.6 6.04615
    endloop
  endfacet
  facet normal -0.321421 0 -0.946936
    outer loop
      vertex -1.67221 43.6 5.18425
      vertex -1.61647 73.6 5.16533
      vertex -1.61647 43.6 5.16533
    endloop
  endfacet
  facet normal -0.321421 0 -0.946936
    outer loop
      vertex -1.61647 73.6 5.16533
      vertex -1.67221 43.6 5.18425
      vertex -1.67221 73.6 5.18425
    endloop
  endfacet
  facet normal -0.442382 0 -0.896827
    outer loop
      vertex -1.725 43.6 5.21029
      vertex -1.67221 73.6 5.18425
      vertex -1.67221 43.6 5.18425
    endloop
  endfacet
  facet normal -0.442382 0 -0.896827
    outer loop
      vertex -1.67221 73.6 5.18425
      vertex -1.725 43.6 5.21029
      vertex -1.725 73.6 5.21029
    endloop
  endfacet
  facet normal -0.896827 0 -0.442382
    outer loop
      vertex -1.88971 43.6 5.375
      vertex -1.91575 73.6 5.42779
      vertex -1.88971 73.6 5.375
    endloop
  endfacet
  facet normal -0.896827 -0 -0.442382
    outer loop
      vertex -1.91575 73.6 5.42779
      vertex -1.88971 43.6 5.375
      vertex -1.91575 43.6 5.42779
    endloop
  endfacet
  facet normal -0.751882 0 -0.659298
    outer loop
      vertex -1.8182 43.6 5.2818
      vertex -1.85701 73.6 5.32606
      vertex -1.8182 73.6 5.2818
    endloop
  endfacet
  facet normal -0.751882 -0 -0.659298
    outer loop
      vertex -1.85701 73.6 5.32606
      vertex -1.8182 43.6 5.2818
      vertex -1.85701 43.6 5.32606
    endloop
  endfacet
  facet normal -0.831475 0 0.555562
    outer loop
      vertex -1.88971 43.6 5.825
      vertex -1.85701 73.6 5.87394
      vertex -1.88971 73.6 5.825
    endloop
  endfacet
  facet normal -0.831475 0 0.555562
    outer loop
      vertex -1.85701 73.6 5.87394
      vertex -1.88971 43.6 5.825
      vertex -1.85701 43.6 5.87394
    endloop
  endfacet
  facet normal -0.555562 0 0.831475
    outer loop
      vertex -1.77394 73.6 5.95701
      vertex -1.725 43.6 5.98971
      vertex -1.725 73.6 5.98971
    endloop
  endfacet
  facet normal -0.555562 0 0.831475
    outer loop
      vertex -1.725 43.6 5.98971
      vertex -1.77394 73.6 5.95701
      vertex -1.77394 43.6 5.95701
    endloop
  endfacet
  facet normal -0.555562 0 -0.831475
    outer loop
      vertex -1.77394 43.6 5.24299
      vertex -1.725 73.6 5.21029
      vertex -1.725 43.6 5.21029
    endloop
  endfacet
  facet normal -0.555562 0 -0.831475
    outer loop
      vertex -1.725 73.6 5.21029
      vertex -1.77394 43.6 5.24299
      vertex -1.77394 73.6 5.24299
    endloop
  endfacet
  facet normal -0.195038 0 -0.980796
    outer loop
      vertex -1.61647 43.6 5.16533
      vertex -1.55874 73.6 5.15385
      vertex -1.55874 43.6 5.15385
    endloop
  endfacet
  facet normal -0.195038 0 -0.980796
    outer loop
      vertex -1.55874 73.6 5.15385
      vertex -1.61647 43.6 5.16533
      vertex -1.61647 73.6 5.16533
    endloop
  endfacet
  facet normal -0.0654027 0 -0.997859
    outer loop
      vertex -1.55874 43.6 5.15385
      vertex -1.5 73.6 5.15
      vertex -1.5 43.6 5.15
    endloop
  endfacet
  facet normal -0.0654027 0 -0.997859
    outer loop
      vertex -1.5 73.6 5.15
      vertex -1.55874 43.6 5.15385
      vertex -1.55874 73.6 5.15385
    endloop
  endfacet
  facet normal -0.831475 0 -0.555562
    outer loop
      vertex -1.85701 43.6 5.32606
      vertex -1.88971 73.6 5.375
      vertex -1.85701 73.6 5.32606
    endloop
  endfacet
  facet normal -0.831475 -0 -0.555562
    outer loop
      vertex -1.88971 73.6 5.375
      vertex -1.85701 43.6 5.32606
      vertex -1.88971 43.6 5.375
    endloop
  endfacet
  facet normal -0.980796 0 -0.195038
    outer loop
      vertex -1.93467 43.6 5.48353
      vertex -1.94615 73.6 5.54126
      vertex -1.93467 73.6 5.48353
    endloop
  endfacet
  facet normal -0.980796 -0 -0.195038
    outer loop
      vertex -1.94615 73.6 5.54126
      vertex -1.93467 43.6 5.48353
      vertex -1.94615 43.6 5.54126
    endloop
  endfacet
  facet normal -0.946936 0 -0.321421
    outer loop
      vertex -1.91575 43.6 5.42779
      vertex -1.93467 73.6 5.48353
      vertex -1.91575 73.6 5.42779
    endloop
  endfacet
  facet normal -0.946936 -0 -0.321421
    outer loop
      vertex -1.93467 73.6 5.48353
      vertex -1.91575 43.6 5.42779
      vertex -1.93467 43.6 5.48353
    endloop
  endfacet
  facet normal 0.997914 -0 0.0645569
    outer loop
      vertex 63.9462 43.6 5.65874
      vertex 63.95 73.6 5.6
      vertex 63.9462 73.6 5.65874
    endloop
  endfacet
  facet normal 0.997914 0 0.0645569
    outer loop
      vertex 63.95 73.6 5.6
      vertex 63.9462 43.6 5.65874
      vertex 63.95 43.6 5.6
    endloop
  endfacet
  facet normal 0.980731 -0 0.195365
    outer loop
      vertex 63.9347 43.6 5.71647
      vertex 63.9462 73.6 5.65874
      vertex 63.9347 73.6 5.71647
    endloop
  endfacet
  facet normal 0.980731 0 0.195365
    outer loop
      vertex 63.9462 73.6 5.65874
      vertex 63.9347 43.6 5.71647
      vertex 63.9462 43.6 5.65874
    endloop
  endfacet
  facet normal 0.0654471 0 0.997856
    outer loop
      vertex 63.5 73.6 6.05
      vertex 63.5587 43.6 6.04615
      vertex 63.5587 73.6 6.04615
    endloop
  endfacet
  facet normal 0.0654471 0 0.997856
    outer loop
      vertex 63.5587 43.6 6.04615
      vertex 63.5 73.6 6.05
      vertex 63.5 43.6 6.05
    endloop
  endfacet
  facet normal 0.751966 -0 0.659202
    outer loop
      vertex 63.8182 43.6 5.9182
      vertex 63.857 73.6 5.87394
      vertex 63.8182 73.6 5.9182
    endloop
  endfacet
  facet normal 0.751966 0 0.659202
    outer loop
      vertex 63.857 73.6 5.87394
      vertex 63.8182 43.6 5.9182
      vertex 63.857 43.6 5.87394
    endloop
  endfacet
  facet normal 0.0654471 0 -0.997856
    outer loop
      vertex 63.5 43.6 5.15
      vertex 63.5587 73.6 5.15385
      vertex 63.5587 43.6 5.15385
    endloop
  endfacet
  facet normal 0.0654471 0 -0.997856
    outer loop
      vertex 63.5587 73.6 5.15385
      vertex 63.5 43.6 5.15
      vertex 63.5 73.6 5.15
    endloop
  endfacet
  facet normal 0.897096 0 -0.441836
    outer loop
      vertex 63.9157 43.6 5.42779
      vertex 63.8897 73.6 5.375
      vertex 63.9157 73.6 5.42779
    endloop
  endfacet
  facet normal 0.897096 0 -0.441836
    outer loop
      vertex 63.8897 73.6 5.375
      vertex 63.9157 43.6 5.42779
      vertex 63.8897 43.6 5.375
    endloop
  endfacet
  facet normal 0 1 0
    outer loop
      vertex 63.6165 73.6 6.03467
      vertex 63.5 73.6 6.05
      vertex 63.5587 73.6 6.04615
    endloop
  endfacet
  facet normal 0 1 0
    outer loop
      vertex 63.6722 73.6 6.01575
      vertex 63.5 73.6 6.05
      vertex 63.6165 73.6 6.03467
    endloop
  endfacet
  facet normal 0 1 0
    outer loop
      vertex 63.725 73.6 5.98971
      vertex 63.5 73.6 6.05
      vertex 63.6722 73.6 6.01575
    endloop
  endfacet
  facet normal 0 1 0
    outer loop
      vertex 63.7739 73.6 5.95701
      vertex 63.5 73.6 6.05
      vertex 63.725 73.6 5.98971
    endloop
  endfacet
  facet normal 0 1 0
    outer loop
      vertex 63.8182 73.6 5.9182
      vertex 63.5 73.6 6.05
      vertex 63.7739 73.6 5.95701
    endloop
  endfacet
  facet normal 0 1 0
    outer loop
      vertex 63.857 73.6 5.87394
      vertex 63.5 73.6 6.05
      vertex 63.8182 73.6 5.9182
    endloop
  endfacet
  facet normal 0 1 0
    outer loop
      vertex 63.8897 73.6 5.825
      vertex 63.5 73.6 6.05
      vertex 63.857 73.6 5.87394
    endloop
  endfacet
  facet normal 0 1 0
    outer loop
      vertex 63.9157 73.6 5.77221
      vertex 63.5 73.6 6.05
      vertex 63.8897 73.6 5.825
    endloop
  endfacet
  facet normal 0 1 0
    outer loop
      vertex 63.9347 73.6 5.71647
      vertex 63.5 73.6 6.05
      vertex 63.9157 73.6 5.77221
    endloop
  endfacet
  facet normal 0 1 0
    outer loop
      vertex 63.9462 73.6 5.65874
      vertex 63.5 73.6 6.05
      vertex 63.9347 73.6 5.71647
    endloop
  endfacet
  facet normal 0 1 0
    outer loop
      vertex 63.95 73.6 5.6
      vertex 63.5 73.6 6.05
      vertex 63.9462 73.6 5.65874
    endloop
  endfacet
  facet normal 0 1 -0
    outer loop
      vertex 63.9462 73.6 5.54126
      vertex 63.5 73.6 6.05
      vertex 63.95 73.6 5.6
    endloop
  endfacet
  facet normal 0 1 -0
    outer loop
      vertex 63.9347 73.6 5.48353
      vertex 63.5 73.6 6.05
      vertex 63.9462 73.6 5.54126
    endloop
  endfacet
  facet normal 0 1 -0
    outer loop
      vertex 63.9157 73.6 5.42779
      vertex 63.5 73.6 6.05
      vertex 63.9347 73.6 5.48353
    endloop
  endfacet
  facet normal 0 1 -0
    outer loop
      vertex 63.8897 73.6 5.375
      vertex 63.5 73.6 6.05
      vertex 63.9157 73.6 5.42779
    endloop
  endfacet
  facet normal 0 1 -0
    outer loop
      vertex 63.857 73.6 5.32606
      vertex 63.5 73.6 6.05
      vertex 63.8897 73.6 5.375
    endloop
  endfacet
  facet normal 0 1 -0
    outer loop
      vertex 63.8182 73.6 5.2818
      vertex 63.5 73.6 6.05
      vertex 63.857 73.6 5.32606
    endloop
  endfacet
  facet normal 0 1 -0
    outer loop
      vertex 63.7739 73.6 5.24299
      vertex 63.5 73.6 6.05
      vertex 63.8182 73.6 5.2818
    endloop
  endfacet
  facet normal 0 1 -0
    outer loop
      vertex 63.725 73.6 5.21029
      vertex 63.5 73.6 6.05
      vertex 63.7739 73.6 5.24299
    endloop
  endfacet
  facet normal 0 1 -0
    outer loop
      vertex 63.6722 73.6 5.18425
      vertex 63.5 73.6 6.05
      vertex 63.725 73.6 5.21029
    endloop
  endfacet
  facet normal 0 1 -0
    outer loop
      vertex 63.6165 73.6 5.16533
      vertex 63.5 73.6 6.05
      vertex 63.6722 73.6 5.18425
    endloop
  endfacet
  facet normal 0 1 -0
    outer loop
      vertex 63.5587 73.6 5.15385
      vertex 63.5 73.6 6.05
      vertex 63.6165 73.6 5.16533
    endloop
  endfacet
  facet normal 0 1 0
    outer loop
      vertex 63.5 73.6 6.05
      vertex 63.5587 73.6 5.15385
      vertex 63.5 73.6 5.15
    endloop
  endfacet
  facet normal 0.897096 -0 0.441836
    outer loop
      vertex 63.8897 43.6 5.825
      vertex 63.9157 73.6 5.77221
      vertex 63.8897 73.6 5.825
    endloop
  endfacet
  facet normal 0.897096 0 0.441836
    outer loop
      vertex 63.9157 73.6 5.77221
      vertex 63.8897 43.6 5.825
      vertex 63.9157 43.6 5.77221
    endloop
  endfacet
  facet normal 0.442315 0 0.89686
    outer loop
      vertex 63.6722 73.6 6.01575
      vertex 63.725 43.6 5.98971
      vertex 63.725 73.6 5.98971
    endloop
  endfacet
  facet normal 0.442315 0 0.89686
    outer loop
      vertex 63.725 43.6 5.98971
      vertex 63.6722 73.6 6.01575
      vertex 63.6722 43.6 6.01575
    endloop
  endfacet
  facet normal 0.555877 0 0.831265
    outer loop
      vertex 63.725 73.6 5.98971
      vertex 63.7739 43.6 5.95701
      vertex 63.7739 73.6 5.95701
    endloop
  endfacet
  facet normal 0.555877 0 0.831265
    outer loop
      vertex 63.7739 43.6 5.95701
      vertex 63.725 73.6 5.98971
      vertex 63.725 43.6 5.98971
    endloop
  endfacet
  facet normal 0 -1 0
    outer loop
      vertex 63.5 43.6 6.05
      vertex 63.6165 43.6 6.03467
      vertex 63.5587 43.6 6.04615
    endloop
  endfacet
  facet normal 0 -1 0
    outer loop
      vertex 63.5 43.6 6.05
      vertex 63.6722 43.6 6.01575
      vertex 63.6165 43.6 6.03467
    endloop
  endfacet
  facet normal 0 -1 0
    outer loop
      vertex 63.5 43.6 6.05
      vertex 63.725 43.6 5.98971
      vertex 63.6722 43.6 6.01575
    endloop
  endfacet
  facet normal 0 -1 0
    outer loop
      vertex 63.5 43.6 6.05
      vertex 63.7739 43.6 5.95701
      vertex 63.725 43.6 5.98971
    endloop
  endfacet
  facet normal 0 -1 0
    outer loop
      vertex 63.5 43.6 6.05
      vertex 63.8182 43.6 5.9182
      vertex 63.7739 43.6 5.95701
    endloop
  endfacet
  facet normal 0 -1 0
    outer loop
      vertex 63.5 43.6 6.05
      vertex 63.857 43.6 5.87394
      vertex 63.8182 43.6 5.9182
    endloop
  endfacet
  facet normal 0 -1 0
    outer loop
      vertex 63.5 43.6 6.05
      vertex 63.8897 43.6 5.825
      vertex 63.857 43.6 5.87394
    endloop
  endfacet
  facet normal 0 -1 0
    outer loop
      vertex 63.5 43.6 6.05
      vertex 63.9157 43.6 5.77221
      vertex 63.8897 43.6 5.825
    endloop
  endfacet
  facet normal 0 -1 0
    outer loop
      vertex 63.5 43.6 6.05
      vertex 63.9347 43.6 5.71647
      vertex 63.9157 43.6 5.77221
    endloop
  endfacet
  facet normal 0 -1 0
    outer loop
      vertex 63.5 43.6 6.05
      vertex 63.9462 43.6 5.65874
      vertex 63.9347 43.6 5.71647
    endloop
  endfacet
  facet normal 0 -1 0
    outer loop
      vertex 63.5 43.6 6.05
      vertex 63.95 43.6 5.6
      vertex 63.9462 43.6 5.65874
    endloop
  endfacet
  facet normal 0 -1 0
    outer loop
      vertex 63.5 43.6 6.05
      vertex 63.9462 43.6 5.54126
      vertex 63.95 43.6 5.6
    endloop
  endfacet
  facet normal 0 -1 0
    outer loop
      vertex 63.5 43.6 6.05
      vertex 63.9347 43.6 5.48353
      vertex 63.9462 43.6 5.54126
    endloop
  endfacet
  facet normal 0 -1 0
    outer loop
      vertex 63.5 43.6 6.05
      vertex 63.9157 43.6 5.42779
      vertex 63.9347 43.6 5.48353
    endloop
  endfacet
  facet normal 0 -1 0
    outer loop
      vertex 63.5 43.6 6.05
      vertex 63.8897 43.6 5.375
      vertex 63.9157 43.6 5.42779
    endloop
  endfacet
  facet normal 0 -1 0
    outer loop
      vertex 63.5 43.6 6.05
      vertex 63.857 43.6 5.32606
      vertex 63.8897 43.6 5.375
    endloop
  endfacet
  facet normal 0 -1 0
    outer loop
      vertex 63.5 43.6 6.05
      vertex 63.8182 43.6 5.2818
      vertex 63.857 43.6 5.32606
    endloop
  endfacet
  facet normal 0 -1 0
    outer loop
      vertex 63.5 43.6 6.05
      vertex 63.7739 43.6 5.24299
      vertex 63.8182 43.6 5.2818
    endloop
  endfacet
  facet normal 0 -1 0
    outer loop
      vertex 63.5 43.6 6.05
      vertex 63.725 43.6 5.21029
      vertex 63.7739 43.6 5.24299
    endloop
  endfacet
  facet normal 0 -1 0
    outer loop
      vertex 63.5 43.6 6.05
      vertex 63.6722 43.6 5.18425
      vertex 63.725 43.6 5.21029
    endloop
  endfacet
  facet normal 0 -1 0
    outer loop
      vertex 63.5 43.6 6.05
      vertex 63.6165 43.6 5.16533
      vertex 63.6722 43.6 5.18425
    endloop
  endfacet
  facet normal 0 -1 0
    outer loop
      vertex 63.5 43.6 6.05
      vertex 63.5587 43.6 5.15385
      vertex 63.6165 43.6 5.16533
    endloop
  endfacet
  facet normal -0 -1 0
    outer loop
      vertex 63.5587 43.6 5.15385
      vertex 63.5 43.6 6.05
      vertex 63.5 43.6 5.15
    endloop
  endfacet
  facet normal 0.751966 0 -0.659202
    outer loop
      vertex 63.857 43.6 5.32606
      vertex 63.8182 73.6 5.2818
      vertex 63.857 73.6 5.32606
    endloop
  endfacet
  facet normal 0.751966 0 -0.659202
    outer loop
      vertex 63.8182 73.6 5.2818
      vertex 63.857 43.6 5.32606
      vertex 63.8182 43.6 5.2818
    endloop
  endfacet
  facet normal 0.946522 -0 0.322639
    outer loop
      vertex 63.9157 43.6 5.77221
      vertex 63.9347 73.6 5.71647
      vertex 63.9157 73.6 5.77221
    endloop
  endfacet
  facet normal 0.946522 0 0.322639
    outer loop
      vertex 63.9347 73.6 5.71647
      vertex 63.9157 43.6 5.77221
      vertex 63.9347 43.6 5.71647
    endloop
  endfacet
  facet normal 0.831475 -0 0.555562
    outer loop
      vertex 63.857 43.6 5.87394
      vertex 63.8897 73.6 5.825
      vertex 63.857 73.6 5.87394
    endloop
  endfacet
  facet normal 0.831475 0 0.555562
    outer loop
      vertex 63.8897 73.6 5.825
      vertex 63.857 43.6 5.87394
      vertex 63.8897 43.6 5.825
    endloop
  endfacet
  facet normal 0.321628 0 0.946866
    outer loop
      vertex 63.6165 73.6 6.03467
      vertex 63.6722 43.6 6.01575
      vertex 63.6722 73.6 6.01575
    endloop
  endfacet
  facet normal 0.321628 0 0.946866
    outer loop
      vertex 63.6722 43.6 6.01575
      vertex 63.6165 73.6 6.03467
      vertex 63.6165 43.6 6.03467
    endloop
  endfacet
  facet normal 0.997914 0 -0.0645569
    outer loop
      vertex 63.95 43.6 5.6
      vertex 63.9462 73.6 5.54126
      vertex 63.95 73.6 5.6
    endloop
  endfacet
  facet normal 0.997914 0 -0.0645569
    outer loop
      vertex 63.9462 73.6 5.54126
      vertex 63.95 43.6 5.6
      vertex 63.9462 43.6 5.54126
    endloop
  endfacet
  facet normal 0.321628 0 -0.946866
    outer loop
      vertex 63.6165 43.6 5.16533
      vertex 63.6722 73.6 5.18425
      vertex 63.6722 43.6 5.18425
    endloop
  endfacet
  facet normal 0.321628 0 -0.946866
    outer loop
      vertex 63.6722 73.6 5.18425
      vertex 63.6165 43.6 5.16533
      vertex 63.6165 73.6 5.16533
    endloop
  endfacet
  facet normal 0.831475 0 -0.555562
    outer loop
      vertex 63.8897 43.6 5.375
      vertex 63.857 73.6 5.32606
      vertex 63.8897 73.6 5.375
    endloop
  endfacet
  facet normal 0.831475 0 -0.555562
    outer loop
      vertex 63.857 73.6 5.32606
      vertex 63.8897 43.6 5.375
      vertex 63.857 43.6 5.32606
    endloop
  endfacet
  facet normal 0.194811 0 0.980841
    outer loop
      vertex 63.5587 73.6 6.04615
      vertex 63.6165 43.6 6.03467
      vertex 63.6165 73.6 6.03467
    endloop
  endfacet
  facet normal 0.194811 0 0.980841
    outer loop
      vertex 63.6165 43.6 6.03467
      vertex 63.5587 73.6 6.04615
      vertex 63.5587 43.6 6.04615
    endloop
  endfacet
  facet normal 0.658961 0 0.752177
    outer loop
      vertex 63.7739 73.6 5.95701
      vertex 63.8182 43.6 5.9182
      vertex 63.8182 73.6 5.9182
    endloop
  endfacet
  facet normal 0.658961 0 0.752177
    outer loop
      vertex 63.8182 43.6 5.9182
      vertex 63.7739 73.6 5.95701
      vertex 63.7739 43.6 5.95701
    endloop
  endfacet
  facet normal 0.194811 0 -0.980841
    outer loop
      vertex 63.5587 43.6 5.15385
      vertex 63.6165 73.6 5.16533
      vertex 63.6165 43.6 5.16533
    endloop
  endfacet
  facet normal 0.194811 0 -0.980841
    outer loop
      vertex 63.6165 73.6 5.16533
      vertex 63.5587 43.6 5.15385
      vertex 63.5587 73.6 5.15385
    endloop
  endfacet
  facet normal 0.658961 0 -0.752177
    outer loop
      vertex 63.7739 43.6 5.24299
      vertex 63.8182 73.6 5.2818
      vertex 63.8182 43.6 5.2818
    endloop
  endfacet
  facet normal 0.658961 0 -0.752177
    outer loop
      vertex 63.8182 73.6 5.2818
      vertex 63.7739 43.6 5.24299
      vertex 63.7739 73.6 5.24299
    endloop
  endfacet
  facet normal 0.442315 0 -0.89686
    outer loop
      vertex 63.6722 43.6 5.18425
      vertex 63.725 73.6 5.21029
      vertex 63.725 43.6 5.21029
    endloop
  endfacet
  facet normal 0.442315 0 -0.89686
    outer loop
      vertex 63.725 73.6 5.21029
      vertex 63.6722 43.6 5.18425
      vertex 63.6722 73.6 5.18425
    endloop
  endfacet
  facet normal 0.555877 0 -0.831265
    outer loop
      vertex 63.725 43.6 5.21029
      vertex 63.7739 73.6 5.24299
      vertex 63.7739 43.6 5.24299
    endloop
  endfacet
  facet normal 0.555877 0 -0.831265
    outer loop
      vertex 63.7739 73.6 5.24299
      vertex 63.725 43.6 5.21029
      vertex 63.725 73.6 5.21029
    endloop
  endfacet
  facet normal 0.946522 0 -0.322639
    outer loop
      vertex 63.9347 43.6 5.48353
      vertex 63.9157 73.6 5.42779
      vertex 63.9347 73.6 5.48353
    endloop
  endfacet
  facet normal 0.946522 0 -0.322639
    outer loop
      vertex 63.9157 73.6 5.42779
      vertex 63.9347 43.6 5.48353
      vertex 63.9157 43.6 5.42779
    endloop
  endfacet
  facet normal 0.980731 0 -0.195365
    outer loop
      vertex 63.9462 43.6 5.54126
      vertex 63.9347 73.6 5.48353
      vertex 63.9462 73.6 5.54126
    endloop
  endfacet
  facet normal 0.980731 0 -0.195365
    outer loop
      vertex 63.9347 73.6 5.48353
      vertex 63.9462 43.6 5.54126
      vertex 63.9347 43.6 5.48353
    endloop
  endfacet
  facet normal 0.997859 0.0653948 0
    outer loop
      vertex 6.25 97 0
      vertex 6.2222 97.4242 -8.8
      vertex 6.2222 97.4242 0
    endloop
  endfacet
  facet normal 0.997859 0.0653948 0
    outer loop
      vertex 6.2222 97.4242 -8.8
      vertex 6.25 97 0
      vertex 6.25 97 -8.8
    endloop
  endfacet
  facet normal -0.0658617 0.997829 0
    outer loop
      vertex 3 100.25 -8.8
      vertex 2.57579 100.222 0
      vertex 3 100.25 0
    endloop
  endfacet
  facet normal -0.0658617 0.997829 0
    outer loop
      vertex 2.57579 100.222 0
      vertex 3 100.25 -8.8
      vertex 2.57579 100.222 -8.8
    endloop
  endfacet
  facet normal 0.0653933 -0.99786 0
    outer loop
      vertex 3 93.75 -8.8
      vertex 3.42421 93.7778 0
      vertex 3 93.75 0
    endloop
  endfacet
  facet normal 0.0653933 -0.99786 0
    outer loop
      vertex 3.42421 93.7778 0
      vertex 3 93.75 -8.8
      vertex 3.42421 93.7778 -8.8
    endloop
  endfacet
  facet normal 0.659335 0.751849 -0
    outer loop
      vertex 5.2981 99.2981 -8.8
      vertex 4.97847 99.5784 0
      vertex 5.2981 99.2981 0
    endloop
  endfacet
  facet normal 0.659335 0.751849 0
    outer loop
      vertex 4.97847 99.5784 0
      vertex 5.2981 99.2981 -8.8
      vertex 4.97847 99.5784 -8.8
    endloop
  endfacet
  facet normal -0.751817 0.659372 0
    outer loop
      vertex 0.421601 98.9785 -8.8
      vertex 0.701902 99.2981 0
      vertex 0.701902 99.2981 -8.8
    endloop
  endfacet
  facet normal -0.751817 0.659372 0
    outer loop
      vertex 0.701902 99.2981 0
      vertex 0.421601 98.9785 -8.8
      vertex 0.421601 98.9785 0
    endloop
  endfacet
  facet normal -0.442995 0.896524 0
    outer loop
      vertex 1.75628 100.003 -8.8
      vertex 1.375 99.8146 0
      vertex 1.75628 100.003 0
    endloop
  endfacet
  facet normal -0.442995 0.896524 0
    outer loop
      vertex 1.375 99.8146 0
      vertex 1.75628 100.003 -8.8
      vertex 1.375 99.8146 -8.8
    endloop
  endfacet
  facet normal 0.896879 0.442277 0
    outer loop
      vertex 6.00261 98.2437 0
      vertex 5.81458 98.625 -8.8
      vertex 5.81458 98.625 0
    endloop
  endfacet
  facet normal 0.896879 0.442277 0
    outer loop
      vertex 5.81458 98.625 -8.8
      vertex 6.00261 98.2437 0
      vertex 6.00261 98.2437 -8.8
    endloop
  endfacet
  facet normal 0.831493 0.555536 0
    outer loop
      vertex 5.81458 98.625 0
      vertex 5.5784 98.9785 -8.8
      vertex 5.5784 98.9785 0
    endloop
  endfacet
  facet normal 0.831493 0.555536 0
    outer loop
      vertex 5.5784 98.9785 -8.8
      vertex 5.81458 98.625 0
      vertex 5.81458 98.625 -8.8
    endloop
  endfacet
  facet normal 0.320066 0.947395 -0
    outer loop
      vertex 4.24372 100.003 -8.8
      vertex 3.84116 100.139 0
      vertex 4.24372 100.003 0
    endloop
  endfacet
  facet normal 0.320066 0.947395 0
    outer loop
      vertex 3.84116 100.139 0
      vertex 4.24372 100.003 -8.8
      vertex 3.84116 100.139 -8.8
    endloop
  endfacet
  facet normal 0.442995 0.896524 -0
    outer loop
      vertex 4.625 99.8146 -8.8
      vertex 4.24372 100.003 0
      vertex 4.625 99.8146 0
    endloop
  endfacet
  facet normal 0.442995 0.896524 0
    outer loop
      vertex 4.24372 100.003 0
      vertex 4.625 99.8146 -8.8
      vertex 4.24372 100.003 -8.8
    endloop
  endfacet
  facet normal -0.896883 0.442268 0
    outer loop
      vertex -0.0026083 98.2437 -8.8
      vertex 0.185417 98.625 0
      vertex 0.185417 98.625 -8.8
    endloop
  endfacet
  facet normal -0.896883 0.442268 0
    outer loop
      vertex 0.185417 98.625 0
      vertex -0.0026083 98.2437 -8.8
      vertex -0.0026083 98.2437 0
    endloop
  endfacet
  facet normal 0 0 1
    outer loop
      vertex -0.5 85.5 -8.8
      vertex 0.185417 95.375 -8.8
      vertex -0.0026083 95.7563 -8.8
    endloop
  endfacet
  facet normal 0 0 1
    outer loop
      vertex -0.5 85.5 -8.8
      vertex -0.0026083 95.7563 -8.8
      vertex -0.139258 96.1588 -8.8
    endloop
  endfacet
  facet normal 0 0 1
    outer loop
      vertex -0.5 85.5 -8.8
      vertex -0.139258 96.1588 -8.8
      vertex -0.222196 96.5758 -8.8
    endloop
  endfacet
  facet normal 0 0 1
    outer loop
      vertex -0.5 85.5 -8.8
      vertex -0.222196 96.5758 -8.8
      vertex -0.25 97 -8.8
    endloop
  endfacet
  facet normal 0 0 1
    outer loop
      vertex -0.139258 97.8412 -8.8
      vertex -0.5 114.2 -8.8
      vertex -0.222196 97.4242 -8.8
    endloop
  endfacet
  facet normal 0 0 1
    outer loop
      vertex -0.222196 97.4242 -8.8
      vertex -0.5 114.2 -8.8
      vertex -0.25 97 -8.8
    endloop
  endfacet
  facet normal 0 0 1
    outer loop
      vertex 0.185417 95.375 -8.8
      vertex -0.5 85.5 -8.8
      vertex 0 85.5 -8.8
    endloop
  endfacet
  facet normal 0 0 1
    outer loop
      vertex -0.5 85.5 -8.8
      vertex -0.25 97 -8.8
      vertex -0.5 114.2 -8.8
    endloop
  endfacet
  facet normal 0 0 1
    outer loop
      vertex 6.37269 49.3304 -8.8
      vertex 8.12731 49.3304 -8.8
      vertex 6.45263 49.45 -8.8
    endloop
  endfacet
  facet normal 0 0 1
    outer loop
      vertex 8.12731 47.1696 -8.8
      vertex 6.59059 46.6436 -8.8
      vertex 6.6 46.5 -8.8
    endloop
  endfacet
  facet normal 0 0 1
    outer loop
      vertex 8.12731 49.3304 -8.8
      vertex 6.37269 49.3304 -8.8
      vertex 8.22218 49.2222 -8.8
    endloop
  endfacet
  facet normal 0 0 1
    outer loop
      vertex 8.12731 47.1696 -8.8
      vertex 6.56252 46.7847 -8.8
      vertex 6.59059 46.6436 -8.8
    endloop
  endfacet
  facet normal 0 0 1
    outer loop
      vertex 6.27782 49.2222 -8.8
      vertex 8.22218 49.2222 -8.8
      vertex 6.37269 49.3304 -8.8
    endloop
  endfacet
  facet normal 0 0 1
    outer loop
      vertex 8.12731 47.1696 -8.8
      vertex 6.51627 46.921 -8.8
      vertex 6.56252 46.7847 -8.8
    endloop
  endfacet
  facet normal 0 0 1
    outer loop
      vertex 8.22218 49.2222 -8.8
      vertex 6.27782 49.2222 -8.8
      vertex 8.22218 47.2778 -8.8
    endloop
  endfacet
  facet normal 0 0 1
    outer loop
      vertex 8.12731 47.1696 -8.8
      vertex 6.45263 47.05 -8.8
      vertex 6.51627 46.921 -8.8
    endloop
  endfacet
  facet normal 0 0 1
    outer loop
      vertex 6.27782 47.2778 -8.8
      vertex 8.22218 47.2778 -8.8
      vertex 6.27782 49.2222 -8.8
    endloop
  endfacet
  facet normal 0 0 1
    outer loop
      vertex 8.12731 47.1696 -8.8
      vertex 6.37269 47.1696 -8.8
      vertex 6.45263 47.05 -8.8
    endloop
  endfacet
  facet normal 0 0 1
    outer loop
      vertex 8.22218 47.2778 -8.8
      vertex 6.27782 47.2778 -8.8
      vertex 8.12731 47.1696 -8.8
    endloop
  endfacet
  facet normal 0 0 1
    outer loop
      vertex 8.12731 47.1696 -8.8
      vertex 6.27782 47.2778 -8.8
      vertex 6.37269 47.1696 -8.8
    endloop
  endfacet
  facet normal -0 0 1
    outer loop
      vertex 6.16964 49.1273 -8.8
      vertex 6.27782 47.2778 -8.8
      vertex 6.27782 49.2222 -8.8
    endloop
  endfacet
  facet normal 0 0 1
    outer loop
      vertex 6.16964 49.1273 -8.8
      vertex 6.16964 47.3727 -8.8
      vertex 6.27782 47.2778 -8.8
    endloop
  endfacet
  facet normal -0 0 1
    outer loop
      vertex 6.05 49.0474 -8.8
      vertex 6.16964 47.3727 -8.8
      vertex 6.16964 49.1273 -8.8
    endloop
  endfacet
  facet normal 0 0 1
    outer loop
      vertex 6.05 49.0474 -8.8
      vertex 6.05 47.4526 -8.8
      vertex 6.16964 47.3727 -8.8
    endloop
  endfacet
  facet normal -0 0 1
    outer loop
      vertex 5.92095 48.9837 -8.8
      vertex 6.05 47.4526 -8.8
      vertex 6.05 49.0474 -8.8
    endloop
  endfacet
  facet normal 0 0 1
    outer loop
      vertex 5.92095 48.9837 -8.8
      vertex 5.92095 47.5163 -8.8
      vertex 6.05 47.4526 -8.8
    endloop
  endfacet
  facet normal -0 0 1
    outer loop
      vertex 5.7847 48.9375 -8.8
      vertex 5.92095 47.5163 -8.8
      vertex 5.92095 48.9837 -8.8
    endloop
  endfacet
  facet normal 0 0 1
    outer loop
      vertex 5.7847 48.9375 -8.8
      vertex 5.7847 47.5625 -8.8
      vertex 5.92095 47.5163 -8.8
    endloop
  endfacet
  facet normal -0 0 1
    outer loop
      vertex 5.64358 48.9094 -8.8
      vertex 5.7847 47.5625 -8.8
      vertex 5.7847 48.9375 -8.8
    endloop
  endfacet
  facet normal 0 0 1
    outer loop
      vertex 5.64358 48.9094 -8.8
      vertex 5.64358 47.5906 -8.8
      vertex 5.7847 47.5625 -8.8
    endloop
  endfacet
  facet normal -0 0 1
    outer loop
      vertex 5.5 48.9 -8.8
      vertex 5.64358 47.5906 -8.8
      vertex 5.64358 48.9094 -8.8
    endloop
  endfacet
  facet normal 0 0 1
    outer loop
      vertex 5.5 48.9 -8.8
      vertex 5.5 47.6 -8.8
      vertex 5.64358 47.5906 -8.8
    endloop
  endfacet
  facet normal 0 0 1
    outer loop
      vertex 5.35642 48.9094 -8.8
      vertex 5.5 47.6 -8.8
      vertex 5.5 48.9 -8.8
    endloop
  endfacet
  facet normal 0 0 1
    outer loop
      vertex 5.35642 48.9094 -8.8
      vertex 5.35642 47.5906 -8.8
      vertex 5.5 47.6 -8.8
    endloop
  endfacet
  facet normal 0 0 1
    outer loop
      vertex 5.2153 48.9375 -8.8
      vertex 5.35642 47.5906 -8.8
      vertex 5.35642 48.9094 -8.8
    endloop
  endfacet
  facet normal 0 0 1
    outer loop
      vertex 5.2153 48.9375 -8.8
      vertex 5.2153 47.5625 -8.8
      vertex 5.35642 47.5906 -8.8
    endloop
  endfacet
  facet normal 0 0 1
    outer loop
      vertex 5.07905 48.9837 -8.8
      vertex 5.2153 47.5625 -8.8
      vertex 5.2153 48.9375 -8.8
    endloop
  endfacet
  facet normal 0 0 1
    outer loop
      vertex 5.07905 48.9837 -8.8
      vertex 5.07905 47.5163 -8.8
      vertex 5.2153 47.5625 -8.8
    endloop
  endfacet
  facet normal 0 0 1
    outer loop
      vertex 4.95 49.0474 -8.8
      vertex 5.07905 47.5163 -8.8
      vertex 5.07905 48.9837 -8.8
    endloop
  endfacet
  facet normal 0 0 1
    outer loop
      vertex 4.95 49.0474 -8.8
      vertex 4.95 47.4526 -8.8
      vertex 5.07905 47.5163 -8.8
    endloop
  endfacet
  facet normal 0 0 1
    outer loop
      vertex 4.83036 49.1273 -8.8
      vertex 4.95 47.4526 -8.8
      vertex 4.95 49.0474 -8.8
    endloop
  endfacet
  facet normal 0 0 1
    outer loop
      vertex 4.83036 49.1273 -8.8
      vertex 4.83036 47.3727 -8.8
      vertex 4.95 47.4526 -8.8
    endloop
  endfacet
  facet normal 0 0 1
    outer loop
      vertex 4.72218 49.2222 -8.8
      vertex 4.83036 47.3727 -8.8
      vertex 4.83036 49.1273 -8.8
    endloop
  endfacet
  facet normal 0 0 1
    outer loop
      vertex 4.72218 49.2222 -8.8
      vertex 4.72218 47.2778 -8.8
      vertex 4.83036 47.3727 -8.8
    endloop
  endfacet
  facet normal 0 0 1
    outer loop
      vertex 4.62731 49.3304 -8.8
      vertex 4.72218 47.2778 -8.8
      vertex 4.72218 49.2222 -8.8
    endloop
  endfacet
  facet normal 0 0 1
    outer loop
      vertex 4.62731 49.3304 -8.8
      vertex 4.62731 47.1696 -8.8
      vertex 4.72218 47.2778 -8.8
    endloop
  endfacet
  facet normal 0 0 1
    outer loop
      vertex 4.54737 49.45 -8.8
      vertex 4.62731 47.1696 -8.8
      vertex 4.62731 49.3304 -8.8
    endloop
  endfacet
  facet normal 0 0 1
    outer loop
      vertex 4.54737 49.45 -8.8
      vertex 4.54737 47.05 -8.8
      vertex 4.62731 47.1696 -8.8
    endloop
  endfacet
  facet normal 0 0 1
    outer loop
      vertex 4.48373 49.579 -8.8
      vertex 4.54737 47.05 -8.8
      vertex 4.54737 49.45 -8.8
    endloop
  endfacet
  facet normal 0 0 1
    outer loop
      vertex 4.48373 49.579 -8.8
      vertex 4.48373 46.921 -8.8
      vertex 4.54737 47.05 -8.8
    endloop
  endfacet
  facet normal 0 0 1
    outer loop
      vertex 4.43748 49.7153 -8.8
      vertex 4.48373 46.921 -8.8
      vertex 4.48373 49.579 -8.8
    endloop
  endfacet
  facet normal 0 0 1
    outer loop
      vertex 4.43748 49.7153 -8.8
      vertex 4.43748 46.7847 -8.8
      vertex 4.48373 46.921 -8.8
    endloop
  endfacet
  facet normal 0 0 1
    outer loop
      vertex 4.40941 49.8564 -8.8
      vertex 4.43748 46.7847 -8.8
      vertex 4.43748 49.7153 -8.8
    endloop
  endfacet
  facet normal 0 0 1
    outer loop
      vertex 4.40941 49.8564 -8.8
      vertex 4.40941 46.6436 -8.8
      vertex 4.43748 46.7847 -8.8
    endloop
  endfacet
  facet normal 0 0 1
    outer loop
      vertex 4.4 50 -8.8
      vertex 4.40941 46.6436 -8.8
      vertex 4.40941 49.8564 -8.8
    endloop
  endfacet
  facet normal 0 0 1
    outer loop
      vertex 4.40941 46.6436 -8.8
      vertex 4.4 50 -8.8
      vertex 4.4 46.5 -8.8
    endloop
  endfacet
  facet normal 0 0 1
    outer loop
      vertex 6.37269 52.8304 -8.8
      vertex 8.12731 52.8304 -8.8
      vertex 6.45263 52.95 -8.8
    endloop
  endfacet
  facet normal 0 0 1
    outer loop
      vertex 8.12731 50.6696 -8.8
      vertex 6.59059 50.1436 -8.8
      vertex 6.6 50 -8.8
    endloop
  endfacet
  facet normal 0 0 1
    outer loop
      vertex 8.12731 52.8304 -8.8
      vertex 6.37269 52.8304 -8.8
      vertex 8.22218 52.7222 -8.8
    endloop
  endfacet
  facet normal 0 0 1
    outer loop
      vertex 8.12731 50.6696 -8.8
      vertex 6.56252 50.2847 -8.8
      vertex 6.59059 50.1436 -8.8
    endloop
  endfacet
  facet normal 0 0 1
    outer loop
      vertex 6.27782 52.7222 -8.8
      vertex 8.22218 52.7222 -8.8
      vertex 6.37269 52.8304 -8.8
    endloop
  endfacet
  facet normal 0 0 1
    outer loop
      vertex 8.12731 50.6696 -8.8
      vertex 6.51627 50.421 -8.8
      vertex 6.56252 50.2847 -8.8
    endloop
  endfacet
  facet normal 0 0 1
    outer loop
      vertex 8.22218 52.7222 -8.8
      vertex 6.27782 52.7222 -8.8
      vertex 8.22218 50.7778 -8.8
    endloop
  endfacet
  facet normal 0 0 1
    outer loop
      vertex 8.12731 50.6696 -8.8
      vertex 6.45263 50.55 -8.8
      vertex 6.51627 50.421 -8.8
    endloop
  endfacet
  facet normal 0 0 1
    outer loop
      vertex 6.27782 50.7778 -8.8
      vertex 8.22218 50.7778 -8.8
      vertex 6.27782 52.7222 -8.8
    endloop
  endfacet
  facet normal 0 0 1
    outer loop
      vertex 8.12731 50.6696 -8.8
      vertex 6.37269 50.6696 -8.8
      vertex 6.45263 50.55 -8.8
    endloop
  endfacet
  facet normal 0 0 1
    outer loop
      vertex 8.22218 50.7778 -8.8
      vertex 6.27782 50.7778 -8.8
      vertex 8.12731 50.6696 -8.8
    endloop
  endfacet
  facet normal 0 0 1
    outer loop
      vertex 8.12731 50.6696 -8.8
      vertex 6.27782 50.7778 -8.8
      vertex 6.37269 50.6696 -8.8
    endloop
  endfacet
  facet normal -0 0 1
    outer loop
      vertex 6.16964 52.6273 -8.8
      vertex 6.27782 50.7778 -8.8
      vertex 6.27782 52.7222 -8.8
    endloop
  endfacet
  facet normal 0 0 1
    outer loop
      vertex 6.16964 52.6273 -8.8
      vertex 6.16964 50.8727 -8.8
      vertex 6.27782 50.7778 -8.8
    endloop
  endfacet
  facet normal -0 0 1
    outer loop
      vertex 6.05 52.5474 -8.8
      vertex 6.16964 50.8727 -8.8
      vertex 6.16964 52.6273 -8.8
    endloop
  endfacet
  facet normal 0 0 1
    outer loop
      vertex 6.05 52.5474 -8.8
      vertex 6.05 50.9526 -8.8
      vertex 6.16964 50.8727 -8.8
    endloop
  endfacet
  facet normal -0 0 1
    outer loop
      vertex 5.92095 52.4837 -8.8
      vertex 6.05 50.9526 -8.8
      vertex 6.05 52.5474 -8.8
    endloop
  endfacet
  facet normal 0 0 1
    outer loop
      vertex 5.92095 52.4837 -8.8
      vertex 5.92095 51.0163 -8.8
      vertex 6.05 50.9526 -8.8
    endloop
  endfacet
  facet normal -0 0 1
    outer loop
      vertex 5.7847 52.4375 -8.8
      vertex 5.92095 51.0163 -8.8
      vertex 5.92095 52.4837 -8.8
    endloop
  endfacet
  facet normal 0 0 1
    outer loop
      vertex 5.7847 52.4375 -8.8
      vertex 5.7847 51.0625 -8.8
      vertex 5.92095 51.0163 -8.8
    endloop
  endfacet
  facet normal -0 0 1
    outer loop
      vertex 5.64358 52.4094 -8.8
      vertex 5.7847 51.0625 -8.8
      vertex 5.7847 52.4375 -8.8
    endloop
  endfacet
  facet normal 0 0 1
    outer loop
      vertex 5.64358 52.4094 -8.8
      vertex 5.64358 51.0906 -8.8
      vertex 5.7847 51.0625 -8.8
    endloop
  endfacet
  facet normal -0 0 1
    outer loop
      vertex 5.5 52.4 -8.8
      vertex 5.64358 51.0906 -8.8
      vertex 5.64358 52.4094 -8.8
    endloop
  endfacet
  facet normal 0 0 1
    outer loop
      vertex 5.5 52.4 -8.8
      vertex 5.5 51.1 -8.8
      vertex 5.64358 51.0906 -8.8
    endloop
  endfacet
  facet normal 0 0 1
    outer loop
      vertex 5.35642 52.4094 -8.8
      vertex 5.5 51.1 -8.8
      vertex 5.5 52.4 -8.8
    endloop
  endfacet
  facet normal 0 0 1
    outer loop
      vertex 5.35642 52.4094 -8.8
      vertex 5.35642 51.0906 -8.8
      vertex 5.5 51.1 -8.8
    endloop
  endfacet
  facet normal 0 0 1
    outer loop
      vertex 5.2153 52.4375 -8.8
      vertex 5.35642 51.0906 -8.8
      vertex 5.35642 52.4094 -8.8
    endloop
  endfacet
  facet normal 0 0 1
    outer loop
      vertex 5.2153 52.4375 -8.8
      vertex 5.2153 51.0625 -8.8
      vertex 5.35642 51.0906 -8.8
    endloop
  endfacet
  facet normal 0 0 1
    outer loop
      vertex 5.07905 52.4837 -8.8
      vertex 5.2153 51.0625 -8.8
      vertex 5.2153 52.4375 -8.8
    endloop
  endfacet
  facet normal 0 0 1
    outer loop
      vertex 5.07905 52.4837 -8.8
      vertex 5.07905 51.0163 -8.8
      vertex 5.2153 51.0625 -8.8
    endloop
  endfacet
  facet normal 0 0 1
    outer loop
      vertex 4.95 52.5474 -8.8
      vertex 5.07905 51.0163 -8.8
      vertex 5.07905 52.4837 -8.8
    endloop
  endfacet
  facet normal 0 0 1
    outer loop
      vertex 4.95 52.5474 -8.8
      vertex 4.95 50.9526 -8.8
      vertex 5.07905 51.0163 -8.8
    endloop
  endfacet
  facet normal 0 0 1
    outer loop
      vertex 4.83036 52.6273 -8.8
      vertex 4.95 50.9526 -8.8
      vertex 4.95 52.5474 -8.8
    endloop
  endfacet
  facet normal 0 0 1
    outer loop
      vertex 4.83036 52.6273 -8.8
      vertex 4.83036 50.8727 -8.8
      vertex 4.95 50.9526 -8.8
    endloop
  endfacet
  facet normal 0 0 1
    outer loop
      vertex 4.72218 52.7222 -8.8
      vertex 4.83036 50.8727 -8.8
      vertex 4.83036 52.6273 -8.8
    endloop
  endfacet
  facet normal 0 0 1
    outer loop
      vertex 4.72218 52.7222 -8.8
      vertex 4.72218 50.7778 -8.8
      vertex 4.83036 50.8727 -8.8
    endloop
  endfacet
  facet normal 0 0 1
    outer loop
      vertex 4.62731 52.8304 -8.8
      vertex 4.72218 50.7778 -8.8
      vertex 4.72218 52.7222 -8.8
    endloop
  endfacet
  facet normal 0 0 1
    outer loop
      vertex 4.62731 52.8304 -8.8
      vertex 4.62731 50.6696 -8.8
      vertex 4.72218 50.7778 -8.8
    endloop
  endfacet
  facet normal 0 0 1
    outer loop
      vertex 4.54737 52.95 -8.8
      vertex 4.62731 50.6696 -8.8
      vertex 4.62731 52.8304 -8.8
    endloop
  endfacet
  facet normal 0 0 1
    outer loop
      vertex 4.54737 52.95 -8.8
      vertex 4.54737 50.55 -8.8
      vertex 4.62731 50.6696 -8.8
    endloop
  endfacet
  facet normal 0 0 1
    outer loop
      vertex 4.48373 53.079 -8.8
      vertex 4.54737 50.55 -8.8
      vertex 4.54737 52.95 -8.8
    endloop
  endfacet
  facet normal 0 0 1
    outer loop
      vertex 4.48373 53.079 -8.8
      vertex 4.48373 50.421 -8.8
      vertex 4.54737 50.55 -8.8
    endloop
  endfacet
  facet normal 0 0 1
    outer loop
      vertex 4.43748 53.2153 -8.8
      vertex 4.48373 50.421 -8.8
      vertex 4.48373 53.079 -8.8
    endloop
  endfacet
  facet normal 0 0 1
    outer loop
      vertex 4.43748 53.2153 -8.8
      vertex 4.43748 50.2847 -8.8
      vertex 4.48373 50.421 -8.8
    endloop
  endfacet
  facet normal 0 0 1
    outer loop
      vertex 4.40941 53.3564 -8.8
      vertex 4.43748 50.2847 -8.8
      vertex 4.43748 53.2153 -8.8
    endloop
  endfacet
  facet normal 0 0 1
    outer loop
      vertex 4.40941 53.3564 -8.8
      vertex 4.40941 50.1436 -8.8
      vertex 4.43748 50.2847 -8.8
    endloop
  endfacet
  facet normal 0 0 1
    outer loop
      vertex 4.4 53.5 -8.8
      vertex 4.40941 50.1436 -8.8
      vertex 4.40941 53.3564 -8.8
    endloop
  endfacet
  facet normal 0 0 1
    outer loop
      vertex 4.40941 50.1436 -8.8
      vertex 4.4 53.5 -8.8
      vertex 4.4 50 -8.8
    endloop
  endfacet
  facet normal 0 0 1
    outer loop
      vertex 9.87269 49.3304 -8.8
      vertex 11.6273 49.3304 -8.8
      vertex 9.95263 49.45 -8.8
    endloop
  endfacet
  facet normal 0 0 1
    outer loop
      vertex 11.6273 47.1696 -8.8
      vertex 10.0906 46.6436 -8.8
      vertex 10.1 46.5 -8.8
    endloop
  endfacet
  facet normal 0 0 1
    outer loop
      vertex 11.6273 49.3304 -8.8
      vertex 9.87269 49.3304 -8.8
      vertex 11.7222 49.2222 -8.8
    endloop
  endfacet
  facet normal 0 0 1
    outer loop
      vertex 11.6273 47.1696 -8.8
      vertex 10.0625 46.7847 -8.8
      vertex 10.0906 46.6436 -8.8
    endloop
  endfacet
  facet normal 0 0 1
    outer loop
      vertex 9.77782 49.2222 -8.8
      vertex 11.7222 49.2222 -8.8
      vertex 9.87269 49.3304 -8.8
    endloop
  endfacet
  facet normal 0 0 1
    outer loop
      vertex 11.6273 47.1696 -8.8
      vertex 10.0163 46.921 -8.8
      vertex 10.0625 46.7847 -8.8
    endloop
  endfacet
  facet normal 0 0 1
    outer loop
      vertex 11.7222 49.2222 -8.8
      vertex 9.77782 49.2222 -8.8
      vertex 11.7222 47.2778 -8.8
    endloop
  endfacet
  facet normal 0 0 1
    outer loop
      vertex 11.6273 47.1696 -8.8
      vertex 9.95263 47.05 -8.8
      vertex 10.0163 46.921 -8.8
    endloop
  endfacet
  facet normal 0 0 1
    outer loop
      vertex 9.77782 47.2778 -8.8
      vertex 11.7222 47.2778 -8.8
      vertex 9.77782 49.2222 -8.8
    endloop
  endfacet
  facet normal 0 0 1
    outer loop
      vertex 11.6273 47.1696 -8.8
      vertex 9.87269 47.1696 -8.8
      vertex 9.95263 47.05 -8.8
    endloop
  endfacet
  facet normal 0 0 1
    outer loop
      vertex 11.7222 47.2778 -8.8
      vertex 9.77782 47.2778 -8.8
      vertex 11.6273 47.1696 -8.8
    endloop
  endfacet
  facet normal 0 0 1
    outer loop
      vertex 11.6273 47.1696 -8.8
      vertex 9.77782 47.2778 -8.8
      vertex 9.87269 47.1696 -8.8
    endloop
  endfacet
  facet normal -0 0 1
    outer loop
      vertex 9.66964 49.1273 -8.8
      vertex 9.77782 47.2778 -8.8
      vertex 9.77782 49.2222 -8.8
    endloop
  endfacet
  facet normal 0 0 1
    outer loop
      vertex 9.66964 49.1273 -8.8
      vertex 9.66964 47.3727 -8.8
      vertex 9.77782 47.2778 -8.8
    endloop
  endfacet
  facet normal -0 0 1
    outer loop
      vertex 9.55 49.0474 -8.8
      vertex 9.66964 47.3727 -8.8
      vertex 9.66964 49.1273 -8.8
    endloop
  endfacet
  facet normal 0 0 1
    outer loop
      vertex 9.55 49.0474 -8.8
      vertex 9.55 47.4526 -8.8
      vertex 9.66964 47.3727 -8.8
    endloop
  endfacet
  facet normal -0 0 1
    outer loop
      vertex 9.42095 48.9837 -8.8
      vertex 9.55 47.4526 -8.8
      vertex 9.55 49.0474 -8.8
    endloop
  endfacet
  facet normal 0 0 1
    outer loop
      vertex 9.42095 48.9837 -8.8
      vertex 9.42095 47.5163 -8.8
      vertex 9.55 47.4526 -8.8
    endloop
  endfacet
  facet normal -0 0 1
    outer loop
      vertex 9.2847 48.9375 -8.8
      vertex 9.42095 47.5163 -8.8
      vertex 9.42095 48.9837 -8.8
    endloop
  endfacet
  facet normal 0 0 1
    outer loop
      vertex 9.2847 48.9375 -8.8
      vertex 9.2847 47.5625 -8.8
      vertex 9.42095 47.5163 -8.8
    endloop
  endfacet
  facet normal -0 0 1
    outer loop
      vertex 9.14358 48.9094 -8.8
      vertex 9.2847 47.5625 -8.8
      vertex 9.2847 48.9375 -8.8
    endloop
  endfacet
  facet normal 0 0 1
    outer loop
      vertex 9.14358 48.9094 -8.8
      vertex 9.14358 47.5906 -8.8
      vertex 9.2847 47.5625 -8.8
    endloop
  endfacet
  facet normal -0 0 1
    outer loop
      vertex 9 48.9 -8.8
      vertex 9.14358 47.5906 -8.8
      vertex 9.14358 48.9094 -8.8
    endloop
  endfacet
  facet normal 0 0 1
    outer loop
      vertex 9 48.9 -8.8
      vertex 9 47.6 -8.8
      vertex 9.14358 47.5906 -8.8
    endloop
  endfacet
  facet normal 0 0 1
    outer loop
      vertex 8.85642 48.9094 -8.8
      vertex 9 47.6 -8.8
      vertex 9 48.9 -8.8
    endloop
  endfacet
  facet normal 0 0 1
    outer loop
      vertex 8.85642 48.9094 -8.8
      vertex 8.85642 47.5906 -8.8
      vertex 9 47.6 -8.8
    endloop
  endfacet
  facet normal 0 0 1
    outer loop
      vertex 8.7153 48.9375 -8.8
      vertex 8.85642 47.5906 -8.8
      vertex 8.85642 48.9094 -8.8
    endloop
  endfacet
  facet normal 0 0 1
    outer loop
      vertex 8.7153 48.9375 -8.8
      vertex 8.7153 47.5625 -8.8
      vertex 8.85642 47.5906 -8.8
    endloop
  endfacet
  facet normal 0 0 1
    outer loop
      vertex 8.57905 48.9837 -8.8
      vertex 8.7153 47.5625 -8.8
      vertex 8.7153 48.9375 -8.8
    endloop
  endfacet
  facet normal 0 0 1
    outer loop
      vertex 8.57905 48.9837 -8.8
      vertex 8.57905 47.5163 -8.8
      vertex 8.7153 47.5625 -8.8
    endloop
  endfacet
  facet normal 0 0 1
    outer loop
      vertex 8.45 49.0474 -8.8
      vertex 8.57905 47.5163 -8.8
      vertex 8.57905 48.9837 -8.8
    endloop
  endfacet
  facet normal 0 0 1
    outer loop
      vertex 8.45 49.0474 -8.8
      vertex 8.45 47.4526 -8.8
      vertex 8.57905 47.5163 -8.8
    endloop
  endfacet
  facet normal 0 0 1
    outer loop
      vertex 8.33036 49.1273 -8.8
      vertex 8.45 47.4526 -8.8
      vertex 8.45 49.0474 -8.8
    endloop
  endfacet
  facet normal 0 0 1
    outer loop
      vertex 8.33036 49.1273 -8.8
      vertex 8.33036 47.3727 -8.8
      vertex 8.45 47.4526 -8.8
    endloop
  endfacet
  facet normal 0 0 1
    outer loop
      vertex 8.22218 49.2222 -8.8
      vertex 8.33036 47.3727 -8.8
      vertex 8.33036 49.1273 -8.8
    endloop
  endfacet
  facet normal 0 0 1
    outer loop
      vertex 8.22218 49.2222 -8.8
      vertex 8.22218 47.2778 -8.8
      vertex 8.33036 47.3727 -8.8
    endloop
  endfacet
  facet normal 0 0 1
    outer loop
      vertex 6.45263 49.45 -8.8
      vertex 8.04737 49.45 -8.8
      vertex 6.51627 49.579 -8.8
    endloop
  endfacet
  facet normal 0 0 1
    outer loop
      vertex 8.04737 49.45 -8.8
      vertex 6.45263 49.45 -8.8
      vertex 8.12731 49.3304 -8.8
    endloop
  endfacet
  facet normal 0 0 1
    outer loop
      vertex 7.93748 49.7153 -8.8
      vertex 6.56252 49.7153 -8.8
      vertex 7.98373 49.579 -8.8
    endloop
  endfacet
  facet normal 0 0 1
    outer loop
      vertex 6.51627 49.579 -8.8
      vertex 7.98373 49.579 -8.8
      vertex 6.56252 49.7153 -8.8
    endloop
  endfacet
  facet normal 0 0 1
    outer loop
      vertex 6.56252 49.7153 -8.8
      vertex 7.93748 49.7153 -8.8
      vertex 6.59059 49.8564 -8.8
    endloop
  endfacet
  facet normal 0 0 1
    outer loop
      vertex 7.98373 49.579 -8.8
      vertex 6.51627 49.579 -8.8
      vertex 8.04737 49.45 -8.8
    endloop
  endfacet
  facet normal 0 0 1
    outer loop
      vertex 7.90941 49.8564 -8.8
      vertex 6.59059 49.8564 -8.8
      vertex 7.93748 49.7153 -8.8
    endloop
  endfacet
  facet normal 0 0 1
    outer loop
      vertex 8.12731 47.1696 -8.8
      vertex 6.6 46.5 -8.8
      vertex 8.04737 47.05 -8.8
    endloop
  endfacet
  facet normal 0 0 1
    outer loop
      vertex 6.59059 49.8564 -8.8
      vertex 7.90941 49.8564 -8.8
      vertex 6.6 50 -8.8
    endloop
  endfacet
  facet normal 0 0 1
    outer loop
      vertex 8.04737 47.05 -8.8
      vertex 6.6 46.5 -8.8
      vertex 7.98373 46.921 -8.8
    endloop
  endfacet
  facet normal -0 0 1
    outer loop
      vertex 6.6 50 -8.8
      vertex 7.90941 49.8564 -8.8
      vertex 7.9 50 -8.8
    endloop
  endfacet
  facet normal 0 0 1
    outer loop
      vertex 7.98373 46.921 -8.8
      vertex 6.6 46.5 -8.8
      vertex 7.93748 46.7847 -8.8
    endloop
  endfacet
  facet normal 0 0 1
    outer loop
      vertex 9.87269 52.8304 -8.8
      vertex 11.6273 52.8304 -8.8
      vertex 9.95263 52.95 -8.8
    endloop
  endfacet
  facet normal 0 0 1
    outer loop
      vertex 11.6273 50.6696 -8.8
      vertex 10.0906 50.1436 -8.8
      vertex 10.1 50 -8.8
    endloop
  endfacet
  facet normal 0 0 1
    outer loop
      vertex 11.6273 52.8304 -8.8
      vertex 9.87269 52.8304 -8.8
      vertex 11.7222 52.7222 -8.8
    endloop
  endfacet
  facet normal 0 0 1
    outer loop
      vertex 11.6273 50.6696 -8.8
      vertex 10.0625 50.2847 -8.8
      vertex 10.0906 50.1436 -8.8
    endloop
  endfacet
  facet normal 0 0 1
    outer loop
      vertex 9.77782 52.7222 -8.8
      vertex 11.7222 52.7222 -8.8
      vertex 9.87269 52.8304 -8.8
    endloop
  endfacet
  facet normal 0 0 1
    outer loop
      vertex 11.6273 50.6696 -8.8
      vertex 10.0163 50.421 -8.8
      vertex 10.0625 50.2847 -8.8
    endloop
  endfacet
  facet normal 0 0 1
    outer loop
      vertex 11.7222 52.7222 -8.8
      vertex 9.77782 52.7222 -8.8
      vertex 11.7222 50.7778 -8.8
    endloop
  endfacet
  facet normal 0 0 1
    outer loop
      vertex 11.6273 50.6696 -8.8
      vertex 9.95263 50.55 -8.8
      vertex 10.0163 50.421 -8.8
    endloop
  endfacet
  facet normal 0 0 1
    outer loop
      vertex 9.77782 50.7778 -8.8
      vertex 11.7222 50.7778 -8.8
      vertex 9.77782 52.7222 -8.8
    endloop
  endfacet
  facet normal 0 0 1
    outer loop
      vertex 11.6273 50.6696 -8.8
      vertex 9.87269 50.6696 -8.8
      vertex 9.95263 50.55 -8.8
    endloop
  endfacet
  facet normal 0 0 1
    outer loop
      vertex 11.7222 50.7778 -8.8
      vertex 9.77782 50.7778 -8.8
      vertex 11.6273 50.6696 -8.8
    endloop
  endfacet
  facet normal 0 0 1
    outer loop
      vertex 11.6273 50.6696 -8.8
      vertex 9.77782 50.7778 -8.8
      vertex 9.87269 50.6696 -8.8
    endloop
  endfacet
  facet normal -0 0 1
    outer loop
      vertex 9.66964 52.6273 -8.8
      vertex 9.77782 50.7778 -8.8
      vertex 9.77782 52.7222 -8.8
    endloop
  endfacet
  facet normal 0 0 1
    outer loop
      vertex 9.66964 52.6273 -8.8
      vertex 9.66964 50.8727 -8.8
      vertex 9.77782 50.7778 -8.8
    endloop
  endfacet
  facet normal -0 0 1
    outer loop
      vertex 9.55 52.5474 -8.8
      vertex 9.66964 50.8727 -8.8
      vertex 9.66964 52.6273 -8.8
    endloop
  endfacet
  facet normal 0 0 1
    outer loop
      vertex 9.55 52.5474 -8.8
      vertex 9.55 50.9526 -8.8
      vertex 9.66964 50.8727 -8.8
    endloop
  endfacet
  facet normal -0 0 1
    outer loop
      vertex 9.42095 52.4837 -8.8
      vertex 9.55 50.9526 -8.8
      vertex 9.55 52.5474 -8.8
    endloop
  endfacet
  facet normal 0 0 1
    outer loop
      vertex 9.42095 52.4837 -8.8
      vertex 9.42095 51.0163 -8.8
      vertex 9.55 50.9526 -8.8
    endloop
  endfacet
  facet normal -0 0 1
    outer loop
      vertex 9.2847 52.4375 -8.8
      vertex 9.42095 51.0163 -8.8
      vertex 9.42095 52.4837 -8.8
    endloop
  endfacet
  facet normal 0 0 1
    outer loop
      vertex 9.2847 52.4375 -8.8
      vertex 9.2847 51.0625 -8.8
      vertex 9.42095 51.0163 -8.8
    endloop
  endfacet
  facet normal -0 0 1
    outer loop
      vertex 9.14358 52.4094 -8.8
      vertex 9.2847 51.0625 -8.8
      vertex 9.2847 52.4375 -8.8
    endloop
  endfacet
  facet normal 0 0 1
    outer loop
      vertex 9.14358 52.4094 -8.8
      vertex 9.14358 51.0906 -8.8
      vertex 9.2847 51.0625 -8.8
    endloop
  endfacet
  facet normal -0 0 1
    outer loop
      vertex 9 52.4 -8.8
      vertex 9.14358 51.0906 -8.8
      vertex 9.14358 52.4094 -8.8
    endloop
  endfacet
  facet normal 0 0 1
    outer loop
      vertex 9 52.4 -8.8
      vertex 9 51.1 -8.8
      vertex 9.14358 51.0906 -8.8
    endloop
  endfacet
  facet normal 0 0 1
    outer loop
      vertex 8.85642 52.4094 -8.8
      vertex 9 51.1 -8.8
      vertex 9 52.4 -8.8
    endloop
  endfacet
  facet normal 0 0 1
    outer loop
      vertex 8.85642 52.4094 -8.8
      vertex 8.85642 51.0906 -8.8
      vertex 9 51.1 -8.8
    endloop
  endfacet
  facet normal 0 0 1
    outer loop
      vertex 8.7153 52.4375 -8.8
      vertex 8.85642 51.0906 -8.8
      vertex 8.85642 52.4094 -8.8
    endloop
  endfacet
  facet normal 0 0 1
    outer loop
      vertex 8.7153 52.4375 -8.8
      vertex 8.7153 51.0625 -8.8
      vertex 8.85642 51.0906 -8.8
    endloop
  endfacet
  facet normal 0 0 1
    outer loop
      vertex 8.57905 52.4837 -8.8
      vertex 8.7153 51.0625 -8.8
      vertex 8.7153 52.4375 -8.8
    endloop
  endfacet
  facet normal 0 0 1
    outer loop
      vertex 8.57905 52.4837 -8.8
      vertex 8.57905 51.0163 -8.8
      vertex 8.7153 51.0625 -8.8
    endloop
  endfacet
  facet normal 0 0 1
    outer loop
      vertex 8.45 52.5474 -8.8
      vertex 8.57905 51.0163 -8.8
      vertex 8.57905 52.4837 -8.8
    endloop
  endfacet
  facet normal 0 0 1
    outer loop
      vertex 8.45 52.5474 -8.8
      vertex 8.45 50.9526 -8.8
      vertex 8.57905 51.0163 -8.8
    endloop
  endfacet
  facet normal 0 0 1
    outer loop
      vertex 8.33036 52.6273 -8.8
      vertex 8.45 50.9526 -8.8
      vertex 8.45 52.5474 -8.8
    endloop
  endfacet
  facet normal 0 0 1
    outer loop
      vertex 8.33036 52.6273 -8.8
      vertex 8.33036 50.8727 -8.8
      vertex 8.45 50.9526 -8.8
    endloop
  endfacet
  facet normal 0 0 1
    outer loop
      vertex 8.22218 52.7222 -8.8
      vertex 8.33036 50.8727 -8.8
      vertex 8.33036 52.6273 -8.8
    endloop
  endfacet
  facet normal 0 0 1
    outer loop
      vertex 8.22218 52.7222 -8.8
      vertex 8.22218 50.7778 -8.8
      vertex 8.33036 50.8727 -8.8
    endloop
  endfacet
  facet normal 0 0 1
    outer loop
      vertex 6.45263 52.95 -8.8
      vertex 8.04737 52.95 -8.8
      vertex 6.51627 53.079 -8.8
    endloop
  endfacet
  facet normal 0 0 1
    outer loop
      vertex 8.04737 52.95 -8.8
      vertex 6.45263 52.95 -8.8
      vertex 8.12731 52.8304 -8.8
    endloop
  endfacet
  facet normal 0 0 1
    outer loop
      vertex 7.93748 53.2153 -8.8
      vertex 6.56252 53.2153 -8.8
      vertex 7.98373 53.079 -8.8
    endloop
  endfacet
  facet normal 0 0 1
    outer loop
      vertex 6.51627 53.079 -8.8
      vertex 7.98373 53.079 -8.8
      vertex 6.56252 53.2153 -8.8
    endloop
  endfacet
  facet normal 0 0 1
    outer loop
      vertex 6.56252 53.2153 -8.8
      vertex 7.93748 53.2153 -8.8
      vertex 6.59059 53.3564 -8.8
    endloop
  endfacet
  facet normal 0 0 1
    outer loop
      vertex 7.98373 53.079 -8.8
      vertex 6.51627 53.079 -8.8
      vertex 8.04737 52.95 -8.8
    endloop
  endfacet
  facet normal 0 0 1
    outer loop
      vertex 7.90941 53.3564 -8.8
      vertex 6.59059 53.3564 -8.8
      vertex 7.93748 53.2153 -8.8
    endloop
  endfacet
  facet normal 0 0 1
    outer loop
      vertex 8.12731 50.6696 -8.8
      vertex 6.6 50 -8.8
      vertex 8.04737 50.55 -8.8
    endloop
  endfacet
  facet normal 0 0 1
    outer loop
      vertex 6.59059 53.3564 -8.8
      vertex 7.90941 53.3564 -8.8
      vertex 6.6 53.5 -8.8
    endloop
  endfacet
  facet normal 0 0 1
    outer loop
      vertex 8.04737 50.55 -8.8
      vertex 6.6 50 -8.8
      vertex 7.98373 50.421 -8.8
    endloop
  endfacet
  facet normal -0 0 1
    outer loop
      vertex 6.6 53.5 -8.8
      vertex 7.90941 53.3564 -8.8
      vertex 7.9 53.5 -8.8
    endloop
  endfacet
  facet normal 0 0 1
    outer loop
      vertex 7.98373 50.421 -8.8
      vertex 6.6 50 -8.8
      vertex 7.93748 50.2847 -8.8
    endloop
  endfacet
  facet normal -0 0 1
    outer loop
      vertex 13.5906 49.8564 -8.8
      vertex 13.6 46.5 -8.8
      vertex 13.6 50 -8.8
    endloop
  endfacet
  facet normal 0 0 1
    outer loop
      vertex 13.5906 49.8564 -8.8
      vertex 13.5906 46.6436 -8.8
      vertex 13.6 46.5 -8.8
    endloop
  endfacet
  facet normal -0 0 1
    outer loop
      vertex 13.5625 49.7153 -8.8
      vertex 13.5906 46.6436 -8.8
      vertex 13.5906 49.8564 -8.8
    endloop
  endfacet
  facet normal 0 0 1
    outer loop
      vertex 13.5625 49.7153 -8.8
      vertex 13.5625 46.7847 -8.8
      vertex 13.5906 46.6436 -8.8
    endloop
  endfacet
  facet normal -0 0 1
    outer loop
      vertex 13.5163 49.579 -8.8
      vertex 13.5625 46.7847 -8.8
      vertex 13.5625 49.7153 -8.8
    endloop
  endfacet
  facet normal 0 0 1
    outer loop
      vertex 13.5163 49.579 -8.8
      vertex 13.5163 46.921 -8.8
      vertex 13.5625 46.7847 -8.8
    endloop
  endfacet
  facet normal -0 0 1
    outer loop
      vertex 13.4526 49.45 -8.8
      vertex 13.5163 46.921 -8.8
      vertex 13.5163 49.579 -8.8
    endloop
  endfacet
  facet normal 0 0 1
    outer loop
      vertex 13.4526 49.45 -8.8
      vertex 13.4526 47.05 -8.8
      vertex 13.5163 46.921 -8.8
    endloop
  endfacet
  facet normal -0 0 1
    outer loop
      vertex 13.3727 49.3304 -8.8
      vertex 13.4526 47.05 -8.8
      vertex 13.4526 49.45 -8.8
    endloop
  endfacet
  facet normal 0 0 1
    outer loop
      vertex 13.3727 49.3304 -8.8
      vertex 13.3727 47.1696 -8.8
      vertex 13.4526 47.05 -8.8
    endloop
  endfacet
  facet normal -0 0 1
    outer loop
      vertex 13.2778 49.2222 -8.8
      vertex 13.3727 47.1696 -8.8
      vertex 13.3727 49.3304 -8.8
    endloop
  endfacet
  facet normal 0 0 1
    outer loop
      vertex 13.2778 49.2222 -8.8
      vertex 13.2778 47.2778 -8.8
      vertex 13.3727 47.1696 -8.8
    endloop
  endfacet
  facet normal -0 0 1
    outer loop
      vertex 13.1696 49.1273 -8.8
      vertex 13.2778 47.2778 -8.8
      vertex 13.2778 49.2222 -8.8
    endloop
  endfacet
  facet normal 0 0 1
    outer loop
      vertex 13.1696 49.1273 -8.8
      vertex 13.1696 47.3727 -8.8
      vertex 13.2778 47.2778 -8.8
    endloop
  endfacet
  facet normal -0 0 1
    outer loop
      vertex 13.05 49.0474 -8.8
      vertex 13.1696 47.3727 -8.8
      vertex 13.1696 49.1273 -8.8
    endloop
  endfacet
  facet normal 0 0 1
    outer loop
      vertex 13.05 49.0474 -8.8
      vertex 13.05 47.4526 -8.8
      vertex 13.1696 47.3727 -8.8
    endloop
  endfacet
  facet normal -0 0 1
    outer loop
      vertex 12.921 48.9837 -8.8
      vertex 13.05 47.4526 -8.8
      vertex 13.05 49.0474 -8.8
    endloop
  endfacet
  facet normal 0 0 1
    outer loop
      vertex 12.921 48.9837 -8.8
      vertex 12.921 47.5163 -8.8
      vertex 13.05 47.4526 -8.8
    endloop
  endfacet
  facet normal -0 0 1
    outer loop
      vertex 12.7847 48.9375 -8.8
      vertex 12.921 47.5163 -8.8
      vertex 12.921 48.9837 -8.8
    endloop
  endfacet
  facet normal 0 0 1
    outer loop
      vertex 12.7847 48.9375 -8.8
      vertex 12.7847 47.5625 -8.8
      vertex 12.921 47.5163 -8.8
    endloop
  endfacet
  facet normal -0 0 1
    outer loop
      vertex 12.6436 48.9094 -8.8
      vertex 12.7847 47.5625 -8.8
      vertex 12.7847 48.9375 -8.8
    endloop
  endfacet
  facet normal 0 0 1
    outer loop
      vertex 12.6436 48.9094 -8.8
      vertex 12.6436 47.5906 -8.8
      vertex 12.7847 47.5625 -8.8
    endloop
  endfacet
  facet normal -0 0 1
    outer loop
      vertex 12.5 48.9 -8.8
      vertex 12.6436 47.5906 -8.8
      vertex 12.6436 48.9094 -8.8
    endloop
  endfacet
  facet normal 0 0 1
    outer loop
      vertex 12.5 48.9 -8.8
      vertex 12.5 47.6 -8.8
      vertex 12.6436 47.5906 -8.8
    endloop
  endfacet
  facet normal 0 0 1
    outer loop
      vertex 12.3564 48.9094 -8.8
      vertex 12.5 47.6 -8.8
      vertex 12.5 48.9 -8.8
    endloop
  endfacet
  facet normal 0 0 1
    outer loop
      vertex 12.3564 48.9094 -8.8
      vertex 12.3564 47.5906 -8.8
      vertex 12.5 47.6 -8.8
    endloop
  endfacet
  facet normal 0 0 1
    outer loop
      vertex 12.2153 48.9375 -8.8
      vertex 12.3564 47.5906 -8.8
      vertex 12.3564 48.9094 -8.8
    endloop
  endfacet
  facet normal 0 0 1
    outer loop
      vertex 12.2153 48.9375 -8.8
      vertex 12.2153 47.5625 -8.8
      vertex 12.3564 47.5906 -8.8
    endloop
  endfacet
  facet normal 0 0 1
    outer loop
      vertex 12.079 48.9837 -8.8
      vertex 12.2153 47.5625 -8.8
      vertex 12.2153 48.9375 -8.8
    endloop
  endfacet
  facet normal 0 0 1
    outer loop
      vertex 12.079 48.9837 -8.8
      vertex 12.079 47.5163 -8.8
      vertex 12.2153 47.5625 -8.8
    endloop
  endfacet
  facet normal 0 0 1
    outer loop
      vertex 11.95 49.0474 -8.8
      vertex 12.079 47.5163 -8.8
      vertex 12.079 48.9837 -8.8
    endloop
  endfacet
  facet normal 0 0 1
    outer loop
      vertex 11.95 49.0474 -8.8
      vertex 11.95 47.4526 -8.8
      vertex 12.079 47.5163 -8.8
    endloop
  endfacet
  facet normal 0 0 1
    outer loop
      vertex 11.8304 49.1273 -8.8
      vertex 11.95 47.4526 -8.8
      vertex 11.95 49.0474 -8.8
    endloop
  endfacet
  facet normal 0 0 1
    outer loop
      vertex 11.8304 49.1273 -8.8
      vertex 11.8304 47.3727 -8.8
      vertex 11.95 47.4526 -8.8
    endloop
  endfacet
  facet normal 0 0 1
    outer loop
      vertex 11.7222 49.2222 -8.8
      vertex 11.8304 47.3727 -8.8
      vertex 11.8304 49.1273 -8.8
    endloop
  endfacet
  facet normal 0 0 1
    outer loop
      vertex 11.7222 49.2222 -8.8
      vertex 11.7222 47.2778 -8.8
      vertex 11.8304 47.3727 -8.8
    endloop
  endfacet
  facet normal 0 0 1
    outer loop
      vertex 9.95263 49.45 -8.8
      vertex 11.5474 49.45 -8.8
      vertex 10.0163 49.579 -8.8
    endloop
  endfacet
  facet normal 0 0 1
    outer loop
      vertex 11.5474 49.45 -8.8
      vertex 9.95263 49.45 -8.8
      vertex 11.6273 49.3304 -8.8
    endloop
  endfacet
  facet normal 0 0 1
    outer loop
      vertex 11.4375 49.7153 -8.8
      vertex 10.0625 49.7153 -8.8
      vertex 11.4837 49.579 -8.8
    endloop
  endfacet
  facet normal 0 0 1
    outer loop
      vertex 10.0163 49.579 -8.8
      vertex 11.4837 49.579 -8.8
      vertex 10.0625 49.7153 -8.8
    endloop
  endfacet
  facet normal 0 0 1
    outer loop
      vertex 10.0625 49.7153 -8.8
      vertex 11.4375 49.7153 -8.8
      vertex 10.0906 49.8564 -8.8
    endloop
  endfacet
  facet normal 0 0 1
    outer loop
      vertex 11.4837 49.579 -8.8
      vertex 10.0163 49.579 -8.8
      vertex 11.5474 49.45 -8.8
    endloop
  endfacet
  facet normal 0 0 1
    outer loop
      vertex 11.4094 49.8564 -8.8
      vertex 10.0906 49.8564 -8.8
      vertex 11.4375 49.7153 -8.8
    endloop
  endfacet
  facet normal 0 0 1
    outer loop
      vertex 11.6273 47.1696 -8.8
      vertex 10.1 46.5 -8.8
      vertex 11.5474 47.05 -8.8
    endloop
  endfacet
  facet normal 0 0 1
    outer loop
      vertex 10.0906 49.8564 -8.8
      vertex 11.4094 49.8564 -8.8
      vertex 10.1 50 -8.8
    endloop
  endfacet
  facet normal 0 0 1
    outer loop
      vertex 11.5474 47.05 -8.8
      vertex 10.1 46.5 -8.8
      vertex 11.4837 46.921 -8.8
    endloop
  endfacet
  facet normal -0 0 1
    outer loop
      vertex 10.1 50 -8.8
      vertex 11.4094 49.8564 -8.8
      vertex 11.4 50 -8.8
    endloop
  endfacet
  facet normal 0 0 1
    outer loop
      vertex 11.4837 46.921 -8.8
      vertex 10.1 46.5 -8.8
      vertex 11.4375 46.7847 -8.8
    endloop
  endfacet
  facet normal -0 0 1
    outer loop
      vertex 13.5906 53.3564 -8.8
      vertex 13.6 50 -8.8
      vertex 13.6 53.5 -8.8
    endloop
  endfacet
  facet normal 0 0 1
    outer loop
      vertex 13.5906 53.3564 -8.8
      vertex 13.5906 50.1436 -8.8
      vertex 13.6 50 -8.8
    endloop
  endfacet
  facet normal -0 0 1
    outer loop
      vertex 13.5625 53.2153 -8.8
      vertex 13.5906 50.1436 -8.8
      vertex 13.5906 53.3564 -8.8
    endloop
  endfacet
  facet normal 0 0 1
    outer loop
      vertex 13.5625 53.2153 -8.8
      vertex 13.5625 50.2847 -8.8
      vertex 13.5906 50.1436 -8.8
    endloop
  endfacet
  facet normal -0 0 1
    outer loop
      vertex 13.5163 53.079 -8.8
      vertex 13.5625 50.2847 -8.8
      vertex 13.5625 53.2153 -8.8
    endloop
  endfacet
  facet normal 0 0 1
    outer loop
      vertex 13.5163 53.079 -8.8
      vertex 13.5163 50.421 -8.8
      vertex 13.5625 50.2847 -8.8
    endloop
  endfacet
  facet normal -0 0 1
    outer loop
      vertex 13.4526 52.95 -8.8
      vertex 13.5163 50.421 -8.8
      vertex 13.5163 53.079 -8.8
    endloop
  endfacet
  facet normal 0 0 1
    outer loop
      vertex 13.4526 52.95 -8.8
      vertex 13.4526 50.55 -8.8
      vertex 13.5163 50.421 -8.8
    endloop
  endfacet
  facet normal -0 0 1
    outer loop
      vertex 13.3727 52.8304 -8.8
      vertex 13.4526 50.55 -8.8
      vertex 13.4526 52.95 -8.8
    endloop
  endfacet
  facet normal 0 0 1
    outer loop
      vertex 13.3727 52.8304 -8.8
      vertex 13.3727 50.6696 -8.8
      vertex 13.4526 50.55 -8.8
    endloop
  endfacet
  facet normal -0 0 1
    outer loop
      vertex 13.2778 52.7222 -8.8
      vertex 13.3727 50.6696 -8.8
      vertex 13.3727 52.8304 -8.8
    endloop
  endfacet
  facet normal 0 0 1
    outer loop
      vertex 13.2778 52.7222 -8.8
      vertex 13.2778 50.7778 -8.8
      vertex 13.3727 50.6696 -8.8
    endloop
  endfacet
  facet normal -0 0 1
    outer loop
      vertex 13.1696 52.6273 -8.8
      vertex 13.2778 50.7778 -8.8
      vertex 13.2778 52.7222 -8.8
    endloop
  endfacet
  facet normal 0 0 1
    outer loop
      vertex 13.1696 52.6273 -8.8
      vertex 13.1696 50.8727 -8.8
      vertex 13.2778 50.7778 -8.8
    endloop
  endfacet
  facet normal -0 0 1
    outer loop
      vertex 13.05 52.5474 -8.8
      vertex 13.1696 50.8727 -8.8
      vertex 13.1696 52.6273 -8.8
    endloop
  endfacet
  facet normal 0 0 1
    outer loop
      vertex 13.05 52.5474 -8.8
      vertex 13.05 50.9526 -8.8
      vertex 13.1696 50.8727 -8.8
    endloop
  endfacet
  facet normal -0 0 1
    outer loop
      vertex 12.921 52.4837 -8.8
      vertex 13.05 50.9526 -8.8
      vertex 13.05 52.5474 -8.8
    endloop
  endfacet
  facet normal 0 0 1
    outer loop
      vertex 12.921 52.4837 -8.8
      vertex 12.921 51.0163 -8.8
      vertex 13.05 50.9526 -8.8
    endloop
  endfacet
  facet normal -0 0 1
    outer loop
      vertex 12.7847 52.4375 -8.8
      vertex 12.921 51.0163 -8.8
      vertex 12.921 52.4837 -8.8
    endloop
  endfacet
  facet normal 0 0 1
    outer loop
      vertex 12.7847 52.4375 -8.8
      vertex 12.7847 51.0625 -8.8
      vertex 12.921 51.0163 -8.8
    endloop
  endfacet
  facet normal -0 0 1
    outer loop
      vertex 12.6436 52.4094 -8.8
      vertex 12.7847 51.0625 -8.8
      vertex 12.7847 52.4375 -8.8
    endloop
  endfacet
  facet normal 0 0 1
    outer loop
      vertex 12.6436 52.4094 -8.8
      vertex 12.6436 51.0906 -8.8
      vertex 12.7847 51.0625 -8.8
    endloop
  endfacet
  facet normal -0 0 1
    outer loop
      vertex 12.5 52.4 -8.8
      vertex 12.6436 51.0906 -8.8
      vertex 12.6436 52.4094 -8.8
    endloop
  endfacet
  facet normal 0 0 1
    outer loop
      vertex 12.5 52.4 -8.8
      vertex 12.5 51.1 -8.8
      vertex 12.6436 51.0906 -8.8
    endloop
  endfacet
  facet normal 0 0 1
    outer loop
      vertex 12.3564 52.4094 -8.8
      vertex 12.5 51.1 -8.8
      vertex 12.5 52.4 -8.8
    endloop
  endfacet
  facet normal 0 0 1
    outer loop
      vertex 12.3564 52.4094 -8.8
      vertex 12.3564 51.0906 -8.8
      vertex 12.5 51.1 -8.8
    endloop
  endfacet
  facet normal 0 0 1
    outer loop
      vertex 12.2153 52.4375 -8.8
      vertex 12.3564 51.0906 -8.8
      vertex 12.3564 52.4094 -8.8
    endloop
  endfacet
  facet normal 0 0 1
    outer loop
      vertex 12.2153 52.4375 -8.8
      vertex 12.2153 51.0625 -8.8
      vertex 12.3564 51.0906 -8.8
    endloop
  endfacet
  facet normal 0 0 1
    outer loop
      vertex 12.079 52.4837 -8.8
      vertex 12.2153 51.0625 -8.8
      vertex 12.2153 52.4375 -8.8
    endloop
  endfacet
  facet normal 0 0 1
    outer loop
      vertex 12.079 52.4837 -8.8
      vertex 12.079 51.0163 -8.8
      vertex 12.2153 51.0625 -8.8
    endloop
  endfacet
  facet normal 0 0 1
    outer loop
      vertex 11.95 52.5474 -8.8
      vertex 12.079 51.0163 -8.8
      vertex 12.079 52.4837 -8.8
    endloop
  endfacet
  facet normal 0 0 1
    outer loop
      vertex 11.95 52.5474 -8.8
      vertex 11.95 50.9526 -8.8
      vertex 12.079 51.0163 -8.8
    endloop
  endfacet
  facet normal 0 0 1
    outer loop
      vertex 11.8304 52.6273 -8.8
      vertex 11.95 50.9526 -8.8
      vertex 11.95 52.5474 -8.8
    endloop
  endfacet
  facet normal 0 0 1
    outer loop
      vertex 11.8304 52.6273 -8.8
      vertex 11.8304 50.8727 -8.8
      vertex 11.95 50.9526 -8.8
    endloop
  endfacet
  facet normal 0 0 1
    outer loop
      vertex 11.7222 52.7222 -8.8
      vertex 11.8304 50.8727 -8.8
      vertex 11.8304 52.6273 -8.8
    endloop
  endfacet
  facet normal 0 0 1
    outer loop
      vertex 11.7222 52.7222 -8.8
      vertex 11.7222 50.7778 -8.8
      vertex 11.8304 50.8727 -8.8
    endloop
  endfacet
  facet normal 0 0 1
    outer loop
      vertex 9.95263 52.95 -8.8
      vertex 11.5474 52.95 -8.8
      vertex 10.0163 53.079 -8.8
    endloop
  endfacet
  facet normal 0 0 1
    outer loop
      vertex 11.5474 52.95 -8.8
      vertex 9.95263 52.95 -8.8
      vertex 11.6273 52.8304 -8.8
    endloop
  endfacet
  facet normal 0 0 1
    outer loop
      vertex 11.4375 53.2153 -8.8
      vertex 10.0625 53.2153 -8.8
      vertex 11.4837 53.079 -8.8
    endloop
  endfacet
  facet normal 0 0 1
    outer loop
      vertex 10.0163 53.079 -8.8
      vertex 11.4837 53.079 -8.8
      vertex 10.0625 53.2153 -8.8
    endloop
  endfacet
  facet normal 0 0 1
    outer loop
      vertex 10.0625 53.2153 -8.8
      vertex 11.4375 53.2153 -8.8
      vertex 10.0906 53.3564 -8.8
    endloop
  endfacet
  facet normal 0 0 1
    outer loop
      vertex 11.4837 53.079 -8.8
      vertex 10.0163 53.079 -8.8
      vertex 11.5474 52.95 -8.8
    endloop
  endfacet
  facet normal 0 0 1
    outer loop
      vertex 11.4094 53.3564 -8.8
      vertex 10.0906 53.3564 -8.8
      vertex 11.4375 53.2153 -8.8
    endloop
  endfacet
  facet normal 0 0 1
    outer loop
      vertex 11.6273 50.6696 -8.8
      vertex 10.1 50 -8.8
      vertex 11.5474 50.55 -8.8
    endloop
  endfacet
  facet normal 0 0 1
    outer loop
      vertex 10.0906 53.3564 -8.8
      vertex 11.4094 53.3564 -8.8
      vertex 10.1 53.5 -8.8
    endloop
  endfacet
  facet normal 0 0 1
    outer loop
      vertex 11.5474 50.55 -8.8
      vertex 10.1 50 -8.8
      vertex 11.4837 50.421 -8.8
    endloop
  endfacet
  facet normal -0 0 1
    outer loop
      vertex 10.1 53.5 -8.8
      vertex 11.4094 53.3564 -8.8
      vertex 11.4 53.5 -8.8
    endloop
  endfacet
  facet normal 0 0 1
    outer loop
      vertex 11.4837 50.421 -8.8
      vertex 10.1 50 -8.8
      vertex 11.4375 50.2847 -8.8
    endloop
  endfacet
  facet normal 0 0 1
    outer loop
      vertex 12.921 54.5163 -8.8
      vertex 0 73.5 -8.8
      vertex 12.7847 54.5625 -8.8
    endloop
  endfacet
  facet normal 0 0 1
    outer loop
      vertex 12.7847 54.5625 -8.8
      vertex 0 73.5 -8.8
      vertex 12.6436 54.5906 -8.8
    endloop
  endfacet
  facet normal 0 0 1
    outer loop
      vertex 12.6436 54.5906 -8.8
      vertex 0 73.5 -8.8
      vertex 12.5 54.6 -8.8
    endloop
  endfacet
  facet normal 0 0 1
    outer loop
      vertex 12.5 54.6 -8.8
      vertex 0 73.5 -8.8
      vertex 9.14358 54.5906 -8.8
    endloop
  endfacet
  facet normal 0 0 1
    outer loop
      vertex 9.14358 54.5906 -8.8
      vertex 0 73.5 -8.8
      vertex 9 54.6 -8.8
    endloop
  endfacet
  facet normal 0 0 1
    outer loop
      vertex 9 54.6 -8.8
      vertex 0 73.5 -8.8
      vertex 8.85642 54.5906 -8.8
    endloop
  endfacet
  facet normal 0 -0 1
    outer loop
      vertex 5.64358 54.5906 -8.8
      vertex 8.85642 54.5906 -8.8
      vertex 0 73.5 -8.8
    endloop
  endfacet
  facet normal 0 0 1
    outer loop
      vertex 8.85642 54.5906 -8.8
      vertex 5.64358 54.5906 -8.8
      vertex 8.7153 54.5625 -8.8
    endloop
  endfacet
  facet normal 0 -0 1
    outer loop
      vertex 5.7847 54.5625 -8.8
      vertex 8.7153 54.5625 -8.8
      vertex 5.64358 54.5906 -8.8
    endloop
  endfacet
  facet normal 0 0 1
    outer loop
      vertex 8.7153 54.5625 -8.8
      vertex 5.7847 54.5625 -8.8
      vertex 8.57905 54.5163 -8.8
    endloop
  endfacet
  facet normal 0 -0 1
    outer loop
      vertex 6.05 54.4526 -8.8
      vertex 8.45 54.4526 -8.8
      vertex 5.92095 54.5163 -8.8
    endloop
  endfacet
  facet normal 0 0 1
    outer loop
      vertex 8.45 54.4526 -8.8
      vertex 6.05 54.4526 -8.8
      vertex 8.33036 54.3727 -8.8
    endloop
  endfacet
  facet normal 0 -0 1
    outer loop
      vertex 6.16964 54.3727 -8.8
      vertex 8.33036 54.3727 -8.8
      vertex 6.05 54.4526 -8.8
    endloop
  endfacet
  facet normal 0 -0 1
    outer loop
      vertex 6.27782 54.2778 -8.8
      vertex 8.22218 54.2778 -8.8
      vertex 6.16964 54.3727 -8.8
    endloop
  endfacet
  facet normal 0 0 1
    outer loop
      vertex 7.90941 50.1436 -8.8
      vertex 6.6 50 -8.8
      vertex 7.9 50 -8.8
    endloop
  endfacet
  facet normal 0 0 1
    outer loop
      vertex 7.93748 46.7847 -8.8
      vertex 6.6 46.5 -8.8
      vertex 7.90941 46.6436 -8.8
    endloop
  endfacet
  facet normal 0 0 1
    outer loop
      vertex 7.9 46.5 -8.8
      vertex 6.7222 3.92421 -8.8
      vertex 6.75 3.5 -8.8
    endloop
  endfacet
  facet normal 0 0 1
    outer loop
      vertex 8.22218 54.2778 -8.8
      vertex 6.27782 54.2778 -8.8
      vertex 8.12731 54.1696 -8.8
    endloop
  endfacet
  facet normal 0 0 1
    outer loop
      vertex 7.9 46.5 -8.8
      vertex 6.6 46.5 -8.8
      vertex 6.59059 46.3564 -8.8
    endloop
  endfacet
  facet normal 0 0 1
    outer loop
      vertex 7.93748 50.2847 -8.8
      vertex 6.6 50 -8.8
      vertex 7.90941 50.1436 -8.8
    endloop
  endfacet
  facet normal 0 0 1
    outer loop
      vertex 7.9 53.5 -8.8
      vertex 6.59059 53.6436 -8.8
      vertex 6.6 53.5 -8.8
    endloop
  endfacet
  facet normal 0 0 1
    outer loop
      vertex 7.90941 53.6436 -8.8
      vertex 6.59059 53.6436 -8.8
      vertex 7.9 53.5 -8.8
    endloop
  endfacet
  facet normal 0 -0 1
    outer loop
      vertex 6.59059 53.6436 -8.8
      vertex 7.90941 53.6436 -8.8
      vertex 6.56252 53.7847 -8.8
    endloop
  endfacet
  facet normal 0 0 1
    outer loop
      vertex 7.93748 53.7847 -8.8
      vertex 6.56252 53.7847 -8.8
      vertex 7.90941 53.6436 -8.8
    endloop
  endfacet
  facet normal 0 0 1
    outer loop
      vertex 8.12731 54.1696 -8.8
      vertex 6.37269 54.1696 -8.8
      vertex 8.04737 54.05 -8.8
    endloop
  endfacet
  facet normal 0 -0 1
    outer loop
      vertex 6.56252 53.7847 -8.8
      vertex 7.93748 53.7847 -8.8
      vertex 6.51627 53.921 -8.8
    endloop
  endfacet
  facet normal 0 0 1
    outer loop
      vertex 6.2222 96.5758 -8.8
      vertex 9 100.5 -8.8
      vertex 6.25 97 -8.8
    endloop
  endfacet
  facet normal 0 0 1
    outer loop
      vertex 9 100.5 -8.8
      vertex 6.2222 97.4242 -8.8
      vertex 6.25 97 -8.8
    endloop
  endfacet
  facet normal 0 0 1
    outer loop
      vertex 9 100.5 -8.8
      vertex 6.13926 97.8412 -8.8
      vertex 6.2222 97.4242 -8.8
    endloop
  endfacet
  facet normal 0 0 1
    outer loop
      vertex 9 100.5 -8.8
      vertex 6.00261 98.2437 -8.8
      vertex 6.13926 97.8412 -8.8
    endloop
  endfacet
  facet normal 0 0 1
    outer loop
      vertex 5.81458 98.625 -8.8
      vertex 9 100.5 -8.8
      vertex 6 100.5 -8.8
    endloop
  endfacet
  facet normal 0 0 1
    outer loop
      vertex 9 100.5 -8.8
      vertex 5.81458 98.625 -8.8
      vertex 6.00261 98.2437 -8.8
    endloop
  endfacet
  facet normal 0 0 1
    outer loop
      vertex 7.90941 46.6436 -8.8
      vertex 6.6 46.5 -8.8
      vertex 7.9 46.5 -8.8
    endloop
  endfacet
  facet normal 0 0 1
    outer loop
      vertex 6.56252 46.2153 -8.8
      vertex 7.9 46.5 -8.8
      vertex 6.59059 46.3564 -8.8
    endloop
  endfacet
  facet normal 0 0 1
    outer loop
      vertex 7.9 46.5 -8.8
      vertex 6.63926 4.34116 -8.8
      vertex 6.7222 3.92421 -8.8
    endloop
  endfacet
  facet normal 0 0 1
    outer loop
      vertex 6.51627 46.079 -8.8
      vertex 7.9 46.5 -8.8
      vertex 6.56252 46.2153 -8.8
    endloop
  endfacet
  facet normal 0 0 1
    outer loop
      vertex 6.45263 45.95 -8.8
      vertex 7.9 46.5 -8.8
      vertex 6.51627 46.079 -8.8
    endloop
  endfacet
  facet normal 0 0 1
    outer loop
      vertex 7.9 46.5 -8.8
      vertex 6.50261 4.74372 -8.8
      vertex 6.63926 4.34116 -8.8
    endloop
  endfacet
  facet normal 0 0 1
    outer loop
      vertex 6.37269 45.8304 -8.8
      vertex 7.9 46.5 -8.8
      vertex 6.45263 45.95 -8.8
    endloop
  endfacet
  facet normal 0 0 1
    outer loop
      vertex 6.27782 45.7222 -8.8
      vertex 7.9 46.5 -8.8
      vertex 6.37269 45.8304 -8.8
    endloop
  endfacet
  facet normal 0 0 1
    outer loop
      vertex 7.9 46.5 -8.8
      vertex 6.31458 5.125 -8.8
      vertex 6.50261 4.74372 -8.8
    endloop
  endfacet
  facet normal 0 0 1
    outer loop
      vertex 6.16964 45.6273 -8.8
      vertex 7.9 46.5 -8.8
      vertex 6.27782 45.7222 -8.8
    endloop
  endfacet
  facet normal 0 0 1
    outer loop
      vertex 6.05 45.5474 -8.8
      vertex 7.9 46.5 -8.8
      vertex 6.16964 45.6273 -8.8
    endloop
  endfacet
  facet normal 0 0 1
    outer loop
      vertex 7.9 46.5 -8.8
      vertex 6.0784 5.47847 -8.8
      vertex 6.31458 5.125 -8.8
    endloop
  endfacet
  facet normal 0 0 1
    outer loop
      vertex 5.125 6.31458 -8.8
      vertex 7.9 46.5 -8.8
      vertex 6.05 45.5474 -8.8
    endloop
  endfacet
  facet normal 0 0 1
    outer loop
      vertex 5.125 6.31458 -8.8
      vertex 6.05 45.5474 -8.8
      vertex 5.92095 45.4837 -8.8
    endloop
  endfacet
  facet normal 0 0 1
    outer loop
      vertex 7.9 46.5 -8.8
      vertex 5.7981 5.7981 -8.8
      vertex 6.0784 5.47847 -8.8
    endloop
  endfacet
  facet normal 0 0 1
    outer loop
      vertex 4.74372 6.50261 -8.8
      vertex 5.92095 45.4837 -8.8
      vertex 5.7847 45.4375 -8.8
    endloop
  endfacet
  facet normal 0 0 1
    outer loop
      vertex 4.34116 6.63926 -8.8
      vertex 5.7847 45.4375 -8.8
      vertex 5.64358 45.4094 -8.8
    endloop
  endfacet
  facet normal 0 0 1
    outer loop
      vertex 3.92421 6.7222 -8.8
      vertex 5.64358 45.4094 -8.8
      vertex 5.5 45.4 -8.8
    endloop
  endfacet
  facet normal 0 0 1
    outer loop
      vertex 7.9 46.5 -8.8
      vertex 5.47847 6.0784 -8.8
      vertex 5.7981 5.7981 -8.8
    endloop
  endfacet
  facet normal 0 0 1
    outer loop
      vertex 3.5 6.75 -8.8
      vertex 5.5 45.4 -8.8
      vertex 5.35642 45.4094 -8.8
    endloop
  endfacet
  facet normal 0 0 1
    outer loop
      vertex 3.07579 6.7222 -8.8
      vertex 5.35642 45.4094 -8.8
      vertex 5.2153 45.4375 -8.8
    endloop
  endfacet
  facet normal 0 0 1
    outer loop
      vertex 7.9 46.5 -8.8
      vertex 5.125 6.31458 -8.8
      vertex 5.47847 6.0784 -8.8
    endloop
  endfacet
  facet normal 0 0 1
    outer loop
      vertex 2.65884 6.63926 -8.8
      vertex 5.2153 45.4375 -8.8
      vertex 5.07905 45.4837 -8.8
    endloop
  endfacet
  facet normal 0 0 1
    outer loop
      vertex 2.65884 6.63926 -8.8
      vertex 5.07905 45.4837 -8.8
      vertex 4.95 45.5474 -8.8
    endloop
  endfacet
  facet normal 0 0 1
    outer loop
      vertex 2.25628 6.50261 -8.8
      vertex 4.95 45.5474 -8.8
      vertex 4.83036 45.6273 -8.8
    endloop
  endfacet
  facet normal 0 0 1
    outer loop
      vertex 5.92095 45.4837 -8.8
      vertex 4.74372 6.50261 -8.8
      vertex 5.125 6.31458 -8.8
    endloop
  endfacet
  facet normal 0 0 1
    outer loop
      vertex 1.875 6.31458 -8.8
      vertex 4.83036 45.6273 -8.8
      vertex 4.72218 45.7222 -8.8
    endloop
  endfacet
  facet normal 0 0 1
    outer loop
      vertex 1.52152 6.0784 -8.8
      vertex 4.72218 45.7222 -8.8
      vertex 4.62731 45.8304 -8.8
    endloop
  endfacet
  facet normal 0 0 1
    outer loop
      vertex 1.2019 5.7981 -8.8
      vertex 4.62731 45.8304 -8.8
      vertex 4.54737 45.95 -8.8
    endloop
  endfacet
  facet normal 0 0 1
    outer loop
      vertex 0.921601 5.47847 -8.8
      vertex 4.54737 45.95 -8.8
      vertex 4.48373 46.079 -8.8
    endloop
  endfacet
  facet normal 0 0 1
    outer loop
      vertex 0.685417 5.125 -8.8
      vertex 4.48373 46.079 -8.8
      vertex 4.43748 46.2153 -8.8
    endloop
  endfacet
  facet normal 0 0 1
    outer loop
      vertex -0.5 3 -8.8
      vertex 4.43748 46.2153 -8.8
      vertex 4.40941 46.3564 -8.8
    endloop
  endfacet
  facet normal 0 0 1
    outer loop
      vertex -0.5 3 -8.8
      vertex 4.40941 46.3564 -8.8
      vertex 4.4 46.5 -8.8
    endloop
  endfacet
  facet normal 0 0 1
    outer loop
      vertex 5.7847 45.4375 -8.8
      vertex 4.34116 6.63926 -8.8
      vertex 4.74372 6.50261 -8.8
    endloop
  endfacet
  facet normal 0 0 1
    outer loop
      vertex 6.13926 96.1588 -8.8
      vertex 9 100.5 -8.8
      vertex 6.2222 96.5758 -8.8
    endloop
  endfacet
  facet normal 0 0 1
    outer loop
      vertex 6.00261 95.7563 -8.8
      vertex 9 100.5 -8.8
      vertex 6.13926 96.1588 -8.8
    endloop
  endfacet
  facet normal 0 0 1
    outer loop
      vertex 5.81458 95.375 -8.8
      vertex 9 100.5 -8.8
      vertex 6.00261 95.7563 -8.8
    endloop
  endfacet
  facet normal 0 -0 1
    outer loop
      vertex 6.45263 54.05 -8.8
      vertex 8.04737 54.05 -8.8
      vertex 6.37269 54.1696 -8.8
    endloop
  endfacet
  facet normal 0 0 1
    outer loop
      vertex 7.98373 53.921 -8.8
      vertex 6.51627 53.921 -8.8
      vertex 7.93748 53.7847 -8.8
    endloop
  endfacet
  facet normal 0 -0 1
    outer loop
      vertex 6.51627 53.921 -8.8
      vertex 7.98373 53.921 -8.8
      vertex 6.45263 54.05 -8.8
    endloop
  endfacet
  facet normal 0 0 1
    outer loop
      vertex 8.04737 54.05 -8.8
      vertex 6.45263 54.05 -8.8
      vertex 7.98373 53.921 -8.8
    endloop
  endfacet
  facet normal 0 -0 1
    outer loop
      vertex 6.37269 54.1696 -8.8
      vertex 8.12731 54.1696 -8.8
      vertex 6.27782 54.2778 -8.8
    endloop
  endfacet
  facet normal 0 0 1
    outer loop
      vertex 8.33036 54.3727 -8.8
      vertex 6.16964 54.3727 -8.8
      vertex 8.22218 54.2778 -8.8
    endloop
  endfacet
  facet normal 0 0 1
    outer loop
      vertex 8.57905 54.5163 -8.8
      vertex 5.92095 54.5163 -8.8
      vertex 8.45 54.4526 -8.8
    endloop
  endfacet
  facet normal 0 -0 1
    outer loop
      vertex 5.92095 54.5163 -8.8
      vertex 8.57905 54.5163 -8.8
      vertex 5.7847 54.5625 -8.8
    endloop
  endfacet
  facet normal 0 0 1
    outer loop
      vertex 5.64358 54.5906 -8.8
      vertex 0 73.5 -8.8
      vertex 5.5 54.6 -8.8
    endloop
  endfacet
  facet normal 0 0 1
    outer loop
      vertex 0 73.5 -8.8
      vertex 5.5784 95.0215 -8.8
      vertex 5.2981 94.7019 -8.8
    endloop
  endfacet
  facet normal 0 0 1
    outer loop
      vertex 5.5 54.6 -8.8
      vertex 0 73.5 -8.8
      vertex 5.35642 54.5906 -8.8
    endloop
  endfacet
  facet normal 0 0 1
    outer loop
      vertex 5.35642 54.5906 -8.8
      vertex 0 73.5 -8.8
      vertex 5.2153 54.5625 -8.8
    endloop
  endfacet
  facet normal 0 0 1
    outer loop
      vertex 0 85.5 -8.8
      vertex 5.2981 94.7019 -8.8
      vertex 4.97847 94.4216 -8.8
    endloop
  endfacet
  facet normal 0 0 1
    outer loop
      vertex 5.2153 54.5625 -8.8
      vertex 0 73.5 -8.8
      vertex 5.07905 54.5163 -8.8
    endloop
  endfacet
  facet normal 0 0 1
    outer loop
      vertex 5.07905 54.5163 -8.8
      vertex 0 73.5 -8.8
      vertex 4.95 54.4526 -8.8
    endloop
  endfacet
  facet normal -0 0 1
    outer loop
      vertex -0.5 73.5 -8.8
      vertex 4.95 54.4526 -8.8
      vertex 0 73.5 -8.8
    endloop
  endfacet
  facet normal 0 0 1
    outer loop
      vertex 4.95 54.4526 -8.8
      vertex -0.5 73.5 -8.8
      vertex 4.83036 54.3727 -8.8
    endloop
  endfacet
  facet normal 0 0 1
    outer loop
      vertex 0 85.5 -8.8
      vertex 4.97847 94.4216 -8.8
      vertex 4.625 94.1854 -8.8
    endloop
  endfacet
  facet normal 0 0 1
    outer loop
      vertex 4.83036 54.3727 -8.8
      vertex -0.5 73.5 -8.8
      vertex 4.72218 54.2778 -8.8
    endloop
  endfacet
  facet normal 0 0 1
    outer loop
      vertex 4.72218 54.2778 -8.8
      vertex -0.5 73.5 -8.8
      vertex 4.62731 54.1696 -8.8
    endloop
  endfacet
  facet normal 0 0 1
    outer loop
      vertex 4.62731 54.1696 -8.8
      vertex -0.5 73.5 -8.8
      vertex 4.54737 54.05 -8.8
    endloop
  endfacet
  facet normal 0 0 1
    outer loop
      vertex 4.54737 54.05 -8.8
      vertex -0.5 73.5 -8.8
      vertex 4.48373 53.921 -8.8
    endloop
  endfacet
  facet normal 0 0 1
    outer loop
      vertex 4.48373 53.921 -8.8
      vertex -0.5 73.5 -8.8
      vertex 4.43748 53.7847 -8.8
    endloop
  endfacet
  facet normal 0 0 1
    outer loop
      vertex -0.5 73.5 -8.8
      vertex 4.4 50 -8.8
      vertex 4.4 53.5 -8.8
    endloop
  endfacet
  facet normal 0 0 1
    outer loop
      vertex 4.4 50 -8.8
      vertex -0.5 73.5 -8.8
      vertex 4.4 46.5 -8.8
    endloop
  endfacet
  facet normal 0 0 1
    outer loop
      vertex 0 85.5 -8.8
      vertex 4.625 94.1854 -8.8
      vertex 4.24372 93.9974 -8.8
    endloop
  endfacet
  facet normal 0 0 1
    outer loop
      vertex 4.43748 53.7847 -8.8
      vertex -0.5 73.5 -8.8
      vertex 4.40941 53.6436 -8.8
    endloop
  endfacet
  facet normal 0 0 1
    outer loop
      vertex 4.40941 53.6436 -8.8
      vertex -0.5 73.5 -8.8
      vertex 4.4 53.5 -8.8
    endloop
  endfacet
  facet normal 0 0 1
    outer loop
      vertex 0 85.5 -8.8
      vertex 4.24372 93.9974 -8.8
      vertex 3.84116 93.8607 -8.8
    endloop
  endfacet
  facet normal 0 0 1
    outer loop
      vertex 5.64358 45.4094 -8.8
      vertex 3.92421 6.7222 -8.8
      vertex 4.34116 6.63926 -8.8
    endloop
  endfacet
  facet normal 0 0 1
    outer loop
      vertex 0 85.5 -8.8
      vertex 3.84116 93.8607 -8.8
      vertex 3.42421 93.7778 -8.8
    endloop
  endfacet
  facet normal 0 0 1
    outer loop
      vertex 5.5 45.4 -8.8
      vertex 3.5 6.75 -8.8
      vertex 3.92421 6.7222 -8.8
    endloop
  endfacet
  facet normal 0 0 1
    outer loop
      vertex 0 85.5 -8.8
      vertex 3.42421 93.7778 -8.8
      vertex 3 93.75 -8.8
    endloop
  endfacet
  facet normal 0 0 1
    outer loop
      vertex 5.35642 45.4094 -8.8
      vertex 3.07579 6.7222 -8.8
      vertex 3.5 6.75 -8.8
    endloop
  endfacet
  facet normal 0 0 1
    outer loop
      vertex 0 85.5 -8.8
      vertex 3 93.75 -8.8
      vertex 2.57579 93.7778 -8.8
    endloop
  endfacet
  facet normal 0 0 1
    outer loop
      vertex 4.4 46.5 -8.8
      vertex -0.5 73.5 -8.8
      vertex -0.5 3 -8.8
    endloop
  endfacet
  facet normal 0 0 1
    outer loop
      vertex 0 85.5 -8.8
      vertex 2.57579 93.7778 -8.8
      vertex 2.15884 93.8607 -8.8
    endloop
  endfacet
  facet normal 0 0 1
    outer loop
      vertex 5.2153 45.4375 -8.8
      vertex 2.65884 6.63926 -8.8
      vertex 3.07579 6.7222 -8.8
    endloop
  endfacet
  facet normal 0 0 1
    outer loop
      vertex 0 85.5 -8.8
      vertex 2.15884 93.8607 -8.8
      vertex 1.75628 93.9974 -8.8
    endloop
  endfacet
  facet normal 0 0 1
    outer loop
      vertex 4.95 45.5474 -8.8
      vertex 2.25628 6.50261 -8.8
      vertex 2.65884 6.63926 -8.8
    endloop
  endfacet
  facet normal 0 0 1
    outer loop
      vertex 0 85.5 -8.8
      vertex 1.75628 93.9974 -8.8
      vertex 1.375 94.1854 -8.8
    endloop
  endfacet
  facet normal 0 0 1
    outer loop
      vertex 4.83036 45.6273 -8.8
      vertex 1.875 6.31458 -8.8
      vertex 2.25628 6.50261 -8.8
    endloop
  endfacet
  facet normal 0 0 1
    outer loop
      vertex 0 85.5 -8.8
      vertex 1.375 94.1854 -8.8
      vertex 1.02152 94.4216 -8.8
    endloop
  endfacet
  facet normal 0 0 1
    outer loop
      vertex 4.72218 45.7222 -8.8
      vertex 1.52152 6.0784 -8.8
      vertex 1.875 6.31458 -8.8
    endloop
  endfacet
  facet normal 0 0 1
    outer loop
      vertex 0 85.5 -8.8
      vertex 1.02152 94.4216 -8.8
      vertex 0.701902 94.7019 -8.8
    endloop
  endfacet
  facet normal 0 0 1
    outer loop
      vertex 4.62731 45.8304 -8.8
      vertex 1.2019 5.7981 -8.8
      vertex 1.52152 6.0784 -8.8
    endloop
  endfacet
  facet normal 0 0 1
    outer loop
      vertex 4.54737 45.95 -8.8
      vertex 0.921601 5.47847 -8.8
      vertex 1.2019 5.7981 -8.8
    endloop
  endfacet
  facet normal 0 0 1
    outer loop
      vertex 0 85.5 -8.8
      vertex 0.701902 94.7019 -8.8
      vertex 0.421601 95.0215 -8.8
    endloop
  endfacet
  facet normal 0 0 1
    outer loop
      vertex 4.48373 46.079 -8.8
      vertex 0.685417 5.125 -8.8
      vertex 0.921601 5.47847 -8.8
    endloop
  endfacet
  facet normal 0 0 1
    outer loop
      vertex 4.43748 46.2153 -8.8
      vertex -0.5 3 -8.8
      vertex 0.685417 5.125 -8.8
    endloop
  endfacet
  facet normal 0 0 1
    outer loop
      vertex 0.685417 5.125 -8.8
      vertex -0.5 3 -8.8
      vertex 0.497391 4.74372 -8.8
    endloop
  endfacet
  facet normal 0 0 1
    outer loop
      vertex 0.497391 4.74372 -8.8
      vertex -0.5 3 -8.8
      vertex 0.360741 4.34116 -8.8
    endloop
  endfacet
  facet normal 0 0 1
    outer loop
      vertex 0 85.5 -8.8
      vertex 0.421601 95.0215 -8.8
      vertex 0.185417 95.375 -8.8
    endloop
  endfacet
  facet normal 0 0 1
    outer loop
      vertex 5.2981 94.7019 -8.8
      vertex 0 85.5 -8.8
      vertex 0 73.5 -8.8
    endloop
  endfacet
  facet normal 0 0 1
    outer loop
      vertex 0.360741 4.34116 -8.8
      vertex -0.5 3 -8.8
      vertex 0.277803 3.92421 -8.8
    endloop
  endfacet
  facet normal 0 -0 1
    outer loop
      vertex -0.470062 2.54315 -8.8
      vertex 0.25 3.5 -8.8
      vertex -0.5 3 -8.8
    endloop
  endfacet
  facet normal 0 0 1
    outer loop
      vertex 0.25 3.5 -8.8
      vertex -0.0310822 1.25 -8.8
      vertex 0.223267 0.869339 -8.8
    endloop
  endfacet
  facet normal 0 0 1
    outer loop
      vertex 0.25 3.5 -8.8
      vertex -0.233582 1.66061 -8.8
      vertex -0.0310822 1.25 -8.8
    endloop
  endfacet
  facet normal 0 0 1
    outer loop
      vertex 0.25 3.5 -8.8
      vertex -0.380737 2.09413 -8.8
      vertex -0.233582 1.66061 -8.8
    endloop
  endfacet
  facet normal 0 0 1
    outer loop
      vertex 0.277803 3.92421 -8.8
      vertex -0.5 3 -8.8
      vertex 0.25 3.5 -8.8
    endloop
  endfacet
  facet normal 0 0 1
    outer loop
      vertex 0.25 3.5 -8.8
      vertex -0.470062 2.54315 -8.8
      vertex -0.380737 2.09413 -8.8
    endloop
  endfacet
  facet normal 0 0 1
    outer loop
      vertex 59 117.7 -8.8
      vertex 62.5 114.2 -8.8
      vertex 62.4701 114.657 -8.8
    endloop
  endfacet
  facet normal 0 0 1
    outer loop
      vertex 62.5 114.2 -8.8
      vertex 62.25 97 -8.8
      vertex 62.5 3 -8.8
    endloop
  endfacet
  facet normal 0 0 1
    outer loop
      vertex 59 117.7 -8.8
      vertex 62.4701 114.657 -8.8
      vertex 62.3807 115.106 -8.8
    endloop
  endfacet
  facet normal -0 0 1
    outer loop
      vertex 62.2222 96.5758 -8.8
      vertex 62.5 3 -8.8
      vertex 62.25 97 -8.8
    endloop
  endfacet
  facet normal -0 0 1
    outer loop
      vertex 62.1393 96.1588 -8.8
      vertex 62.5 3 -8.8
      vertex 62.2222 96.5758 -8.8
    endloop
  endfacet
  facet normal 0 0 1
    outer loop
      vertex 59 117.7 -8.8
      vertex 62.3807 115.106 -8.8
      vertex 62.2336 115.539 -8.8
    endloop
  endfacet
  facet normal 0 0 1
    outer loop
      vertex 62.5 114.2 -8.8
      vertex 62.2222 97.4242 -8.8
      vertex 62.25 97 -8.8
    endloop
  endfacet
  facet normal 0 0 1
    outer loop
      vertex 62.5 114.2 -8.8
      vertex 62.1393 97.8412 -8.8
      vertex 62.2222 97.4242 -8.8
    endloop
  endfacet
  facet normal 0 0 1
    outer loop
      vertex 59 117.7 -8.8
      vertex 62.2336 115.539 -8.8
      vertex 62.0311 115.95 -8.8
    endloop
  endfacet
  facet normal 0 0 1
    outer loop
      vertex 62.5 114.2 -8.8
      vertex 62.0026 98.2437 -8.8
      vertex 62.1393 97.8412 -8.8
    endloop
  endfacet
  facet normal 0 0 1
    outer loop
      vertex 62.5 114.2 -8.8
      vertex 61.8146 98.625 -8.8
      vertex 62.0026 98.2437 -8.8
    endloop
  endfacet
  facet normal 0 0 1
    outer loop
      vertex 59 117.7 -8.8
      vertex 62.0311 115.95 -8.8
      vertex 61.7767 116.331 -8.8
    endloop
  endfacet
  facet normal 0 0 1
    outer loop
      vertex 62.5 114.2 -8.8
      vertex 61.5784 98.9785 -8.8
      vertex 61.8146 98.625 -8.8
    endloop
  endfacet
  facet normal 0 0 1
    outer loop
      vertex 59 117.7 -8.8
      vertex 61.7767 116.331 -8.8
      vertex 61.4749 116.675 -8.8
    endloop
  endfacet
  facet normal 0 0 1
    outer loop
      vertex 62.5 114.2 -8.8
      vertex 61.2981 99.2981 -8.8
      vertex 61.5784 98.9785 -8.8
    endloop
  endfacet
  facet normal 0 0 1
    outer loop
      vertex 59 117.7 -8.8
      vertex 61.4749 116.675 -8.8
      vertex 61.1307 116.977 -8.8
    endloop
  endfacet
  facet normal 0 0 1
    outer loop
      vertex 62.5 114.2 -8.8
      vertex 60.9785 99.5784 -8.8
      vertex 61.2981 99.2981 -8.8
    endloop
  endfacet
  facet normal 0 0 1
    outer loop
      vertex 59 117.7 -8.8
      vertex 61.1307 116.977 -8.8
      vertex 60.75 117.231 -8.8
    endloop
  endfacet
  facet normal 0 0 1
    outer loop
      vertex 62.5 114.2 -8.8
      vertex 60.625 99.8146 -8.8
      vertex 60.9785 99.5784 -8.8
    endloop
  endfacet
  facet normal 0 0 1
    outer loop
      vertex 59 117.7 -8.8
      vertex 60.75 117.231 -8.8
      vertex 60.3394 117.434 -8.8
    endloop
  endfacet
  facet normal 0 0 1
    outer loop
      vertex 62.5 114.2 -8.8
      vertex 60.2437 100.003 -8.8
      vertex 60.625 99.8146 -8.8
    endloop
  endfacet
  facet normal 0 0 1
    outer loop
      vertex 59 117.7 -8.8
      vertex 60.3394 117.434 -8.8
      vertex 59.9059 117.581 -8.8
    endloop
  endfacet
  facet normal 0 0 1
    outer loop
      vertex 62.5 114.2 -8.8
      vertex 59.8412 100.139 -8.8
      vertex 60.2437 100.003 -8.8
    endloop
  endfacet
  facet normal 0 0 1
    outer loop
      vertex 59 117.7 -8.8
      vertex 59.9059 117.581 -8.8
      vertex 59.4568 117.67 -8.8
    endloop
  endfacet
  facet normal 0 0 1
    outer loop
      vertex 62.5 114.2 -8.8
      vertex 59.4242 100.222 -8.8
      vertex 59.8412 100.139 -8.8
    endloop
  endfacet
  facet normal 0 0 1
    outer loop
      vertex 62.5 114.2 -8.8
      vertex 59 117.7 -8.8
      vertex 56 117.2 -8.8
    endloop
  endfacet
  facet normal 0 0 1
    outer loop
      vertex 62.5 114.2 -8.8
      vertex 59 100.25 -8.8
      vertex 59.4242 100.222 -8.8
    endloop
  endfacet
  facet normal 0 0 1
    outer loop
      vertex 62.5 114.2 -8.8
      vertex 56 117.2 -8.8
      vertex 56 100.5 -8.8
    endloop
  endfacet
  facet normal 0 0 1
    outer loop
      vertex 62.5 114.2 -8.8
      vertex 58.5758 100.222 -8.8
      vertex 59 100.25 -8.8
    endloop
  endfacet
  facet normal 0 0 1
    outer loop
      vertex 62.5 114.2 -8.8
      vertex 56 100.5 -8.8
      vertex 58.5758 100.222 -8.8
    endloop
  endfacet
  facet normal 0 0 1
    outer loop
      vertex 58.1588 100.139 -8.8
      vertex 56 100.5 -8.8
      vertex 57.7563 100.003 -8.8
    endloop
  endfacet
  facet normal 0 0 1
    outer loop
      vertex 57.7563 100.003 -8.8
      vertex 56 100.5 -8.8
      vertex 57.375 99.8146 -8.8
    endloop
  endfacet
  facet normal 0 0 1
    outer loop
      vertex 57.375 99.8146 -8.8
      vertex 56 100.5 -8.8
      vertex 57.0215 99.5784 -8.8
    endloop
  endfacet
  facet normal 0 0 1
    outer loop
      vertex 57.0215 99.5784 -8.8
      vertex 56 100.5 -8.8
      vertex 56.7019 99.2981 -8.8
    endloop
  endfacet
  facet normal 0 0 1
    outer loop
      vertex 56.7019 99.2981 -8.8
      vertex 56 100.5 -8.8
      vertex 56.4216 98.9785 -8.8
    endloop
  endfacet
  facet normal 0 0 1
    outer loop
      vertex 58.5758 100.222 -8.8
      vertex 56 100.5 -8.8
      vertex 58.1588 100.139 -8.8
    endloop
  endfacet
  facet normal 0 0 1
    outer loop
      vertex 59 117.7 -8.8
      vertex 53 117.2 -8.8
      vertex 56 117.2 -8.8
    endloop
  endfacet
  facet normal -0 0 1
    outer loop
      vertex 9 117.2 -8.8
      vertex 53 100.5 -8.8
      vertex 53 117.2 -8.8
    endloop
  endfacet
  facet normal 0 0 1
    outer loop
      vertex 53 100.5 -8.8
      vertex 13.5906 53.6436 -8.8
      vertex 13.6 53.5 -8.8
    endloop
  endfacet
  facet normal 0 0 1
    outer loop
      vertex 53 100.5 -8.8
      vertex 13.5625 53.7847 -8.8
      vertex 13.5906 53.6436 -8.8
    endloop
  endfacet
  facet normal 0 0 1
    outer loop
      vertex 53 100.5 -8.8
      vertex 13.5163 53.921 -8.8
      vertex 13.5625 53.7847 -8.8
    endloop
  endfacet
  facet normal 0 0 1
    outer loop
      vertex 53 100.5 -8.8
      vertex 13.4526 54.05 -8.8
      vertex 13.5163 53.921 -8.8
    endloop
  endfacet
  facet normal 0 0 1
    outer loop
      vertex 53 100.5 -8.8
      vertex 13.3727 54.1696 -8.8
      vertex 13.4526 54.05 -8.8
    endloop
  endfacet
  facet normal 0 0 1
    outer loop
      vertex 53 100.5 -8.8
      vertex 13.2778 54.2778 -8.8
      vertex 13.3727 54.1696 -8.8
    endloop
  endfacet
  facet normal 0 0 1
    outer loop
      vertex 53 100.5 -8.8
      vertex 13.1696 54.3727 -8.8
      vertex 13.2778 54.2778 -8.8
    endloop
  endfacet
  facet normal 0 0 1
    outer loop
      vertex 5.81458 95.375 -8.8
      vertex 53 100.5 -8.8
      vertex 9 100.5 -8.8
    endloop
  endfacet
  facet normal 0 0 1
    outer loop
      vertex 9 100.5 -8.8
      vertex 53 100.5 -8.8
      vertex 9 117.2 -8.8
    endloop
  endfacet
  facet normal 0 0 1
    outer loop
      vertex 53 100.5 -8.8
      vertex 5.81458 95.375 -8.8
      vertex 13.1696 54.3727 -8.8
    endloop
  endfacet
  facet normal -0 0 1
    outer loop
      vertex 5.5784 95.0215 -8.8
      vertex 13.1696 54.3727 -8.8
      vertex 5.81458 95.375 -8.8
    endloop
  endfacet
  facet normal 0 0 1
    outer loop
      vertex 13.1696 54.3727 -8.8
      vertex 5.5784 95.0215 -8.8
      vertex 13.05 54.4526 -8.8
    endloop
  endfacet
  facet normal -0 0 1
    outer loop
      vertex 0 73.5 -8.8
      vertex 13.05 54.4526 -8.8
      vertex 5.5784 95.0215 -8.8
    endloop
  endfacet
  facet normal 0 0 1
    outer loop
      vertex 13.05 54.4526 -8.8
      vertex 0 73.5 -8.8
      vertex 12.921 54.5163 -8.8
    endloop
  endfacet
  facet normal 0 0 1
    outer loop
      vertex 12.5 54.6 -8.8
      vertex 9.14358 54.5906 -8.8
      vertex 12.3564 54.5906 -8.8
    endloop
  endfacet
  facet normal 0 0 1
    outer loop
      vertex 12.3564 54.5906 -8.8
      vertex 9.14358 54.5906 -8.8
      vertex 12.2153 54.5625 -8.8
    endloop
  endfacet
  facet normal 0 -0 1
    outer loop
      vertex 9.2847 54.5625 -8.8
      vertex 12.2153 54.5625 -8.8
      vertex 9.14358 54.5906 -8.8
    endloop
  endfacet
  facet normal 0 0 1
    outer loop
      vertex 12.2153 54.5625 -8.8
      vertex 9.2847 54.5625 -8.8
      vertex 12.079 54.5163 -8.8
    endloop
  endfacet
  facet normal 0 -0 1
    outer loop
      vertex 9.42095 54.5163 -8.8
      vertex 12.079 54.5163 -8.8
      vertex 9.2847 54.5625 -8.8
    endloop
  endfacet
  facet normal 0 0 1
    outer loop
      vertex 12.079 54.5163 -8.8
      vertex 9.42095 54.5163 -8.8
      vertex 11.95 54.4526 -8.8
    endloop
  endfacet
  facet normal 0 0 1
    outer loop
      vertex 11.4094 50.1436 -8.8
      vertex 10.1 50 -8.8
      vertex 11.4 50 -8.8
    endloop
  endfacet
  facet normal 0 0 1
    outer loop
      vertex 11.4375 50.2847 -8.8
      vertex 10.1 50 -8.8
      vertex 11.4094 50.1436 -8.8
    endloop
  endfacet
  facet normal 0 0 1
    outer loop
      vertex 11.4094 53.6436 -8.8
      vertex 10.1 53.5 -8.8
      vertex 11.4 53.5 -8.8
    endloop
  endfacet
  facet normal 0 0 1
    outer loop
      vertex 10.0906 53.6436 -8.8
      vertex 11.4094 53.6436 -8.8
      vertex 11.4375 53.7847 -8.8
    endloop
  endfacet
  facet normal 0 0 1
    outer loop
      vertex 10.0625 53.7847 -8.8
      vertex 11.4375 53.7847 -8.8
      vertex 11.4837 53.921 -8.8
    endloop
  endfacet
  facet normal 0 0 1
    outer loop
      vertex 10.0163 53.921 -8.8
      vertex 11.4837 53.921 -8.8
      vertex 11.5474 54.05 -8.8
    endloop
  endfacet
  facet normal 0 0 1
    outer loop
      vertex 11.95 54.4526 -8.8
      vertex 9.55 54.4526 -8.8
      vertex 11.8304 54.3727 -8.8
    endloop
  endfacet
  facet normal 0 0 1
    outer loop
      vertex 11.4094 53.6436 -8.8
      vertex 10.0906 53.6436 -8.8
      vertex 10.1 53.5 -8.8
    endloop
  endfacet
  facet normal 0 0 1
    outer loop
      vertex 11.4375 53.7847 -8.8
      vertex 10.0625 53.7847 -8.8
      vertex 10.0906 53.6436 -8.8
    endloop
  endfacet
  facet normal 0 0 1
    outer loop
      vertex 11.4837 53.921 -8.8
      vertex 10.0163 53.921 -8.8
      vertex 10.0625 53.7847 -8.8
    endloop
  endfacet
  facet normal 0 0 1
    outer loop
      vertex 11.5474 54.05 -8.8
      vertex 9.95263 54.05 -8.8
      vertex 10.0163 53.921 -8.8
    endloop
  endfacet
  facet normal 0 0 1
    outer loop
      vertex 11.5474 54.05 -8.8
      vertex 9.87269 54.1696 -8.8
      vertex 9.95263 54.05 -8.8
    endloop
  endfacet
  facet normal 0 0 1
    outer loop
      vertex 11.6273 54.1696 -8.8
      vertex 9.87269 54.1696 -8.8
      vertex 11.5474 54.05 -8.8
    endloop
  endfacet
  facet normal 0 -0 1
    outer loop
      vertex 9.87269 54.1696 -8.8
      vertex 11.6273 54.1696 -8.8
      vertex 9.77782 54.2778 -8.8
    endloop
  endfacet
  facet normal 0 0 1
    outer loop
      vertex 11.7222 54.2778 -8.8
      vertex 9.77782 54.2778 -8.8
      vertex 11.6273 54.1696 -8.8
    endloop
  endfacet
  facet normal 0 -0 1
    outer loop
      vertex 9.66964 54.3727 -8.8
      vertex 11.8304 54.3727 -8.8
      vertex 9.55 54.4526 -8.8
    endloop
  endfacet
  facet normal 0 -0 1
    outer loop
      vertex 9.77782 54.2778 -8.8
      vertex 11.7222 54.2778 -8.8
      vertex 9.66964 54.3727 -8.8
    endloop
  endfacet
  facet normal 0 0 1
    outer loop
      vertex 11.8304 54.3727 -8.8
      vertex 9.66964 54.3727 -8.8
      vertex 11.7222 54.2778 -8.8
    endloop
  endfacet
  facet normal 0 -0 1
    outer loop
      vertex 9.55 54.4526 -8.8
      vertex 11.95 54.4526 -8.8
      vertex 9.42095 54.5163 -8.8
    endloop
  endfacet
  facet normal 0 0 1
    outer loop
      vertex 59 117.7 -8.8
      vertex 9 117.2 -8.8
      vertex 53 117.2 -8.8
    endloop
  endfacet
  facet normal -0 0 1
    outer loop
      vertex 3 117.7 -8.8
      vertex 9 117.2 -8.8
      vertex 59 117.7 -8.8
    endloop
  endfacet
  facet normal 0 0 1
    outer loop
      vertex -0.5 114.2 -8.8
      vertex 3 117.7 -8.8
      vertex -0.470062 114.657 -8.8
    endloop
  endfacet
  facet normal 0 0 1
    outer loop
      vertex 6 100.5 -8.8
      vertex 5.5784 98.9785 -8.8
      vertex 5.81458 98.625 -8.8
    endloop
  endfacet
  facet normal 0 0 1
    outer loop
      vertex 6 100.5 -8.8
      vertex 5.2981 99.2981 -8.8
      vertex 5.5784 98.9785 -8.8
    endloop
  endfacet
  facet normal 0 0 1
    outer loop
      vertex 6 100.5 -8.8
      vertex 4.97847 99.5784 -8.8
      vertex 5.2981 99.2981 -8.8
    endloop
  endfacet
  facet normal 0 0 1
    outer loop
      vertex 6 100.5 -8.8
      vertex 4.625 99.8146 -8.8
      vertex 4.97847 99.5784 -8.8
    endloop
  endfacet
  facet normal 0 0 1
    outer loop
      vertex 6 100.5 -8.8
      vertex 4.24372 100.003 -8.8
      vertex 4.625 99.8146 -8.8
    endloop
  endfacet
  facet normal 0 0 1
    outer loop
      vertex 6 100.5 -8.8
      vertex 3.84116 100.139 -8.8
      vertex 4.24372 100.003 -8.8
    endloop
  endfacet
  facet normal 0 0 1
    outer loop
      vertex 6 100.5 -8.8
      vertex 3.42421 100.222 -8.8
      vertex 3.84116 100.139 -8.8
    endloop
  endfacet
  facet normal 0 0 1
    outer loop
      vertex 9 117.2 -8.8
      vertex 3 117.7 -8.8
      vertex 6 117.2 -8.8
    endloop
  endfacet
  facet normal 0 0 1
    outer loop
      vertex -0.470062 114.657 -8.8
      vertex 3 117.7 -8.8
      vertex -0.380737 115.106 -8.8
    endloop
  endfacet
  facet normal 0 0 1
    outer loop
      vertex 3 117.7 -8.8
      vertex -0.5 114.2 -8.8
      vertex 6 117.2 -8.8
    endloop
  endfacet
  facet normal 0 0 1
    outer loop
      vertex 6 117.2 -8.8
      vertex -0.5 114.2 -8.8
      vertex 6 100.5 -8.8
    endloop
  endfacet
  facet normal 0 0 1
    outer loop
      vertex -0.380737 115.106 -8.8
      vertex 3 117.7 -8.8
      vertex 2.54315 117.67 -8.8
    endloop
  endfacet
  facet normal 0 0 1
    outer loop
      vertex 6 100.5 -8.8
      vertex -0.5 114.2 -8.8
      vertex 3.42421 100.222 -8.8
    endloop
  endfacet
  facet normal 0 0 1
    outer loop
      vertex -0.380737 115.106 -8.8
      vertex 2.54315 117.67 -8.8
      vertex 2.09413 117.581 -8.8
    endloop
  endfacet
  facet normal 0 0 1
    outer loop
      vertex 3.42421 100.222 -8.8
      vertex -0.5 114.2 -8.8
      vertex 3 100.25 -8.8
    endloop
  endfacet
  facet normal 0 0 1
    outer loop
      vertex -0.380737 115.106 -8.8
      vertex 2.09413 117.581 -8.8
      vertex 1.66061 117.434 -8.8
    endloop
  endfacet
  facet normal 0 0 1
    outer loop
      vertex 3 100.25 -8.8
      vertex -0.5 114.2 -8.8
      vertex 2.57579 100.222 -8.8
    endloop
  endfacet
  facet normal 0 0 1
    outer loop
      vertex -0.380737 115.106 -8.8
      vertex 1.66061 117.434 -8.8
      vertex 1.25 117.231 -8.8
    endloop
  endfacet
  facet normal 0 0 1
    outer loop
      vertex 2.57579 100.222 -8.8
      vertex -0.5 114.2 -8.8
      vertex 2.15884 100.139 -8.8
    endloop
  endfacet
  facet normal 0 0 1
    outer loop
      vertex -0.380737 115.106 -8.8
      vertex 1.25 117.231 -8.8
      vertex 0.869339 116.977 -8.8
    endloop
  endfacet
  facet normal 0 0 1
    outer loop
      vertex 2.15884 100.139 -8.8
      vertex -0.5 114.2 -8.8
      vertex 1.75628 100.003 -8.8
    endloop
  endfacet
  facet normal 0 0 1
    outer loop
      vertex -0.380737 115.106 -8.8
      vertex 0.869339 116.977 -8.8
      vertex 0.525131 116.675 -8.8
    endloop
  endfacet
  facet normal 0 0 1
    outer loop
      vertex 1.75628 100.003 -8.8
      vertex -0.5 114.2 -8.8
      vertex 1.375 99.8146 -8.8
    endloop
  endfacet
  facet normal 0 0 1
    outer loop
      vertex -0.380737 115.106 -8.8
      vertex 0.525131 116.675 -8.8
      vertex 0.223267 116.331 -8.8
    endloop
  endfacet
  facet normal 0 0 1
    outer loop
      vertex 1.375 99.8146 -8.8
      vertex -0.5 114.2 -8.8
      vertex 1.02152 99.5784 -8.8
    endloop
  endfacet
  facet normal 0 0 1
    outer loop
      vertex 1.02152 99.5784 -8.8
      vertex -0.5 114.2 -8.8
      vertex 0.701902 99.2981 -8.8
    endloop
  endfacet
  facet normal 0 0 1
    outer loop
      vertex -0.380737 115.106 -8.8
      vertex 0.223267 116.331 -8.8
      vertex -0.0310822 115.95 -8.8
    endloop
  endfacet
  facet normal 0 0 1
    outer loop
      vertex 0.701902 99.2981 -8.8
      vertex -0.5 114.2 -8.8
      vertex 0.421601 98.9785 -8.8
    endloop
  endfacet
  facet normal 0 0 1
    outer loop
      vertex 0.421601 98.9785 -8.8
      vertex -0.5 114.2 -8.8
      vertex 0.185417 98.625 -8.8
    endloop
  endfacet
  facet normal 0 0 1
    outer loop
      vertex -0.380737 115.106 -8.8
      vertex -0.0310822 115.95 -8.8
      vertex -0.233582 115.539 -8.8
    endloop
  endfacet
  facet normal 0 0 1
    outer loop
      vertex 0.185417 98.625 -8.8
      vertex -0.5 114.2 -8.8
      vertex -0.0026083 98.2437 -8.8
    endloop
  endfacet
  facet normal 0 0 1
    outer loop
      vertex -0.0026083 98.2437 -8.8
      vertex -0.5 114.2 -8.8
      vertex -0.139258 97.8412 -8.8
    endloop
  endfacet
  facet normal -0 0 1
    outer loop
      vertex 62.0026 95.7563 -8.8
      vertex 62.5 3 -8.8
      vertex 62.1393 96.1588 -8.8
    endloop
  endfacet
  facet normal -0 0 1
    outer loop
      vertex 61.8146 95.375 -8.8
      vertex 62.5 3 -8.8
      vertex 62.0026 95.7563 -8.8
    endloop
  endfacet
  facet normal -0 -0 1
    outer loop
      vertex 61.75 3.5 -8.8
      vertex 62.5 3 -8.8
      vertex 61.7222 3.92421 -8.8
    endloop
  endfacet
  facet normal -0 0 1
    outer loop
      vertex 61.7222 3.07579 -8.8
      vertex 62.5 3 -8.8
      vertex 61.75 3.5 -8.8
    endloop
  endfacet
  facet normal -0 -0 1
    outer loop
      vertex 61.6393 4.34116 -8.8
      vertex 62.5 3 -8.8
      vertex 61.5026 4.74372 -8.8
    endloop
  endfacet
  facet normal -0 0 1
    outer loop
      vertex 61.3146 5.125 -8.8
      vertex 62.5 3 -8.8
      vertex 61.8146 95.375 -8.8
    endloop
  endfacet
  facet normal -0 0 1
    outer loop
      vertex 61.6393 2.65884 -8.8
      vertex 62.4701 2.54315 -8.8
      vertex 61.7222 3.07579 -8.8
    endloop
  endfacet
  facet normal -0 0 1
    outer loop
      vertex 61.5026 2.25628 -8.8
      vertex 62.3807 2.09413 -8.8
      vertex 61.6393 2.65884 -8.8
    endloop
  endfacet
  facet normal 0 0 1
    outer loop
      vertex 62.4701 2.54315 -8.8
      vertex 61.6393 2.65884 -8.8
      vertex 62.3807 2.09413 -8.8
    endloop
  endfacet
  facet normal 0 0 1
    outer loop
      vertex 62.5 3 -8.8
      vertex 61.7222 3.07579 -8.8
      vertex 62.4701 2.54315 -8.8
    endloop
  endfacet
  facet normal 0 0 1
    outer loop
      vertex 61.3146 5.125 -8.8
      vertex 61.8146 95.375 -8.8
      vertex 61.5784 95.0215 -8.8
    endloop
  endfacet
  facet normal -0 -0 1
    outer loop
      vertex 61.7222 3.92421 -8.8
      vertex 62.5 3 -8.8
      vertex 61.6393 4.34116 -8.8
    endloop
  endfacet
  facet normal 0 0 1
    outer loop
      vertex 62.5 3 -8.8
      vertex 61.3146 5.125 -8.8
      vertex 61.5026 4.74372 -8.8
    endloop
  endfacet
  facet normal 0 0 1
    outer loop
      vertex 61.0784 5.47847 -8.8
      vertex 61.5784 95.0215 -8.8
      vertex 61.2981 94.7019 -8.8
    endloop
  endfacet
  facet normal 0 0 1
    outer loop
      vertex 61.5784 95.0215 -8.8
      vertex 61.0784 5.47847 -8.8
      vertex 61.3146 5.125 -8.8
    endloop
  endfacet
  facet normal 0 0 1
    outer loop
      vertex 60.7981 5.7981 -8.8
      vertex 61.2981 94.7019 -8.8
      vertex 60.9785 94.4216 -8.8
    endloop
  endfacet
  facet normal 0 0 1
    outer loop
      vertex 61.2981 94.7019 -8.8
      vertex 60.7981 5.7981 -8.8
      vertex 61.0784 5.47847 -8.8
    endloop
  endfacet
  facet normal 0 0 1
    outer loop
      vertex 60.4785 6.0784 -8.8
      vertex 60.9785 94.4216 -8.8
      vertex 60.625 94.1854 -8.8
    endloop
  endfacet
  facet normal 0 0 1
    outer loop
      vertex 60.9785 94.4216 -8.8
      vertex 60.4785 6.0784 -8.8
      vertex 60.7981 5.7981 -8.8
    endloop
  endfacet
  facet normal 0 0 1
    outer loop
      vertex 60.125 6.31458 -8.8
      vertex 60.625 94.1854 -8.8
      vertex 60.2437 93.9974 -8.8
    endloop
  endfacet
  facet normal 0 0 1
    outer loop
      vertex 60.625 94.1854 -8.8
      vertex 60.125 6.31458 -8.8
      vertex 60.4785 6.0784 -8.8
    endloop
  endfacet
  facet normal 0 0 1
    outer loop
      vertex 59.7437 6.50261 -8.8
      vertex 60.2437 93.9974 -8.8
      vertex 59.8412 93.8607 -8.8
    endloop
  endfacet
  facet normal 0 0 1
    outer loop
      vertex 60.2437 93.9974 -8.8
      vertex 59.7437 6.50261 -8.8
      vertex 60.125 6.31458 -8.8
    endloop
  endfacet
  facet normal 0 0 1
    outer loop
      vertex 59.3412 6.63926 -8.8
      vertex 59.8412 93.8607 -8.8
      vertex 59.4242 93.7778 -8.8
    endloop
  endfacet
  facet normal 0 0 1
    outer loop
      vertex 59.8412 93.8607 -8.8
      vertex 59.3412 6.63926 -8.8
      vertex 59.7437 6.50261 -8.8
    endloop
  endfacet
  facet normal 0 0 1
    outer loop
      vertex 58.9242 6.7222 -8.8
      vertex 59.4242 93.7778 -8.8
      vertex 59 93.75 -8.8
    endloop
  endfacet
  facet normal 0 0 1
    outer loop
      vertex 59.4242 93.7778 -8.8
      vertex 58.9242 6.7222 -8.8
      vertex 59.3412 6.63926 -8.8
    endloop
  endfacet
  facet normal 0 0 1
    outer loop
      vertex 13.6 50 -8.8
      vertex 59 93.75 -8.8
      vertex 58.5758 93.7778 -8.8
    endloop
  endfacet
  facet normal 0 0 1
    outer loop
      vertex 59 93.75 -8.8
      vertex 58.5 6.75 -8.8
      vertex 58.9242 6.7222 -8.8
    endloop
  endfacet
  facet normal 0 0 1
    outer loop
      vertex 13.6 53.5 -8.8
      vertex 58.5758 93.7778 -8.8
      vertex 58.1588 93.8607 -8.8
    endloop
  endfacet
  facet normal 0 0 1
    outer loop
      vertex 59 93.75 -8.8
      vertex 13.6 50 -8.8
      vertex 58.5 6.75 -8.8
    endloop
  endfacet
  facet normal 0 0 1
    outer loop
      vertex 13.6 53.5 -8.8
      vertex 58.1588 93.8607 -8.8
      vertex 57.7563 93.9974 -8.8
    endloop
  endfacet
  facet normal 0 0 1
    outer loop
      vertex 58.5 6.75 -8.8
      vertex 13.6 50 -8.8
      vertex 58.0758 6.7222 -8.8
    endloop
  endfacet
  facet normal 0 0 1
    outer loop
      vertex 13.6 53.5 -8.8
      vertex 57.7563 93.9974 -8.8
      vertex 57.375 94.1854 -8.8
    endloop
  endfacet
  facet normal -0 0 1
    outer loop
      vertex 13.6 46.5 -8.8
      vertex 58.0758 6.7222 -8.8
      vertex 13.6 50 -8.8
    endloop
  endfacet
  facet normal 0 0 1
    outer loop
      vertex 13.6 53.5 -8.8
      vertex 57.375 94.1854 -8.8
      vertex 57.0215 94.4216 -8.8
    endloop
  endfacet
  facet normal -0 0 1
    outer loop
      vertex 13.5906 46.3564 -8.8
      vertex 58.0758 6.7222 -8.8
      vertex 13.6 46.5 -8.8
    endloop
  endfacet
  facet normal 0 0 1
    outer loop
      vertex 13.6 53.5 -8.8
      vertex 57.0215 94.4216 -8.8
      vertex 56.7019 94.7019 -8.8
    endloop
  endfacet
  facet normal 0 0 1
    outer loop
      vertex 58.0758 6.7222 -8.8
      vertex 13.5906 46.3564 -8.8
      vertex 57.6588 6.63926 -8.8
    endloop
  endfacet
  facet normal 0 0 1
    outer loop
      vertex 13.6 53.5 -8.8
      vertex 56.7019 94.7019 -8.8
      vertex 56.4216 95.0215 -8.8
    endloop
  endfacet
  facet normal -0 0 1
    outer loop
      vertex 13.5625 46.2153 -8.8
      vertex 57.6588 6.63926 -8.8
      vertex 13.5906 46.3564 -8.8
    endloop
  endfacet
  facet normal 0 0 1
    outer loop
      vertex 13.6 53.5 -8.8
      vertex 56.4216 95.0215 -8.8
      vertex 56.1854 95.375 -8.8
    endloop
  endfacet
  facet normal 0 0 1
    outer loop
      vertex 13.6 53.5 -8.8
      vertex 56.1854 95.375 -8.8
      vertex 55.9974 95.7563 -8.8
    endloop
  endfacet
  facet normal 0 0 1
    outer loop
      vertex 57.6588 6.63926 -8.8
      vertex 13.5625 46.2153 -8.8
      vertex 57.2563 6.50261 -8.8
    endloop
  endfacet
  facet normal 0 0 1
    outer loop
      vertex 53 100.5 -8.8
      vertex 55.9974 95.7563 -8.8
      vertex 55.8607 96.1588 -8.8
    endloop
  endfacet
  facet normal 0 0 1
    outer loop
      vertex 53 100.5 -8.8
      vertex 55.8607 96.1588 -8.8
      vertex 55.7778 96.5758 -8.8
    endloop
  endfacet
  facet normal 0 0 1
    outer loop
      vertex 53 100.5 -8.8
      vertex 55.7778 96.5758 -8.8
      vertex 55.75 97 -8.8
    endloop
  endfacet
  facet normal -0 0 1
    outer loop
      vertex 13.5163 46.079 -8.8
      vertex 57.2563 6.50261 -8.8
      vertex 13.5625 46.2153 -8.8
    endloop
  endfacet
  facet normal 0 0 1
    outer loop
      vertex 62.3807 2.09413 -8.8
      vertex 61.5026 2.25628 -8.8
      vertex 62.2336 1.66061 -8.8
    endloop
  endfacet
  facet normal -0 0 1
    outer loop
      vertex 61.3146 1.875 -8.8
      vertex 62.2336 1.66061 -8.8
      vertex 61.5026 2.25628 -8.8
    endloop
  endfacet
  facet normal 0 0 1
    outer loop
      vertex 62.2336 1.66061 -8.8
      vertex 61.3146 1.875 -8.8
      vertex 62.0311 1.25 -8.8
    endloop
  endfacet
  facet normal -0 0 1
    outer loop
      vertex 61.0784 1.52152 -8.8
      vertex 62.0311 1.25 -8.8
      vertex 61.3146 1.875 -8.8
    endloop
  endfacet
  facet normal 0 0 1
    outer loop
      vertex 62.0311 1.25 -8.8
      vertex 61.0784 1.52152 -8.8
      vertex 61.7767 0.869339 -8.8
    endloop
  endfacet
  facet normal -0 0 1
    outer loop
      vertex 60.7981 1.2019 -8.8
      vertex 61.7767 0.869339 -8.8
      vertex 61.0784 1.52152 -8.8
    endloop
  endfacet
  facet normal 0 0 1
    outer loop
      vertex 61.7767 0.869339 -8.8
      vertex 60.7981 1.2019 -8.8
      vertex 61.4749 0.525131 -8.8
    endloop
  endfacet
  facet normal 0 0 1
    outer loop
      vertex 61.4749 0.525131 -8.8
      vertex 60.7981 1.2019 -8.8
      vertex 61.1307 0.223267 -8.8
    endloop
  endfacet
  facet normal -0 0 1
    outer loop
      vertex 60.4785 0.921601 -8.8
      vertex 61.1307 0.223267 -8.8
      vertex 60.7981 1.2019 -8.8
    endloop
  endfacet
  facet normal 0 0 1
    outer loop
      vertex 61.1307 0.223267 -8.8
      vertex 60.4785 0.921601 -8.8
      vertex 60.75 -0.0310822 -8.8
    endloop
  endfacet
  facet normal -0 0 1
    outer loop
      vertex 60.125 0.685417 -8.8
      vertex 60.75 -0.0310822 -8.8
      vertex 60.4785 0.921601 -8.8
    endloop
  endfacet
  facet normal 0 0 1
    outer loop
      vertex 60.75 -0.0310822 -8.8
      vertex 60.125 0.685417 -8.8
      vertex 60.3394 -0.233582 -8.8
    endloop
  endfacet
  facet normal -0 0 1
    outer loop
      vertex 59.7437 0.497391 -8.8
      vertex 60.3394 -0.233582 -8.8
      vertex 60.125 0.685417 -8.8
    endloop
  endfacet
  facet normal 0 0 1
    outer loop
      vertex 60.3394 -0.233582 -8.8
      vertex 59.7437 0.497391 -8.8
      vertex 59.9059 -0.380737 -8.8
    endloop
  endfacet
  facet normal -0 0 1
    outer loop
      vertex 59.3412 0.360741 -8.8
      vertex 59.9059 -0.380737 -8.8
      vertex 59.7437 0.497391 -8.8
    endloop
  endfacet
  facet normal 0 0 1
    outer loop
      vertex 59.9059 -0.380737 -8.8
      vertex 59.3412 0.360741 -8.8
      vertex 59.4568 -0.470062 -8.8
    endloop
  endfacet
  facet normal -0 0 1
    outer loop
      vertex 58.9242 0.277803 -8.8
      vertex 59.4568 -0.470062 -8.8
      vertex 59.3412 0.360741 -8.8
    endloop
  endfacet
  facet normal 0 0 1
    outer loop
      vertex 59.4568 -0.470062 -8.8
      vertex 58.9242 0.277803 -8.8
      vertex 59 -0.5 -8.8
    endloop
  endfacet
  facet normal -0 0 1
    outer loop
      vertex 58.5 0.25 -8.8
      vertex 59 -0.5 -8.8
      vertex 58.9242 0.277803 -8.8
    endloop
  endfacet
  facet normal 0 0 1
    outer loop
      vertex 58.0758 0.277803 -8.8
      vertex 59 -0.5 -8.8
      vertex 58.5 0.25 -8.8
    endloop
  endfacet
  facet normal 0 0 1
    outer loop
      vertex 57.6588 0.360741 -8.8
      vertex 59 -0.5 -8.8
      vertex 58.0758 0.277803 -8.8
    endloop
  endfacet
  facet normal 0 0 1
    outer loop
      vertex 57.2563 0.497391 -8.8
      vertex 59 -0.5 -8.8
      vertex 57.6588 0.360741 -8.8
    endloop
  endfacet
  facet normal 0 0 1
    outer loop
      vertex 56.875 0.685417 -8.8
      vertex 59 -0.5 -8.8
      vertex 57.2563 0.497391 -8.8
    endloop
  endfacet
  facet normal -0 0 1
    outer loop
      vertex 13.3727 45.8304 -8.8
      vertex 56.5215 6.0784 -8.8
      vertex 13.4526 45.95 -8.8
    endloop
  endfacet
  facet normal 0 0 1
    outer loop
      vertex 56.5215 6.0784 -8.8
      vertex 13.3727 45.8304 -8.8
      vertex 56.2019 5.7981 -8.8
    endloop
  endfacet
  facet normal -0 0 1
    outer loop
      vertex 13.2778 45.7222 -8.8
      vertex 56.2019 5.7981 -8.8
      vertex 13.3727 45.8304 -8.8
    endloop
  endfacet
  facet normal 0 0 1
    outer loop
      vertex 56.2019 5.7981 -8.8
      vertex 13.2778 45.7222 -8.8
      vertex 55.9216 5.47847 -8.8
    endloop
  endfacet
  facet normal -0 0 1
    outer loop
      vertex 13.1696 45.6273 -8.8
      vertex 55.9216 5.47847 -8.8
      vertex 13.2778 45.7222 -8.8
    endloop
  endfacet
  facet normal 0 0 1
    outer loop
      vertex 55.9216 5.47847 -8.8
      vertex 13.1696 45.6273 -8.8
      vertex 55.6854 5.125 -8.8
    endloop
  endfacet
  facet normal 0 0 1
    outer loop
      vertex 6.75 3.5 -8.8
      vertex 55.6854 5.125 -8.8
      vertex 13.1696 45.6273 -8.8
    endloop
  endfacet
  facet normal 0 0 1
    outer loop
      vertex 55.6854 5.125 -8.8
      vertex 6.75 3.5 -8.8
      vertex 55.4974 4.74372 -8.8
    endloop
  endfacet
  facet normal 0 0 1
    outer loop
      vertex 55.4974 4.74372 -8.8
      vertex 6.75 3.5 -8.8
      vertex 55.3607 4.34116 -8.8
    endloop
  endfacet
  facet normal 0 0 1
    outer loop
      vertex 55.3607 4.34116 -8.8
      vertex 6.75 3.5 -8.8
      vertex 55.2778 3.92421 -8.8
    endloop
  endfacet
  facet normal 0 0 1
    outer loop
      vertex 55.2778 3.92421 -8.8
      vertex 6.75 3.5 -8.8
      vertex 55.25 3.5 -8.8
    endloop
  endfacet
  facet normal 0 0 1
    outer loop
      vertex 55.25 3.5 -8.8
      vertex 6.75 3.5 -8.8
      vertex 55.2778 3.07579 -8.8
    endloop
  endfacet
  facet normal 0 0 1
    outer loop
      vertex 6.7222 3.07579 -8.8
      vertex 55.2778 3.07579 -8.8
      vertex 6.75 3.5 -8.8
    endloop
  endfacet
  facet normal 0 0 1
    outer loop
      vertex 55.2778 3.07579 -8.8
      vertex 6.7222 3.07579 -8.8
      vertex 55.3607 2.65884 -8.8
    endloop
  endfacet
  facet normal 0 0 1
    outer loop
      vertex 6.63926 2.65884 -8.8
      vertex 55.3607 2.65884 -8.8
      vertex 6.7222 3.07579 -8.8
    endloop
  endfacet
  facet normal 0 0 1
    outer loop
      vertex 55.3607 2.65884 -8.8
      vertex 6.63926 2.65884 -8.8
      vertex 55.4974 2.25628 -8.8
    endloop
  endfacet
  facet normal 0 0 1
    outer loop
      vertex 6.75 3.5 -8.8
      vertex 13.1696 45.6273 -8.8
      vertex 13.05 45.5474 -8.8
    endloop
  endfacet
  facet normal 0 0 1
    outer loop
      vertex 6.75 3.5 -8.8
      vertex 13.05 45.5474 -8.8
      vertex 12.921 45.4837 -8.8
    endloop
  endfacet
  facet normal 0 0 1
    outer loop
      vertex 6.75 3.5 -8.8
      vertex 12.921 45.4837 -8.8
      vertex 12.7847 45.4375 -8.8
    endloop
  endfacet
  facet normal 0 0 1
    outer loop
      vertex 6.75 3.5 -8.8
      vertex 12.7847 45.4375 -8.8
      vertex 12.6436 45.4094 -8.8
    endloop
  endfacet
  facet normal 0 0 1
    outer loop
      vertex 6.75 3.5 -8.8
      vertex 12.6436 45.4094 -8.8
      vertex 12.5 45.4 -8.8
    endloop
  endfacet
  facet normal 0 0 1
    outer loop
      vertex 6.75 3.5 -8.8
      vertex 12.5 45.4 -8.8
      vertex 12.3564 45.4094 -8.8
    endloop
  endfacet
  facet normal 0 0 1
    outer loop
      vertex 9.14358 45.4094 -8.8
      vertex 12.3564 45.4094 -8.8
      vertex 12.2153 45.4375 -8.8
    endloop
  endfacet
  facet normal 0 0 1
    outer loop
      vertex 9.2847 45.4375 -8.8
      vertex 12.2153 45.4375 -8.8
      vertex 12.079 45.4837 -8.8
    endloop
  endfacet
  facet normal 0 0 1
    outer loop
      vertex 9.42095 45.4837 -8.8
      vertex 12.079 45.4837 -8.8
      vertex 11.95 45.5474 -8.8
    endloop
  endfacet
  facet normal 0 0 1
    outer loop
      vertex 9.55 45.5474 -8.8
      vertex 11.95 45.5474 -8.8
      vertex 11.8304 45.6273 -8.8
    endloop
  endfacet
  facet normal 0 0 1
    outer loop
      vertex 9.66964 45.6273 -8.8
      vertex 11.8304 45.6273 -8.8
      vertex 11.7222 45.7222 -8.8
    endloop
  endfacet
  facet normal 0 0 1
    outer loop
      vertex 11.4375 46.7847 -8.8
      vertex 10.1 46.5 -8.8
      vertex 11.4094 46.6436 -8.8
    endloop
  endfacet
  facet normal 0 0 1
    outer loop
      vertex 11.4094 46.6436 -8.8
      vertex 10.1 46.5 -8.8
      vertex 11.4 46.5 -8.8
    endloop
  endfacet
  facet normal 0 0 1
    outer loop
      vertex 11.4 46.5 -8.8
      vertex 10.1 46.5 -8.8
      vertex 11.4094 46.3564 -8.8
    endloop
  endfacet
  facet normal 0 0 1
    outer loop
      vertex 10.0906 46.3564 -8.8
      vertex 11.4094 46.3564 -8.8
      vertex 10.1 46.5 -8.8
    endloop
  endfacet
  facet normal 0 0 1
    outer loop
      vertex 11.4094 46.3564 -8.8
      vertex 10.0906 46.3564 -8.8
      vertex 11.4375 46.2153 -8.8
    endloop
  endfacet
  facet normal 0 0 1
    outer loop
      vertex 10.0625 46.2153 -8.8
      vertex 11.4375 46.2153 -8.8
      vertex 10.0906 46.3564 -8.8
    endloop
  endfacet
  facet normal 0 0 1
    outer loop
      vertex 11.4375 46.2153 -8.8
      vertex 10.0625 46.2153 -8.8
      vertex 11.4837 46.079 -8.8
    endloop
  endfacet
  facet normal 0 0 1
    outer loop
      vertex 10.0163 46.079 -8.8
      vertex 11.4837 46.079 -8.8
      vertex 10.0625 46.2153 -8.8
    endloop
  endfacet
  facet normal 0 0 1
    outer loop
      vertex 11.4837 46.079 -8.8
      vertex 10.0163 46.079 -8.8
      vertex 11.5474 45.95 -8.8
    endloop
  endfacet
  facet normal 0 0 1
    outer loop
      vertex 9.95263 45.95 -8.8
      vertex 11.5474 45.95 -8.8
      vertex 10.0163 46.079 -8.8
    endloop
  endfacet
  facet normal 0 0 1
    outer loop
      vertex 11.5474 45.95 -8.8
      vertex 9.95263 45.95 -8.8
      vertex 11.6273 45.8304 -8.8
    endloop
  endfacet
  facet normal 0 0 1
    outer loop
      vertex 9.87269 45.8304 -8.8
      vertex 11.6273 45.8304 -8.8
      vertex 9.95263 45.95 -8.8
    endloop
  endfacet
  facet normal 0 0 1
    outer loop
      vertex 11.6273 45.8304 -8.8
      vertex 9.87269 45.8304 -8.8
      vertex 11.7222 45.7222 -8.8
    endloop
  endfacet
  facet normal 0 0 1
    outer loop
      vertex 9.77782 45.7222 -8.8
      vertex 11.7222 45.7222 -8.8
      vertex 9.87269 45.8304 -8.8
    endloop
  endfacet
  facet normal 0 0 1
    outer loop
      vertex 9.66964 45.6273 -8.8
      vertex 11.7222 45.7222 -8.8
      vertex 9.77782 45.7222 -8.8
    endloop
  endfacet
  facet normal 0 0 1
    outer loop
      vertex 11.8304 45.6273 -8.8
      vertex 9.66964 45.6273 -8.8
      vertex 9.55 45.5474 -8.8
    endloop
  endfacet
  facet normal 0 0 1
    outer loop
      vertex 11.95 45.5474 -8.8
      vertex 9.55 45.5474 -8.8
      vertex 9.42095 45.4837 -8.8
    endloop
  endfacet
  facet normal 0 0 1
    outer loop
      vertex 12.079 45.4837 -8.8
      vertex 9.42095 45.4837 -8.8
      vertex 9.2847 45.4375 -8.8
    endloop
  endfacet
  facet normal 0 0 1
    outer loop
      vertex 12.2153 45.4375 -8.8
      vertex 9.2847 45.4375 -8.8
      vertex 9.14358 45.4094 -8.8
    endloop
  endfacet
  facet normal 0 0 1
    outer loop
      vertex 12.3564 45.4094 -8.8
      vertex 9.14358 45.4094 -8.8
      vertex 6.75 3.5 -8.8
    endloop
  endfacet
  facet normal 0 0 1
    outer loop
      vertex 6.75 3.5 -8.8
      vertex 9.14358 45.4094 -8.8
      vertex 9 45.4 -8.8
    endloop
  endfacet
  facet normal 0 0 1
    outer loop
      vertex 6.75 3.5 -8.8
      vertex 9 45.4 -8.8
      vertex 8.85642 45.4094 -8.8
    endloop
  endfacet
  facet normal 0 0 1
    outer loop
      vertex 6.75 3.5 -8.8
      vertex 8.85642 45.4094 -8.8
      vertex 8.7153 45.4375 -8.8
    endloop
  endfacet
  facet normal 0 0 1
    outer loop
      vertex 6.75 3.5 -8.8
      vertex 8.7153 45.4375 -8.8
      vertex 8.57905 45.4837 -8.8
    endloop
  endfacet
  facet normal 0 0 1
    outer loop
      vertex 6.75 3.5 -8.8
      vertex 8.57905 45.4837 -8.8
      vertex 8.45 45.5474 -8.8
    endloop
  endfacet
  facet normal 0 0 1
    outer loop
      vertex 6.75 3.5 -8.8
      vertex 8.45 45.5474 -8.8
      vertex 8.33036 45.6273 -8.8
    endloop
  endfacet
  facet normal 0 0 1
    outer loop
      vertex 6.75 3.5 -8.8
      vertex 8.33036 45.6273 -8.8
      vertex 8.22218 45.7222 -8.8
    endloop
  endfacet
  facet normal 0 0 1
    outer loop
      vertex 6.75 3.5 -8.8
      vertex 7.90941 46.3564 -8.8
      vertex 7.9 46.5 -8.8
    endloop
  endfacet
  facet normal 0 0 1
    outer loop
      vertex 6.75 3.5 -8.8
      vertex 7.93748 46.2153 -8.8
      vertex 7.90941 46.3564 -8.8
    endloop
  endfacet
  facet normal 0 0 1
    outer loop
      vertex 6.75 3.5 -8.8
      vertex 7.98373 46.079 -8.8
      vertex 7.93748 46.2153 -8.8
    endloop
  endfacet
  facet normal 0 0 1
    outer loop
      vertex 6.75 3.5 -8.8
      vertex 8.04737 45.95 -8.8
      vertex 7.98373 46.079 -8.8
    endloop
  endfacet
  facet normal 0 0 1
    outer loop
      vertex 6.75 3.5 -8.8
      vertex 8.12731 45.8304 -8.8
      vertex 8.04737 45.95 -8.8
    endloop
  endfacet
  facet normal 0 0 1
    outer loop
      vertex 6.75 3.5 -8.8
      vertex 8.22218 45.7222 -8.8
      vertex 8.12731 45.8304 -8.8
    endloop
  endfacet
  facet normal 0 0 1
    outer loop
      vertex 6.50261 2.25628 -8.8
      vertex 55.4974 2.25628 -8.8
      vertex 6.63926 2.65884 -8.8
    endloop
  endfacet
  facet normal 0 0 1
    outer loop
      vertex 55.4974 2.25628 -8.8
      vertex 6.50261 2.25628 -8.8
      vertex 55.6854 1.875 -8.8
    endloop
  endfacet
  facet normal 0 0 1
    outer loop
      vertex 6.31458 1.875 -8.8
      vertex 55.6854 1.875 -8.8
      vertex 6.50261 2.25628 -8.8
    endloop
  endfacet
  facet normal 0 0 1
    outer loop
      vertex 55.6854 1.875 -8.8
      vertex 6.31458 1.875 -8.8
      vertex 55.9216 1.52152 -8.8
    endloop
  endfacet
  facet normal 0 0 1
    outer loop
      vertex 6.0784 1.52152 -8.8
      vertex 55.9216 1.52152 -8.8
      vertex 6.31458 1.875 -8.8
    endloop
  endfacet
  facet normal 0 0 1
    outer loop
      vertex 55.9216 1.52152 -8.8
      vertex 6.0784 1.52152 -8.8
      vertex 56.2019 1.2019 -8.8
    endloop
  endfacet
  facet normal 0 0 1
    outer loop
      vertex 5.7981 1.2019 -8.8
      vertex 56.2019 1.2019 -8.8
      vertex 6.0784 1.52152 -8.8
    endloop
  endfacet
  facet normal 0 0 1
    outer loop
      vertex 56.2019 1.2019 -8.8
      vertex 5.7981 1.2019 -8.8
      vertex 56.5215 0.921601 -8.8
    endloop
  endfacet
  facet normal 0 0 1
    outer loop
      vertex 5.47847 0.921601 -8.8
      vertex 56.5215 0.921601 -8.8
      vertex 5.7981 1.2019 -8.8
    endloop
  endfacet
  facet normal 0 0 1
    outer loop
      vertex 56.5215 0.921601 -8.8
      vertex 5.47847 0.921601 -8.8
      vertex 56.875 0.685417 -8.8
    endloop
  endfacet
  facet normal 0 0 1
    outer loop
      vertex 5.125 0.685417 -8.8
      vertex 56.875 0.685417 -8.8
      vertex 5.47847 0.921601 -8.8
    endloop
  endfacet
  facet normal 0 0 1
    outer loop
      vertex 56.875 0.685417 -8.8
      vertex 5.125 0.685417 -8.8
      vertex 59 -0.5 -8.8
    endloop
  endfacet
  facet normal 0 0 1
    outer loop
      vertex 3 -0.5 -8.8
      vertex 5.125 0.685417 -8.8
      vertex 4.74372 0.497391 -8.8
    endloop
  endfacet
  facet normal 0 0 1
    outer loop
      vertex 3 -0.5 -8.8
      vertex 4.74372 0.497391 -8.8
      vertex 4.34116 0.360741 -8.8
    endloop
  endfacet
  facet normal 0 0 1
    outer loop
      vertex 3 -0.5 -8.8
      vertex 4.34116 0.360741 -8.8
      vertex 3.92421 0.277803 -8.8
    endloop
  endfacet
  facet normal 0 0 1
    outer loop
      vertex 3 -0.5 -8.8
      vertex 3.92421 0.277803 -8.8
      vertex 3.5 0.25 -8.8
    endloop
  endfacet
  facet normal 0 0 1
    outer loop
      vertex 5.125 0.685417 -8.8
      vertex 3 -0.5 -8.8
      vertex 59 -0.5 -8.8
    endloop
  endfacet
  facet normal 0 0 1
    outer loop
      vertex 3.07579 0.277803 -8.8
      vertex 3 -0.5 -8.8
      vertex 3.5 0.25 -8.8
    endloop
  endfacet
  facet normal 0 0 1
    outer loop
      vertex 2.54315 -0.470062 -8.8
      vertex 3.07579 0.277803 -8.8
      vertex 2.65884 0.360741 -8.8
    endloop
  endfacet
  facet normal 0 0 1
    outer loop
      vertex 3.07579 0.277803 -8.8
      vertex 2.54315 -0.470062 -8.8
      vertex 3 -0.5 -8.8
    endloop
  endfacet
  facet normal 0 0 1
    outer loop
      vertex 2.09413 -0.380737 -8.8
      vertex 2.65884 0.360741 -8.8
      vertex 2.25628 0.497391 -8.8
    endloop
  endfacet
  facet normal 0 0 1
    outer loop
      vertex 2.65884 0.360741 -8.8
      vertex 2.09413 -0.380737 -8.8
      vertex 2.54315 -0.470062 -8.8
    endloop
  endfacet
  facet normal 0 0 1
    outer loop
      vertex 1.66061 -0.233582 -8.8
      vertex 2.25628 0.497391 -8.8
      vertex 1.875 0.685417 -8.8
    endloop
  endfacet
  facet normal 0 0 1
    outer loop
      vertex 2.25628 0.497391 -8.8
      vertex 1.66061 -0.233582 -8.8
      vertex 2.09413 -0.380737 -8.8
    endloop
  endfacet
  facet normal 0 0 1
    outer loop
      vertex 1.25 -0.0310822 -8.8
      vertex 1.875 0.685417 -8.8
      vertex 1.52152 0.921601 -8.8
    endloop
  endfacet
  facet normal 0 0 1
    outer loop
      vertex 1.875 0.685417 -8.8
      vertex 1.25 -0.0310822 -8.8
      vertex 1.66061 -0.233582 -8.8
    endloop
  endfacet
  facet normal 0 0 1
    outer loop
      vertex 0.869339 0.223267 -8.8
      vertex 1.52152 0.921601 -8.8
      vertex 1.2019 1.2019 -8.8
    endloop
  endfacet
  facet normal 0 0 1
    outer loop
      vertex 0.223267 0.869339 -8.8
      vertex 1.2019 1.2019 -8.8
      vertex 0.921601 1.52152 -8.8
    endloop
  endfacet
  facet normal 0 0 1
    outer loop
      vertex 1.52152 0.921601 -8.8
      vertex 0.869339 0.223267 -8.8
      vertex 1.25 -0.0310822 -8.8
    endloop
  endfacet
  facet normal 0 0 1
    outer loop
      vertex 0.223267 0.869339 -8.8
      vertex 0.921601 1.52152 -8.8
      vertex 0.685417 1.875 -8.8
    endloop
  endfacet
  facet normal 0 0 1
    outer loop
      vertex 1.2019 1.2019 -8.8
      vertex 0.525131 0.525131 -8.8
      vertex 0.869339 0.223267 -8.8
    endloop
  endfacet
  facet normal 0 0 1
    outer loop
      vertex 0.223267 0.869339 -8.8
      vertex 0.685417 1.875 -8.8
      vertex 0.497391 2.25628 -8.8
    endloop
  endfacet
  facet normal 0 0 1
    outer loop
      vertex 0.223267 0.869339 -8.8
      vertex 0.497391 2.25628 -8.8
      vertex 0.360741 2.65884 -8.8
    endloop
  endfacet
  facet normal 0 0 1
    outer loop
      vertex 0.223267 0.869339 -8.8
      vertex 0.360741 2.65884 -8.8
      vertex 0.277803 3.07579 -8.8
    endloop
  endfacet
  facet normal 0 0 1
    outer loop
      vertex 1.2019 1.2019 -8.8
      vertex 0.223267 0.869339 -8.8
      vertex 0.525131 0.525131 -8.8
    endloop
  endfacet
  facet normal 0 0 1
    outer loop
      vertex 0.223267 0.869339 -8.8
      vertex 0.277803 3.07579 -8.8
      vertex 0.25 3.5 -8.8
    endloop
  endfacet
  facet normal 0 0 1
    outer loop
      vertex 56.4216 98.9785 -8.8
      vertex 56 100.5 -8.8
      vertex 56.1854 98.625 -8.8
    endloop
  endfacet
  facet normal -0 0 1
    outer loop
      vertex 53 100.5 -8.8
      vertex 56.1854 98.625 -8.8
      vertex 56 100.5 -8.8
    endloop
  endfacet
  facet normal 0 0 1
    outer loop
      vertex 56.1854 98.625 -8.8
      vertex 53 100.5 -8.8
      vertex 55.9974 98.2437 -8.8
    endloop
  endfacet
  facet normal 0 0 1
    outer loop
      vertex 55.9974 98.2437 -8.8
      vertex 53 100.5 -8.8
      vertex 55.8607 97.8412 -8.8
    endloop
  endfacet
  facet normal 0 0 1
    outer loop
      vertex 55.9974 95.7563 -8.8
      vertex 53 100.5 -8.8
      vertex 13.6 53.5 -8.8
    endloop
  endfacet
  facet normal 0 0 1
    outer loop
      vertex 58.5758 93.7778 -8.8
      vertex 13.6 53.5 -8.8
      vertex 13.6 50 -8.8
    endloop
  endfacet
  facet normal 0 0 1
    outer loop
      vertex 57.2563 6.50261 -8.8
      vertex 13.5163 46.079 -8.8
      vertex 56.875 6.31458 -8.8
    endloop
  endfacet
  facet normal -0 0 1
    outer loop
      vertex 13.4526 45.95 -8.8
      vertex 56.875 6.31458 -8.8
      vertex 13.5163 46.079 -8.8
    endloop
  endfacet
  facet normal 0 0 1
    outer loop
      vertex 56.875 6.31458 -8.8
      vertex 13.4526 45.95 -8.8
      vertex 56.5215 6.0784 -8.8
    endloop
  endfacet
  facet normal 0 0 1
    outer loop
      vertex 55.7778 97.4242 -8.8
      vertex 53 100.5 -8.8
      vertex 55.75 97 -8.8
    endloop
  endfacet
  facet normal 0 0 1
    outer loop
      vertex 55.8607 97.8412 -8.8
      vertex 53 100.5 -8.8
      vertex 55.7778 97.4242 -8.8
    endloop
  endfacet
  facet normal -0.831488 0.555542 0
    outer loop
      vertex 0.185417 98.625 -8.8
      vertex 0.421601 98.9785 0
      vertex 0.421601 98.9785 -8.8
    endloop
  endfacet
  facet normal -0.831488 0.555542 0
    outer loop
      vertex 0.421601 98.9785 0
      vertex 0.185417 98.625 -8.8
      vertex 0.185417 98.625 0
    endloop
  endfacet
  facet normal -0.55559 0.831456 0
    outer loop
      vertex 1.375 99.8146 -8.8
      vertex 1.02152 99.5784 0
      vertex 1.375 99.8146 0
    endloop
  endfacet
  facet normal -0.55559 0.831456 0
    outer loop
      vertex 1.02152 99.5784 0
      vertex 1.375 99.8146 -8.8
      vertex 1.02152 99.5784 -8.8
    endloop
  endfacet
  facet normal -0.320066 0.947395 0
    outer loop
      vertex 2.15884 100.139 -8.8
      vertex 1.75628 100.003 0
      vertex 2.15884 100.139 0
    endloop
  endfacet
  facet normal -0.320066 0.947395 0
    outer loop
      vertex 1.75628 100.003 0
      vertex 2.15884 100.139 -8.8
      vertex 1.75628 100.003 -8.8
    endloop
  endfacet
  facet normal 0.946916 -0.321481 0
    outer loop
      vertex 6.00261 95.7563 0
      vertex 6.13926 96.1588 -8.8
      vertex 6.13926 96.1588 0
    endloop
  endfacet
  facet normal 0.946916 -0.321481 0
    outer loop
      vertex 6.13926 96.1588 -8.8
      vertex 6.00261 95.7563 0
      vertex 6.00261 95.7563 -8.8
    endloop
  endfacet
  facet normal 0.751818 -0.65937 0
    outer loop
      vertex 5.2981 94.7019 0
      vertex 5.5784 95.0215 -8.8
      vertex 5.5784 95.0215 0
    endloop
  endfacet
  facet normal 0.751818 -0.65937 0
    outer loop
      vertex 5.5784 95.0215 -8.8
      vertex 5.2981 94.7019 0
      vertex 5.2981 94.7019 -8.8
    endloop
  endfacet
  facet normal 0.555601 -0.831449 0
    outer loop
      vertex 4.625 94.1854 -8.8
      vertex 4.97847 94.4216 0
      vertex 4.625 94.1854 0
    endloop
  endfacet
  facet normal 0.555601 -0.831449 0
    outer loop
      vertex 4.97847 94.4216 0
      vertex 4.625 94.1854 -8.8
      vertex 4.97847 94.4216 -8.8
    endloop
  endfacet
  facet normal 0.896879 -0.442277 0
    outer loop
      vertex 5.81458 95.375 0
      vertex 6.00261 95.7563 -8.8
      vertex 6.00261 95.7563 0
    endloop
  endfacet
  facet normal 0.896879 -0.442277 0
    outer loop
      vertex 6.00261 95.7563 -8.8
      vertex 5.81458 95.375 0
      vertex 5.81458 95.375 -8.8
    endloop
  endfacet
  facet normal -0.321543 -0.946895 0
    outer loop
      vertex 1.75628 93.9974 -8.8
      vertex 2.15884 93.8607 0
      vertex 1.75628 93.9974 0
    endloop
  endfacet
  facet normal -0.321543 -0.946895 -0
    outer loop
      vertex 2.15884 93.8607 0
      vertex 1.75628 93.9974 -8.8
      vertex 2.15884 93.8607 -8.8
    endloop
  endfacet
  facet normal -0.195008 -0.980802 0
    outer loop
      vertex 2.15884 93.8607 -8.8
      vertex 2.57579 93.7778 0
      vertex 2.15884 93.8607 0
    endloop
  endfacet
  facet normal -0.195008 -0.980802 -0
    outer loop
      vertex 2.57579 93.7778 0
      vertex 2.15884 93.8607 -8.8
      vertex 2.57579 93.7778 -8.8
    endloop
  endfacet
  facet normal -0.831488 -0.555542 0
    outer loop
      vertex 0.421601 95.0215 -8.8
      vertex 0.185417 95.375 0
      vertex 0.185417 95.375 -8.8
    endloop
  endfacet
  facet normal -0.831488 -0.555542 0
    outer loop
      vertex 0.185417 95.375 0
      vertex 0.421601 95.0215 -8.8
      vertex 0.421601 95.0215 0
    endloop
  endfacet
  facet normal -0.751817 -0.659372 0
    outer loop
      vertex 0.701902 94.7019 -8.8
      vertex 0.421601 95.0215 0
      vertex 0.421601 95.0215 -8.8
    endloop
  endfacet
  facet normal -0.751817 -0.659372 0
    outer loop
      vertex 0.421601 95.0215 0
      vertex 0.701902 94.7019 -8.8
      vertex 0.701902 94.7019 0
    endloop
  endfacet
  facet normal 0.946916 0.321481 0
    outer loop
      vertex 6.13926 97.8412 0
      vertex 6.00261 98.2437 -8.8
      vertex 6.00261 98.2437 0
    endloop
  endfacet
  facet normal 0.946916 0.321481 0
    outer loop
      vertex 6.00261 98.2437 -8.8
      vertex 6.13926 97.8412 0
      vertex 6.13926 97.8412 -8.8
    endloop
  endfacet
  facet normal 0.980788 0.195076 0
    outer loop
      vertex 6.2222 97.4242 0
      vertex 6.13926 97.8412 -8.8
      vertex 6.13926 97.8412 0
    endloop
  endfacet
  facet normal 0.980788 0.195076 0
    outer loop
      vertex 6.13926 97.8412 -8.8
      vertex 6.2222 97.4242 0
      vertex 6.2222 97.4242 -8.8
    endloop
  endfacet
  facet normal 0.195234 0.980757 -0
    outer loop
      vertex 3.84116 100.139 -8.8
      vertex 3.42421 100.222 0
      vertex 3.84116 100.139 0
    endloop
  endfacet
  facet normal 0.195234 0.980757 0
    outer loop
      vertex 3.42421 100.222 0
      vertex 3.84116 100.139 -8.8
      vertex 3.42421 100.222 -8.8
    endloop
  endfacet
  facet normal 0.0658617 0.997829 -0
    outer loop
      vertex 3.42421 100.222 -8.8
      vertex 3 100.25 0
      vertex 3.42421 100.222 0
    endloop
  endfacet
  facet normal 0.0658617 0.997829 0
    outer loop
      vertex 3 100.25 0
      vertex 3.42421 100.222 -8.8
      vertex 3 100.25 -8.8
    endloop
  endfacet
  facet normal 0.555601 0.831449 -0
    outer loop
      vertex 4.97847 99.5784 -8.8
      vertex 4.625 99.8146 0
      vertex 4.97847 99.5784 0
    endloop
  endfacet
  facet normal 0.555601 0.831449 0
    outer loop
      vertex 4.625 99.8146 0
      vertex 4.97847 99.5784 -8.8
      vertex 4.625 99.8146 -8.8
    endloop
  endfacet
  facet normal -0.946916 0.32148 0
    outer loop
      vertex -0.139258 97.8412 -8.8
      vertex -0.0026083 98.2437 0
      vertex -0.0026083 98.2437 -8.8
    endloop
  endfacet
  facet normal -0.946916 0.32148 0
    outer loop
      vertex -0.0026083 98.2437 0
      vertex -0.139258 97.8412 -8.8
      vertex -0.139258 97.8412 0
    endloop
  endfacet
  facet normal -0.997859 0.0654042 0
    outer loop
      vertex -0.25 97 -8.8
      vertex -0.222196 97.4242 0
      vertex -0.222196 97.4242 -8.8
    endloop
  endfacet
  facet normal -0.997859 0.0654042 0
    outer loop
      vertex -0.222196 97.4242 0
      vertex -0.25 97 -8.8
      vertex -0.25 97 0
    endloop
  endfacet
  facet normal -0.997859 -0.0654042 0
    outer loop
      vertex -0.222196 96.5758 -8.8
      vertex -0.25 97 0
      vertex -0.25 97 -8.8
    endloop
  endfacet
  facet normal -0.997859 -0.0654042 0
    outer loop
      vertex -0.25 97 0
      vertex -0.222196 96.5758 -8.8
      vertex -0.222196 96.5758 0
    endloop
  endfacet
  facet normal -0.659349 0.751837 0
    outer loop
      vertex 1.02152 99.5784 -8.8
      vertex 0.701902 99.2981 0
      vertex 1.02152 99.5784 0
    endloop
  endfacet
  facet normal -0.659349 0.751837 0
    outer loop
      vertex 0.701902 99.2981 0
      vertex 1.02152 99.5784 -8.8
      vertex 0.701902 99.2981 -8.8
    endloop
  endfacet
  facet normal -0.195234 0.980757 0
    outer loop
      vertex 2.57579 100.222 -8.8
      vertex 2.15884 100.139 0
      vertex 2.57579 100.222 0
    endloop
  endfacet
  facet normal -0.195234 0.980757 0
    outer loop
      vertex 2.15884 100.139 0
      vertex 2.57579 100.222 -8.8
      vertex 2.15884 100.139 -8.8
    endloop
  endfacet
  facet normal 0.195008 -0.980802 0
    outer loop
      vertex 3.42421 93.7778 -8.8
      vertex 3.84116 93.8607 0
      vertex 3.42421 93.7778 0
    endloop
  endfacet
  facet normal 0.195008 -0.980802 0
    outer loop
      vertex 3.84116 93.8607 0
      vertex 3.42421 93.7778 -8.8
      vertex 3.84116 93.8607 -8.8
    endloop
  endfacet
  facet normal 0.442239 -0.896897 0
    outer loop
      vertex 4.24372 93.9974 -8.8
      vertex 4.625 94.1854 0
      vertex 4.24372 93.9974 0
    endloop
  endfacet
  facet normal 0.442239 -0.896897 0
    outer loop
      vertex 4.625 94.1854 0
      vertex 4.24372 93.9974 -8.8
      vertex 4.625 94.1854 -8.8
    endloop
  endfacet
  facet normal 0.659335 -0.751849 0
    outer loop
      vertex 4.97847 94.4216 -8.8
      vertex 5.2981 94.7019 0
      vertex 4.97847 94.4216 0
    endloop
  endfacet
  facet normal 0.659335 -0.751849 0
    outer loop
      vertex 5.2981 94.7019 0
      vertex 4.97847 94.4216 -8.8
      vertex 5.2981 94.7019 -8.8
    endloop
  endfacet
  facet normal 0.831493 -0.555536 0
    outer loop
      vertex 5.5784 95.0215 0
      vertex 5.81458 95.375 -8.8
      vertex 5.81458 95.375 0
    endloop
  endfacet
  facet normal 0.831493 -0.555536 0
    outer loop
      vertex 5.81458 95.375 -8.8
      vertex 5.5784 95.0215 0
      vertex 5.5784 95.0215 -8.8
    endloop
  endfacet
  facet normal -0.442239 -0.896897 0
    outer loop
      vertex 1.375 94.1854 -8.8
      vertex 1.75628 93.9974 0
      vertex 1.375 94.1854 0
    endloop
  endfacet
  facet normal -0.442239 -0.896897 -0
    outer loop
      vertex 1.75628 93.9974 0
      vertex 1.375 94.1854 -8.8
      vertex 1.75628 93.9974 -8.8
    endloop
  endfacet
  facet normal -0.55559 -0.831456 0
    outer loop
      vertex 1.02152 94.4216 -8.8
      vertex 1.375 94.1854 0
      vertex 1.02152 94.4216 0
    endloop
  endfacet
  facet normal -0.55559 -0.831456 -0
    outer loop
      vertex 1.375 94.1854 0
      vertex 1.02152 94.4216 -8.8
      vertex 1.375 94.1854 -8.8
    endloop
  endfacet
  facet normal -0.0653933 -0.99786 0
    outer loop
      vertex 2.57579 93.7778 -8.8
      vertex 3 93.75 0
      vertex 2.57579 93.7778 0
    endloop
  endfacet
  facet normal -0.0653933 -0.99786 -0
    outer loop
      vertex 3 93.75 0
      vertex 2.57579 93.7778 -8.8
      vertex 3 93.75 -8.8
    endloop
  endfacet
  facet normal -0.659349 -0.751837 0
    outer loop
      vertex 0.701902 94.7019 -8.8
      vertex 1.02152 94.4216 0
      vertex 0.701902 94.7019 0
    endloop
  endfacet
  facet normal -0.659349 -0.751837 -0
    outer loop
      vertex 1.02152 94.4216 0
      vertex 0.701902 94.7019 -8.8
      vertex 1.02152 94.4216 -8.8
    endloop
  endfacet
  facet normal -0.896883 -0.442268 0
    outer loop
      vertex 0.185417 95.375 -8.8
      vertex -0.0026083 95.7563 0
      vertex -0.0026083 95.7563 -8.8
    endloop
  endfacet
  facet normal -0.896883 -0.442268 0
    outer loop
      vertex -0.0026083 95.7563 0
      vertex 0.185417 95.375 -8.8
      vertex 0.185417 95.375 0
    endloop
  endfacet
  facet normal -0.980789 -0.195071 0
    outer loop
      vertex -0.139258 96.1588 -8.8
      vertex -0.222196 96.5758 0
      vertex -0.222196 96.5758 -8.8
    endloop
  endfacet
  facet normal -0.980789 -0.195071 0
    outer loop
      vertex -0.222196 96.5758 0
      vertex -0.139258 96.1588 -8.8
      vertex -0.139258 96.1588 0
    endloop
  endfacet
  facet normal 0.751818 0.65937 0
    outer loop
      vertex 5.5784 98.9785 0
      vertex 5.2981 99.2981 -8.8
      vertex 5.2981 99.2981 0
    endloop
  endfacet
  facet normal 0.751818 0.65937 0
    outer loop
      vertex 5.2981 99.2981 -8.8
      vertex 5.5784 98.9785 0
      vertex 5.5784 98.9785 -8.8
    endloop
  endfacet
  facet normal 0 0 1
    outer loop
      vertex 4.3 97 0
      vertex 6.25 97 0
      vertex 6.2222 97.4242 0
    endloop
  endfacet
  facet normal 0 0 1
    outer loop
      vertex 4.28888 97.1697 0
      vertex 6.2222 97.4242 0
      vertex 6.13926 97.8412 0
    endloop
  endfacet
  facet normal 0 0 1
    outer loop
      vertex 6.25 97 0
      vertex 4.3 97 0
      vertex 6.2222 96.5758 0
    endloop
  endfacet
  facet normal 0 0 1
    outer loop
      vertex 4.2557 97.3365 0
      vertex 6.13926 97.8412 0
      vertex 6.00261 98.2437 0
    endloop
  endfacet
  facet normal -0 0 1
    outer loop
      vertex 4.28888 96.8303 0
      vertex 6.2222 96.5758 0
      vertex 4.3 97 0
    endloop
  endfacet
  facet normal 0 0 1
    outer loop
      vertex 4.20104 97.4975 0
      vertex 6.00261 98.2437 0
      vertex 5.81458 98.625 0
    endloop
  endfacet
  facet normal 0 0 1
    outer loop
      vertex 6.2222 96.5758 0
      vertex 4.28888 96.8303 0
      vertex 6.13926 96.1588 0
    endloop
  endfacet
  facet normal 0 0 1
    outer loop
      vertex 4.12583 97.65 0
      vertex 5.81458 98.625 0
      vertex 5.5784 98.9785 0
    endloop
  endfacet
  facet normal -0 0 1
    outer loop
      vertex 4.2557 96.6635 0
      vertex 6.13926 96.1588 0
      vertex 4.28888 96.8303 0
    endloop
  endfacet
  facet normal 0 0 1
    outer loop
      vertex 4.03136 97.7914 0
      vertex 5.5784 98.9785 0
      vertex 5.2981 99.2981 0
    endloop
  endfacet
  facet normal 0 0 1
    outer loop
      vertex 6.13926 96.1588 0
      vertex 4.2557 96.6635 0
      vertex 6.00261 95.7563 0
    endloop
  endfacet
  facet normal 0 0 1
    outer loop
      vertex 3.91924 97.9192 0
      vertex 5.2981 99.2981 0
      vertex 4.97847 99.5784 0
    endloop
  endfacet
  facet normal -0 0 1
    outer loop
      vertex 4.20104 96.5025 0
      vertex 6.00261 95.7563 0
      vertex 4.2557 96.6635 0
    endloop
  endfacet
  facet normal 0 0 1
    outer loop
      vertex 3.79139 98.0314 0
      vertex 4.97847 99.5784 0
      vertex 4.625 99.8146 0
    endloop
  endfacet
  facet normal 0 0 1
    outer loop
      vertex 6.00261 95.7563 0
      vertex 4.20104 96.5025 0
      vertex 5.81458 95.375 0
    endloop
  endfacet
  facet normal -0 0 1
    outer loop
      vertex 4.12583 96.35 0
      vertex 5.81458 95.375 0
      vertex 4.20104 96.5025 0
    endloop
  endfacet
  facet normal 0 0 1
    outer loop
      vertex 6.2222 97.4242 0
      vertex 4.28888 97.1697 0
      vertex 4.3 97 0
    endloop
  endfacet
  facet normal 0 0 1
    outer loop
      vertex 6.13926 97.8412 0
      vertex 4.2557 97.3365 0
      vertex 4.28888 97.1697 0
    endloop
  endfacet
  facet normal 0 0 1
    outer loop
      vertex 3.65 98.1258 0
      vertex 4.625 99.8146 0
      vertex 4.24372 100.003 0
    endloop
  endfacet
  facet normal 0 0 1
    outer loop
      vertex 6.00261 98.2437 0
      vertex 4.20104 97.4975 0
      vertex 4.2557 97.3365 0
    endloop
  endfacet
  facet normal 0 0 1
    outer loop
      vertex 5.81458 98.625 0
      vertex 4.12583 97.65 0
      vertex 4.20104 97.4975 0
    endloop
  endfacet
  facet normal 0 0 1
    outer loop
      vertex 5.5784 98.9785 0
      vertex 4.03136 97.7914 0
      vertex 4.12583 97.65 0
    endloop
  endfacet
  facet normal 0 0 1
    outer loop
      vertex 5.2981 99.2981 0
      vertex 3.91924 97.9192 0
      vertex 4.03136 97.7914 0
    endloop
  endfacet
  facet normal 0 0 1
    outer loop
      vertex 3.49749 98.201 0
      vertex 4.24372 100.003 0
      vertex 3.84116 100.139 0
    endloop
  endfacet
  facet normal 0 0 1
    outer loop
      vertex 4.97847 99.5784 0
      vertex 3.79139 98.0314 0
      vertex 3.91924 97.9192 0
    endloop
  endfacet
  facet normal 0 0 1
    outer loop
      vertex 4.625 99.8146 0
      vertex 3.65 98.1258 0
      vertex 3.79139 98.0314 0
    endloop
  endfacet
  facet normal 0 0 1
    outer loop
      vertex 4.24372 100.003 0
      vertex 3.49749 98.201 0
      vertex 3.65 98.1258 0
    endloop
  endfacet
  facet normal 0 0 1
    outer loop
      vertex 3.33646 98.2557 0
      vertex 3.84116 100.139 0
      vertex 3.42421 100.222 0
    endloop
  endfacet
  facet normal 0 0 1
    outer loop
      vertex 3.84116 100.139 0
      vertex 3.33646 98.2557 0
      vertex 3.49749 98.201 0
    endloop
  endfacet
  facet normal 0 0 1
    outer loop
      vertex 3.42421 100.222 0
      vertex 3.16968 98.2889 0
      vertex 3.33646 98.2557 0
    endloop
  endfacet
  facet normal 0 0 1
    outer loop
      vertex 3 100.25 0
      vertex 3.16968 98.2889 0
      vertex 3.42421 100.222 0
    endloop
  endfacet
  facet normal 0 0 1
    outer loop
      vertex 3 100.25 0
      vertex 3 98.3 0
      vertex 3.16968 98.2889 0
    endloop
  endfacet
  facet normal 0 0 1
    outer loop
      vertex 3 100.25 0
      vertex 2.83032 98.2889 0
      vertex 3 98.3 0
    endloop
  endfacet
  facet normal -0 0 1
    outer loop
      vertex 2.57579 100.222 0
      vertex 2.83032 98.2889 0
      vertex 3 100.25 0
    endloop
  endfacet
  facet normal 0 0 1
    outer loop
      vertex 2.83032 98.2889 0
      vertex 2.57579 100.222 0
      vertex 2.66354 98.2557 0
    endloop
  endfacet
  facet normal -0 0 1
    outer loop
      vertex 2.15884 100.139 0
      vertex 2.66354 98.2557 0
      vertex 2.57579 100.222 0
    endloop
  endfacet
  facet normal 0 0 1
    outer loop
      vertex 2.66354 98.2557 0
      vertex 2.15884 100.139 0
      vertex 2.50251 98.201 0
    endloop
  endfacet
  facet normal -0 0 1
    outer loop
      vertex 1.75628 100.003 0
      vertex 2.50251 98.201 0
      vertex 2.15884 100.139 0
    endloop
  endfacet
  facet normal 0 0 1
    outer loop
      vertex 2.50251 98.201 0
      vertex 1.75628 100.003 0
      vertex 2.35 98.1258 0
    endloop
  endfacet
  facet normal -0 0 1
    outer loop
      vertex 1.375 99.8146 0
      vertex 2.35 98.1258 0
      vertex 1.75628 100.003 0
    endloop
  endfacet
  facet normal 0 0 1
    outer loop
      vertex 2.35 98.1258 0
      vertex 1.375 99.8146 0
      vertex 2.20861 98.0314 0
    endloop
  endfacet
  facet normal -0 0 1
    outer loop
      vertex 1.02152 99.5784 0
      vertex 2.20861 98.0314 0
      vertex 1.375 99.8146 0
    endloop
  endfacet
  facet normal 0 0 1
    outer loop
      vertex 2.20861 98.0314 0
      vertex 1.02152 99.5784 0
      vertex 2.08076 97.9192 0
    endloop
  endfacet
  facet normal -0 0 1
    outer loop
      vertex 0.701902 99.2981 0
      vertex 2.08076 97.9192 0
      vertex 1.02152 99.5784 0
    endloop
  endfacet
  facet normal 0 0 1
    outer loop
      vertex 2.08076 97.9192 0
      vertex 0.701902 99.2981 0
      vertex 1.96864 97.7914 0
    endloop
  endfacet
  facet normal -0 0 1
    outer loop
      vertex 0.421601 98.9785 0
      vertex 1.96864 97.7914 0
      vertex 0.701902 99.2981 0
    endloop
  endfacet
  facet normal 0 0 1
    outer loop
      vertex 1.96864 97.7914 0
      vertex 0.421601 98.9785 0
      vertex 1.87417 97.65 0
    endloop
  endfacet
  facet normal -0 0 1
    outer loop
      vertex 0.185417 98.625 0
      vertex 1.87417 97.65 0
      vertex 0.421601 98.9785 0
    endloop
  endfacet
  facet normal 0 0 1
    outer loop
      vertex 5.81458 95.375 0
      vertex 4.12583 96.35 0
      vertex 5.5784 95.0215 0
    endloop
  endfacet
  facet normal -0 0 1
    outer loop
      vertex 4.03136 96.2086 0
      vertex 5.5784 95.0215 0
      vertex 4.12583 96.35 0
    endloop
  endfacet
  facet normal 0 0 1
    outer loop
      vertex 5.5784 95.0215 0
      vertex 4.03136 96.2086 0
      vertex 5.2981 94.7019 0
    endloop
  endfacet
  facet normal -0 0 1
    outer loop
      vertex 3.91924 96.0808 0
      vertex 5.2981 94.7019 0
      vertex 4.03136 96.2086 0
    endloop
  endfacet
  facet normal 0 0 1
    outer loop
      vertex 5.2981 94.7019 0
      vertex 3.91924 96.0808 0
      vertex 4.97847 94.4216 0
    endloop
  endfacet
  facet normal -0 0 1
    outer loop
      vertex 3.79139 95.9686 0
      vertex 4.97847 94.4216 0
      vertex 3.91924 96.0808 0
    endloop
  endfacet
  facet normal 0 0 1
    outer loop
      vertex 4.97847 94.4216 0
      vertex 3.79139 95.9686 0
      vertex 4.625 94.1854 0
    endloop
  endfacet
  facet normal -0 0 1
    outer loop
      vertex 3.65 95.8742 0
      vertex 4.625 94.1854 0
      vertex 3.79139 95.9686 0
    endloop
  endfacet
  facet normal 0 0 1
    outer loop
      vertex 4.625 94.1854 0
      vertex 3.65 95.8742 0
      vertex 4.24372 93.9974 0
    endloop
  endfacet
  facet normal -0 0 1
    outer loop
      vertex 3.49749 95.799 0
      vertex 4.24372 93.9974 0
      vertex 3.65 95.8742 0
    endloop
  endfacet
  facet normal 0 0 1
    outer loop
      vertex 4.24372 93.9974 0
      vertex 3.49749 95.799 0
      vertex 3.84116 93.8607 0
    endloop
  endfacet
  facet normal -0 0 1
    outer loop
      vertex 3.33646 95.7443 0
      vertex 3.84116 93.8607 0
      vertex 3.49749 95.799 0
    endloop
  endfacet
  facet normal 0 0 1
    outer loop
      vertex 3.84116 93.8607 0
      vertex 3.33646 95.7443 0
      vertex 3.42421 93.7778 0
    endloop
  endfacet
  facet normal -0 0 1
    outer loop
      vertex 3.16968 95.7111 0
      vertex 3.42421 93.7778 0
      vertex 3.33646 95.7443 0
    endloop
  endfacet
  facet normal -0 0 1
    outer loop
      vertex 3 95.7 0
      vertex 3.42421 93.7778 0
      vertex 3.16968 95.7111 0
    endloop
  endfacet
  facet normal 0 0 1
    outer loop
      vertex 3 95.7 0
      vertex 3 93.75 0
      vertex 3.42421 93.7778 0
    endloop
  endfacet
  facet normal 0 0 1
    outer loop
      vertex 2.83032 95.7111 0
      vertex 3 93.75 0
      vertex 3 95.7 0
    endloop
  endfacet
  facet normal 0 0 1
    outer loop
      vertex 2.57579 93.7778 0
      vertex 2.83032 95.7111 0
      vertex 2.66354 95.7443 0
    endloop
  endfacet
  facet normal 0 0 1
    outer loop
      vertex 2.83032 95.7111 0
      vertex 2.57579 93.7778 0
      vertex 3 93.75 0
    endloop
  endfacet
  facet normal 0 0 1
    outer loop
      vertex 2.15884 93.8607 0
      vertex 2.66354 95.7443 0
      vertex 2.50251 95.799 0
    endloop
  endfacet
  facet normal 0 0 1
    outer loop
      vertex 1.75628 93.9974 0
      vertex 2.50251 95.799 0
      vertex 2.35 95.8742 0
    endloop
  endfacet
  facet normal 0 0 1
    outer loop
      vertex 1.375 94.1854 0
      vertex 2.35 95.8742 0
      vertex 2.20861 95.9686 0
    endloop
  endfacet
  facet normal 0 0 1
    outer loop
      vertex 2.66354 95.7443 0
      vertex 2.15884 93.8607 0
      vertex 2.57579 93.7778 0
    endloop
  endfacet
  facet normal 0 0 1
    outer loop
      vertex 1.02152 94.4216 0
      vertex 2.20861 95.9686 0
      vertex 2.08076 96.0808 0
    endloop
  endfacet
  facet normal 0 0 1
    outer loop
      vertex 0.701902 94.7019 0
      vertex 2.08076 96.0808 0
      vertex 1.96864 96.2086 0
    endloop
  endfacet
  facet normal 0 0 1
    outer loop
      vertex 0.421601 95.0215 0
      vertex 1.96864 96.2086 0
      vertex 1.87417 96.35 0
    endloop
  endfacet
  facet normal 0 0 1
    outer loop
      vertex 0.185417 95.375 0
      vertex 1.87417 96.35 0
      vertex 1.79896 96.5025 0
    endloop
  endfacet
  facet normal 0 0 1
    outer loop
      vertex 2.50251 95.799 0
      vertex 1.75628 93.9974 0
      vertex 2.15884 93.8607 0
    endloop
  endfacet
  facet normal 0 0 1
    outer loop
      vertex -0.0026083 95.7563 0
      vertex 1.79896 96.5025 0
      vertex 1.7443 96.6635 0
    endloop
  endfacet
  facet normal 0 0 1
    outer loop
      vertex -0.139258 96.1588 0
      vertex 1.7443 96.6635 0
      vertex 1.71112 96.8303 0
    endloop
  endfacet
  facet normal 0 0 1
    outer loop
      vertex -0.222196 96.5758 0
      vertex 1.71112 96.8303 0
      vertex 1.7 97 0
    endloop
  endfacet
  facet normal 0 0 1
    outer loop
      vertex 1.87417 97.65 0
      vertex 0.185417 98.625 0
      vertex 1.79896 97.4975 0
    endloop
  endfacet
  facet normal 0 0 1
    outer loop
      vertex 2.35 95.8742 0
      vertex 1.375 94.1854 0
      vertex 1.75628 93.9974 0
    endloop
  endfacet
  facet normal -0 0 1
    outer loop
      vertex -0.0026083 98.2437 0
      vertex 1.79896 97.4975 0
      vertex 0.185417 98.625 0
    endloop
  endfacet
  facet normal 0 0 1
    outer loop
      vertex 2.20861 95.9686 0
      vertex 1.02152 94.4216 0
      vertex 1.375 94.1854 0
    endloop
  endfacet
  facet normal 0 0 1
    outer loop
      vertex 1.79896 97.4975 0
      vertex -0.0026083 98.2437 0
      vertex 1.7443 97.3365 0
    endloop
  endfacet
  facet normal 0 0 1
    outer loop
      vertex 2.08076 96.0808 0
      vertex 0.701902 94.7019 0
      vertex 1.02152 94.4216 0
    endloop
  endfacet
  facet normal -0 0 1
    outer loop
      vertex -0.139258 97.8412 0
      vertex 1.7443 97.3365 0
      vertex -0.0026083 98.2437 0
    endloop
  endfacet
  facet normal 0 0 1
    outer loop
      vertex 1.96864 96.2086 0
      vertex 0.421601 95.0215 0
      vertex 0.701902 94.7019 0
    endloop
  endfacet
  facet normal 0 0 1
    outer loop
      vertex 1.7443 97.3365 0
      vertex -0.139258 97.8412 0
      vertex 1.71112 97.1697 0
    endloop
  endfacet
  facet normal 0 0 1
    outer loop
      vertex 1.87417 96.35 0
      vertex 0.185417 95.375 0
      vertex 0.421601 95.0215 0
    endloop
  endfacet
  facet normal -0 0 1
    outer loop
      vertex -0.222196 97.4242 0
      vertex 1.71112 97.1697 0
      vertex -0.139258 97.8412 0
    endloop
  endfacet
  facet normal 0 0 1
    outer loop
      vertex 1.79896 96.5025 0
      vertex -0.0026083 95.7563 0
      vertex 0.185417 95.375 0
    endloop
  endfacet
  facet normal 0 0 1
    outer loop
      vertex 1.71112 97.1697 0
      vertex -0.222196 97.4242 0
      vertex 1.7 97 0
    endloop
  endfacet
  facet normal 0 0 1
    outer loop
      vertex 1.7443 96.6635 0
      vertex -0.139258 96.1588 0
      vertex -0.0026083 95.7563 0
    endloop
  endfacet
  facet normal 0 0 1
    outer loop
      vertex -0.25 97 0
      vertex 1.7 97 0
      vertex -0.222196 97.4242 0
    endloop
  endfacet
  facet normal 0 0 1
    outer loop
      vertex 1.71112 96.8303 0
      vertex -0.222196 96.5758 0
      vertex -0.139258 96.1588 0
    endloop
  endfacet
  facet normal 0 0 1
    outer loop
      vertex 1.7 97 0
      vertex -0.25 97 0
      vertex -0.222196 96.5758 0
    endloop
  endfacet
  facet normal -0.980789 0.195071 0
    outer loop
      vertex -0.222196 97.4242 -8.8
      vertex -0.139258 97.8412 0
      vertex -0.139258 97.8412 -8.8
    endloop
  endfacet
  facet normal -0.980789 0.195071 0
    outer loop
      vertex -0.139258 97.8412 0
      vertex -0.222196 97.4242 -8.8
      vertex -0.222196 97.4242 0
    endloop
  endfacet
  facet normal 0.321543 -0.946895 0
    outer loop
      vertex 3.84116 93.8607 -8.8
      vertex 4.24372 93.9974 0
      vertex 3.84116 93.8607 0
    endloop
  endfacet
  facet normal 0.321543 -0.946895 0
    outer loop
      vertex 4.24372 93.9974 0
      vertex 3.84116 93.8607 -8.8
      vertex 4.24372 93.9974 -8.8
    endloop
  endfacet
  facet normal 0.980788 -0.195076 0
    outer loop
      vertex 6.13926 96.1588 0
      vertex 6.2222 96.5758 -8.8
      vertex 6.2222 96.5758 0
    endloop
  endfacet
  facet normal 0.980788 -0.195076 0
    outer loop
      vertex 6.2222 96.5758 -8.8
      vertex 6.13926 96.1588 0
      vertex 6.13926 96.1588 -8.8
    endloop
  endfacet
  facet normal -0.946916 -0.32148 0
    outer loop
      vertex -0.0026083 95.7563 -8.8
      vertex -0.139258 96.1588 0
      vertex -0.139258 96.1588 -8.8
    endloop
  endfacet
  facet normal -0.946916 -0.32148 0
    outer loop
      vertex -0.139258 96.1588 0
      vertex -0.0026083 95.7563 -8.8
      vertex -0.0026083 95.7563 0
    endloop
  endfacet
  facet normal 0.997859 -0.0653948 0
    outer loop
      vertex 6.2222 96.5758 0
      vertex 6.25 97 -8.8
      vertex 6.25 97 0
    endloop
  endfacet
  facet normal 0.997859 -0.0653948 0
    outer loop
      vertex 6.25 97 -8.8
      vertex 6.2222 96.5758 0
      vertex 6.2222 96.5758 -8.8
    endloop
  endfacet
  facet normal 0.997859 0.0653948 0
    outer loop
      vertex 62.25 97 0
      vertex 62.2222 97.4242 -8.8
      vertex 62.2222 97.4242 0
    endloop
  endfacet
  facet normal 0.997859 0.0653948 0
    outer loop
      vertex 62.2222 97.4242 -8.8
      vertex 62.25 97 0
      vertex 62.25 97 -8.8
    endloop
  endfacet
  facet normal -0.0658633 0.997829 0
    outer loop
      vertex 59 100.25 -8.8
      vertex 58.5758 100.222 0
      vertex 59 100.25 0
    endloop
  endfacet
  facet normal -0.0658633 0.997829 0
    outer loop
      vertex 58.5758 100.222 0
      vertex 59 100.25 -8.8
      vertex 58.5758 100.222 -8.8
    endloop
  endfacet
  facet normal 0.0653948 -0.997859 0
    outer loop
      vertex 59 93.75 -8.8
      vertex 59.4242 93.7778 0
      vertex 59 93.75 0
    endloop
  endfacet
  facet normal 0.0653948 -0.997859 0
    outer loop
      vertex 59.4242 93.7778 0
      vertex 59 93.75 -8.8
      vertex 59.4242 93.7778 -8.8
    endloop
  endfacet
  facet normal -0.65937 -0.751818 0
    outer loop
      vertex 56.7019 94.7019 -8.8
      vertex 57.0215 94.4216 0
      vertex 56.7019 94.7019 0
    endloop
  endfacet
  facet normal -0.65937 -0.751818 -0
    outer loop
      vertex 57.0215 94.4216 0
      vertex 56.7019 94.7019 -8.8
      vertex 57.0215 94.4216 -8.8
    endloop
  endfacet
  facet normal 0.65937 0.751818 -0
    outer loop
      vertex 61.2981 99.2981 -8.8
      vertex 60.9785 99.5784 0
      vertex 61.2981 99.2981 0
    endloop
  endfacet
  facet normal 0.65937 0.751818 0
    outer loop
      vertex 60.9785 99.5784 0
      vertex 61.2981 99.2981 -8.8
      vertex 60.9785 99.5784 -8.8
    endloop
  endfacet
  facet normal -0.751818 0.65937 0
    outer loop
      vertex 56.4216 98.9785 -8.8
      vertex 56.7019 99.2981 0
      vertex 56.7019 99.2981 -8.8
    endloop
  endfacet
  facet normal -0.751818 0.65937 0
    outer loop
      vertex 56.7019 99.2981 0
      vertex 56.4216 98.9785 -8.8
      vertex 56.4216 98.9785 0
    endloop
  endfacet
  facet normal -0.442976 0.896533 0
    outer loop
      vertex 57.7563 100.003 -8.8
      vertex 57.375 99.8146 0
      vertex 57.7563 100.003 0
    endloop
  endfacet
  facet normal -0.442976 0.896533 0
    outer loop
      vertex 57.375 99.8146 0
      vertex 57.7563 100.003 -8.8
      vertex 57.375 99.8146 -8.8
    endloop
  endfacet
  facet normal 0.896907 0.44222 0
    outer loop
      vertex 62.0026 98.2437 0
      vertex 61.8146 98.625 -8.8
      vertex 61.8146 98.625 0
    endloop
  endfacet
  facet normal 0.896907 0.44222 0
    outer loop
      vertex 61.8146 98.625 -8.8
      vertex 62.0026 98.2437 0
      vertex 62.0026 98.2437 -8.8
    endloop
  endfacet
  facet normal 0.831471 0.555568 0
    outer loop
      vertex 61.8146 98.625 0
      vertex 61.5784 98.9785 -8.8
      vertex 61.5784 98.9785 0
    endloop
  endfacet
  facet normal 0.831471 0.555568 0
    outer loop
      vertex 61.5784 98.9785 -8.8
      vertex 61.8146 98.625 0
      vertex 61.8146 98.625 -8.8
    endloop
  endfacet
  facet normal 0.320109 0.947381 -0
    outer loop
      vertex 60.2437 100.003 -8.8
      vertex 59.8412 100.139 0
      vertex 60.2437 100.003 0
    endloop
  endfacet
  facet normal 0.320109 0.947381 0
    outer loop
      vertex 59.8412 100.139 0
      vertex 60.2437 100.003 -8.8
      vertex 59.8412 100.139 -8.8
    endloop
  endfacet
  facet normal 0.442976 0.896533 -0
    outer loop
      vertex 60.625 99.8146 -8.8
      vertex 60.2437 100.003 0
      vertex 60.625 99.8146 0
    endloop
  endfacet
  facet normal 0.442976 0.896533 0
    outer loop
      vertex 60.2437 100.003 0
      vertex 60.625 99.8146 -8.8
      vertex 60.2437 100.003 -8.8
    endloop
  endfacet
  facet normal -0.94688 0.321586 0
    outer loop
      vertex 55.8607 97.8412 -8.8
      vertex 55.9974 98.2437 0
      vertex 55.9974 98.2437 -8.8
    endloop
  endfacet
  facet normal -0.94688 0.321586 0
    outer loop
      vertex 55.9974 98.2437 0
      vertex 55.8607 97.8412 -8.8
      vertex 55.8607 97.8412 0
    endloop
  endfacet
  facet normal -0.980806 0.194985 0
    outer loop
      vertex 55.7778 97.4242 -8.8
      vertex 55.8607 97.8412 0
      vertex 55.8607 97.8412 -8.8
    endloop
  endfacet
  facet normal -0.980806 0.194985 0
    outer loop
      vertex 55.8607 97.8412 0
      vertex 55.7778 97.4242 -8.8
      vertex 55.7778 97.4242 0
    endloop
  endfacet
  facet normal -0.555568 0.831471 0
    outer loop
      vertex 57.375 99.8146 -8.8
      vertex 57.0215 99.5784 0
      vertex 57.375 99.8146 0
    endloop
  endfacet
  facet normal -0.555568 0.831471 0
    outer loop
      vertex 57.0215 99.5784 0
      vertex 57.375 99.8146 -8.8
      vertex 57.0215 99.5784 -8.8
    endloop
  endfacet
  facet normal -0.320109 0.947381 0
    outer loop
      vertex 58.1588 100.139 -8.8
      vertex 57.7563 100.003 0
      vertex 58.1588 100.139 0
    endloop
  endfacet
  facet normal -0.320109 0.947381 0
    outer loop
      vertex 57.7563 100.003 0
      vertex 58.1588 100.139 -8.8
      vertex 57.7563 100.003 -8.8
    endloop
  endfacet
  facet normal 0.94688 -0.321586 0
    outer loop
      vertex 62.0026 95.7563 0
      vertex 62.1393 96.1588 -8.8
      vertex 62.1393 96.1588 0
    endloop
  endfacet
  facet normal 0.94688 -0.321586 0
    outer loop
      vertex 62.1393 96.1588 -8.8
      vertex 62.0026 95.7563 0
      vertex 62.0026 95.7563 -8.8
    endloop
  endfacet
  facet normal 0.555568 -0.831471 0
    outer loop
      vertex 60.625 94.1854 -8.8
      vertex 60.9785 94.4216 0
      vertex 60.625 94.1854 0
    endloop
  endfacet
  facet normal 0.555568 -0.831471 0
    outer loop
      vertex 60.9785 94.4216 0
      vertex 60.625 94.1854 -8.8
      vertex 60.9785 94.4216 -8.8
    endloop
  endfacet
  facet normal -0.194985 -0.980806 0
    outer loop
      vertex 58.1588 93.8607 -8.8
      vertex 58.5758 93.7778 0
      vertex 58.1588 93.8607 0
    endloop
  endfacet
  facet normal -0.194985 -0.980806 -0
    outer loop
      vertex 58.5758 93.7778 0
      vertex 58.1588 93.8607 -8.8
      vertex 58.5758 93.7778 -8.8
    endloop
  endfacet
  facet normal -0.831471 -0.555568 0
    outer loop
      vertex 56.4216 95.0215 -8.8
      vertex 56.1854 95.375 0
      vertex 56.1854 95.375 -8.8
    endloop
  endfacet
  facet normal -0.831471 -0.555568 0
    outer loop
      vertex 56.1854 95.375 0
      vertex 56.4216 95.0215 -8.8
      vertex 56.4216 95.0215 0
    endloop
  endfacet
  facet normal 0.94688 0.321586 0
    outer loop
      vertex 62.1393 97.8412 0
      vertex 62.0026 98.2437 -8.8
      vertex 62.0026 98.2437 0
    endloop
  endfacet
  facet normal 0.94688 0.321586 0
    outer loop
      vertex 62.0026 98.2437 -8.8
      vertex 62.1393 97.8412 0
      vertex 62.1393 97.8412 -8.8
    endloop
  endfacet
  facet normal 0.980806 0.194985 0
    outer loop
      vertex 62.2222 97.4242 0
      vertex 62.1393 97.8412 -8.8
      vertex 62.1393 97.8412 0
    endloop
  endfacet
  facet normal 0.980806 0.194985 0
    outer loop
      vertex 62.1393 97.8412 -8.8
      vertex 62.2222 97.4242 0
      vertex 62.2222 97.4242 -8.8
    endloop
  endfacet
  facet normal 0.751818 0.65937 0
    outer loop
      vertex 61.5784 98.9785 0
      vertex 61.2981 99.2981 -8.8
      vertex 61.2981 99.2981 0
    endloop
  endfacet
  facet normal 0.751818 0.65937 0
    outer loop
      vertex 61.2981 99.2981 -8.8
      vertex 61.5784 98.9785 0
      vertex 61.5784 98.9785 -8.8
    endloop
  endfacet
  facet normal 0.195211 0.980761 -0
    outer loop
      vertex 59.8412 100.139 -8.8
      vertex 59.4242 100.222 0
      vertex 59.8412 100.139 0
    endloop
  endfacet
  facet normal 0.195211 0.980761 0
    outer loop
      vertex 59.4242 100.222 0
      vertex 59.8412 100.139 -8.8
      vertex 59.4242 100.222 -8.8
    endloop
  endfacet
  facet normal 0.0658633 0.997829 -0
    outer loop
      vertex 59.4242 100.222 -8.8
      vertex 59 100.25 0
      vertex 59.4242 100.222 0
    endloop
  endfacet
  facet normal 0.0658633 0.997829 0
    outer loop
      vertex 59 100.25 0
      vertex 59.4242 100.222 -8.8
      vertex 59 100.25 -8.8
    endloop
  endfacet
  facet normal 0.555568 0.831471 -0
    outer loop
      vertex 60.9785 99.5784 -8.8
      vertex 60.625 99.8146 0
      vertex 60.9785 99.5784 0
    endloop
  endfacet
  facet normal 0.555568 0.831471 0
    outer loop
      vertex 60.625 99.8146 0
      vertex 60.9785 99.5784 -8.8
      vertex 60.625 99.8146 -8.8
    endloop
  endfacet
  facet normal -0.896907 0.44222 0
    outer loop
      vertex 55.9974 98.2437 -8.8
      vertex 56.1854 98.625 0
      vertex 56.1854 98.625 -8.8
    endloop
  endfacet
  facet normal -0.896907 0.44222 0
    outer loop
      vertex 56.1854 98.625 0
      vertex 55.9974 98.2437 -8.8
      vertex 55.9974 98.2437 0
    endloop
  endfacet
  facet normal -0.831471 0.555568 0
    outer loop
      vertex 56.1854 98.625 -8.8
      vertex 56.4216 98.9785 0
      vertex 56.4216 98.9785 -8.8
    endloop
  endfacet
  facet normal -0.831471 0.555568 0
    outer loop
      vertex 56.4216 98.9785 0
      vertex 56.1854 98.625 -8.8
      vertex 56.1854 98.625 0
    endloop
  endfacet
  facet normal -0.997859 0.0653948 0
    outer loop
      vertex 55.75 97 -8.8
      vertex 55.7778 97.4242 0
      vertex 55.7778 97.4242 -8.8
    endloop
  endfacet
  facet normal -0.997859 0.0653948 0
    outer loop
      vertex 55.7778 97.4242 0
      vertex 55.75 97 -8.8
      vertex 55.75 97 0
    endloop
  endfacet
  facet normal 0 0 1
    outer loop
      vertex 60.3 97 0
      vertex 62.25 97 0
      vertex 62.2222 97.4242 0
    endloop
  endfacet
  facet normal 0 0 1
    outer loop
      vertex 60.2889 97.1697 0
      vertex 62.2222 97.4242 0
      vertex 62.1393 97.8412 0
    endloop
  endfacet
  facet normal 0 0 1
    outer loop
      vertex 62.25 97 0
      vertex 60.3 97 0
      vertex 62.2222 96.5758 0
    endloop
  endfacet
  facet normal 0 0 1
    outer loop
      vertex 60.2557 97.3365 0
      vertex 62.1393 97.8412 0
      vertex 62.0026 98.2437 0
    endloop
  endfacet
  facet normal -0 0 1
    outer loop
      vertex 60.2889 96.8303 0
      vertex 62.2222 96.5758 0
      vertex 60.3 97 0
    endloop
  endfacet
  facet normal 0 0 1
    outer loop
      vertex 60.201 97.4975 0
      vertex 62.0026 98.2437 0
      vertex 61.8146 98.625 0
    endloop
  endfacet
  facet normal 0 0 1
    outer loop
      vertex 62.2222 96.5758 0
      vertex 60.2889 96.8303 0
      vertex 62.1393 96.1588 0
    endloop
  endfacet
  facet normal 0 0 1
    outer loop
      vertex 60.1258 97.65 0
      vertex 61.8146 98.625 0
      vertex 61.5784 98.9785 0
    endloop
  endfacet
  facet normal -0 0 1
    outer loop
      vertex 60.2557 96.6635 0
      vertex 62.1393 96.1588 0
      vertex 60.2889 96.8303 0
    endloop
  endfacet
  facet normal 0 0 1
    outer loop
      vertex 60.0314 97.7914 0
      vertex 61.5784 98.9785 0
      vertex 61.2981 99.2981 0
    endloop
  endfacet
  facet normal 0 0 1
    outer loop
      vertex 62.1393 96.1588 0
      vertex 60.2557 96.6635 0
      vertex 62.0026 95.7563 0
    endloop
  endfacet
  facet normal 0 0 1
    outer loop
      vertex 59.9192 97.9192 0
      vertex 61.2981 99.2981 0
      vertex 60.9785 99.5784 0
    endloop
  endfacet
  facet normal -0 0 1
    outer loop
      vertex 60.201 96.5025 0
      vertex 62.0026 95.7563 0
      vertex 60.2557 96.6635 0
    endloop
  endfacet
  facet normal 0 0 1
    outer loop
      vertex 59.7914 98.0314 0
      vertex 60.9785 99.5784 0
      vertex 60.625 99.8146 0
    endloop
  endfacet
  facet normal 0 0 1
    outer loop
      vertex 62.0026 95.7563 0
      vertex 60.201 96.5025 0
      vertex 61.8146 95.375 0
    endloop
  endfacet
  facet normal -0 0 1
    outer loop
      vertex 60.1258 96.35 0
      vertex 61.8146 95.375 0
      vertex 60.201 96.5025 0
    endloop
  endfacet
  facet normal 0 0 1
    outer loop
      vertex 62.2222 97.4242 0
      vertex 60.2889 97.1697 0
      vertex 60.3 97 0
    endloop
  endfacet
  facet normal 0 0 1
    outer loop
      vertex 62.1393 97.8412 0
      vertex 60.2557 97.3365 0
      vertex 60.2889 97.1697 0
    endloop
  endfacet
  facet normal 0 0 1
    outer loop
      vertex 59.65 98.1258 0
      vertex 60.625 99.8146 0
      vertex 60.2437 100.003 0
    endloop
  endfacet
  facet normal 0 0 1
    outer loop
      vertex 62.0026 98.2437 0
      vertex 60.201 97.4975 0
      vertex 60.2557 97.3365 0
    endloop
  endfacet
  facet normal 0 0 1
    outer loop
      vertex 61.8146 98.625 0
      vertex 60.1258 97.65 0
      vertex 60.201 97.4975 0
    endloop
  endfacet
  facet normal 0 0 1
    outer loop
      vertex 61.5784 98.9785 0
      vertex 60.0314 97.7914 0
      vertex 60.1258 97.65 0
    endloop
  endfacet
  facet normal 0 0 1
    outer loop
      vertex 61.2981 99.2981 0
      vertex 59.9192 97.9192 0
      vertex 60.0314 97.7914 0
    endloop
  endfacet
  facet normal 0 0 1
    outer loop
      vertex 59.4975 98.201 0
      vertex 60.2437 100.003 0
      vertex 59.8412 100.139 0
    endloop
  endfacet
  facet normal 0 0 1
    outer loop
      vertex 60.9785 99.5784 0
      vertex 59.7914 98.0314 0
      vertex 59.9192 97.9192 0
    endloop
  endfacet
  facet normal 0 0 1
    outer loop
      vertex 60.625 99.8146 0
      vertex 59.65 98.1258 0
      vertex 59.7914 98.0314 0
    endloop
  endfacet
  facet normal 0 0 1
    outer loop
      vertex 60.2437 100.003 0
      vertex 59.4975 98.201 0
      vertex 59.65 98.1258 0
    endloop
  endfacet
  facet normal 0 0 1
    outer loop
      vertex 59.3365 98.2557 0
      vertex 59.8412 100.139 0
      vertex 59.4242 100.222 0
    endloop
  endfacet
  facet normal 0 0 1
    outer loop
      vertex 59.8412 100.139 0
      vertex 59.3365 98.2557 0
      vertex 59.4975 98.201 0
    endloop
  endfacet
  facet normal 0 0 1
    outer loop
      vertex 59.4242 100.222 0
      vertex 59.1697 98.2889 0
      vertex 59.3365 98.2557 0
    endloop
  endfacet
  facet normal 0 0 1
    outer loop
      vertex 59 100.25 0
      vertex 59.1697 98.2889 0
      vertex 59.4242 100.222 0
    endloop
  endfacet
  facet normal 0 0 1
    outer loop
      vertex 59 100.25 0
      vertex 59 98.3 0
      vertex 59.1697 98.2889 0
    endloop
  endfacet
  facet normal 0 0 1
    outer loop
      vertex 59 100.25 0
      vertex 58.8303 98.2889 0
      vertex 59 98.3 0
    endloop
  endfacet
  facet normal -0 0 1
    outer loop
      vertex 58.5758 100.222 0
      vertex 58.8303 98.2889 0
      vertex 59 100.25 0
    endloop
  endfacet
  facet normal 0 0 1
    outer loop
      vertex 58.8303 98.2889 0
      vertex 58.5758 100.222 0
      vertex 58.6635 98.2557 0
    endloop
  endfacet
  facet normal -0 0 1
    outer loop
      vertex 58.1588 100.139 0
      vertex 58.6635 98.2557 0
      vertex 58.5758 100.222 0
    endloop
  endfacet
  facet normal 0 0 1
    outer loop
      vertex 58.6635 98.2557 0
      vertex 58.1588 100.139 0
      vertex 58.5025 98.201 0
    endloop
  endfacet
  facet normal -0 0 1
    outer loop
      vertex 57.7563 100.003 0
      vertex 58.5025 98.201 0
      vertex 58.1588 100.139 0
    endloop
  endfacet
  facet normal 0 0 1
    outer loop
      vertex 58.5025 98.201 0
      vertex 57.7563 100.003 0
      vertex 58.35 98.1258 0
    endloop
  endfacet
  facet normal -0 0 1
    outer loop
      vertex 57.375 99.8146 0
      vertex 58.35 98.1258 0
      vertex 57.7563 100.003 0
    endloop
  endfacet
  facet normal 0 0 1
    outer loop
      vertex 58.35 98.1258 0
      vertex 57.375 99.8146 0
      vertex 58.2086 98.0314 0
    endloop
  endfacet
  facet normal -0 0 1
    outer loop
      vertex 57.0215 99.5784 0
      vertex 58.2086 98.0314 0
      vertex 57.375 99.8146 0
    endloop
  endfacet
  facet normal 0 0 1
    outer loop
      vertex 58.2086 98.0314 0
      vertex 57.0215 99.5784 0
      vertex 58.0808 97.9192 0
    endloop
  endfacet
  facet normal -0 0 1
    outer loop
      vertex 56.7019 99.2981 0
      vertex 58.0808 97.9192 0
      vertex 57.0215 99.5784 0
    endloop
  endfacet
  facet normal 0 0 1
    outer loop
      vertex 58.0808 97.9192 0
      vertex 56.7019 99.2981 0
      vertex 57.9686 97.7914 0
    endloop
  endfacet
  facet normal -0 0 1
    outer loop
      vertex 56.4216 98.9785 0
      vertex 57.9686 97.7914 0
      vertex 56.7019 99.2981 0
    endloop
  endfacet
  facet normal 0 0 1
    outer loop
      vertex 57.9686 97.7914 0
      vertex 56.4216 98.9785 0
      vertex 57.8742 97.65 0
    endloop
  endfacet
  facet normal -0 0 1
    outer loop
      vertex 56.1854 98.625 0
      vertex 57.8742 97.65 0
      vertex 56.4216 98.9785 0
    endloop
  endfacet
  facet normal 0 0 1
    outer loop
      vertex 61.8146 95.375 0
      vertex 60.1258 96.35 0
      vertex 61.5784 95.0215 0
    endloop
  endfacet
  facet normal -0 0 1
    outer loop
      vertex 60.0314 96.2086 0
      vertex 61.5784 95.0215 0
      vertex 60.1258 96.35 0
    endloop
  endfacet
  facet normal 0 0 1
    outer loop
      vertex 61.5784 95.0215 0
      vertex 60.0314 96.2086 0
      vertex 61.2981 94.7019 0
    endloop
  endfacet
  facet normal -0 0 1
    outer loop
      vertex 59.9192 96.0808 0
      vertex 61.2981 94.7019 0
      vertex 60.0314 96.2086 0
    endloop
  endfacet
  facet normal 0 0 1
    outer loop
      vertex 61.2981 94.7019 0
      vertex 59.9192 96.0808 0
      vertex 60.9785 94.4216 0
    endloop
  endfacet
  facet normal -0 0 1
    outer loop
      vertex 59.7914 95.9686 0
      vertex 60.9785 94.4216 0
      vertex 59.9192 96.0808 0
    endloop
  endfacet
  facet normal 0 0 1
    outer loop
      vertex 60.9785 94.4216 0
      vertex 59.7914 95.9686 0
      vertex 60.625 94.1854 0
    endloop
  endfacet
  facet normal -0 0 1
    outer loop
      vertex 59.65 95.8742 0
      vertex 60.625 94.1854 0
      vertex 59.7914 95.9686 0
    endloop
  endfacet
  facet normal 0 0 1
    outer loop
      vertex 60.625 94.1854 0
      vertex 59.65 95.8742 0
      vertex 60.2437 93.9974 0
    endloop
  endfacet
  facet normal -0 0 1
    outer loop
      vertex 59.4975 95.799 0
      vertex 60.2437 93.9974 0
      vertex 59.65 95.8742 0
    endloop
  endfacet
  facet normal 0 0 1
    outer loop
      vertex 60.2437 93.9974 0
      vertex 59.4975 95.799 0
      vertex 59.8412 93.8607 0
    endloop
  endfacet
  facet normal -0 0 1
    outer loop
      vertex 59.3365 95.7443 0
      vertex 59.8412 93.8607 0
      vertex 59.4975 95.799 0
    endloop
  endfacet
  facet normal 0 0 1
    outer loop
      vertex 59.8412 93.8607 0
      vertex 59.3365 95.7443 0
      vertex 59.4242 93.7778 0
    endloop
  endfacet
  facet normal -0 0 1
    outer loop
      vertex 59.1697 95.7111 0
      vertex 59.4242 93.7778 0
      vertex 59.3365 95.7443 0
    endloop
  endfacet
  facet normal -0 0 1
    outer loop
      vertex 59 95.7 0
      vertex 59.4242 93.7778 0
      vertex 59.1697 95.7111 0
    endloop
  endfacet
  facet normal 0 0 1
    outer loop
      vertex 59 95.7 0
      vertex 59 93.75 0
      vertex 59.4242 93.7778 0
    endloop
  endfacet
  facet normal 0 0 1
    outer loop
      vertex 58.8303 95.7111 0
      vertex 59 93.75 0
      vertex 59 95.7 0
    endloop
  endfacet
  facet normal 0 0 1
    outer loop
      vertex 58.5758 93.7778 0
      vertex 58.8303 95.7111 0
      vertex 58.6635 95.7443 0
    endloop
  endfacet
  facet normal 0 0 1
    outer loop
      vertex 58.8303 95.7111 0
      vertex 58.5758 93.7778 0
      vertex 59 93.75 0
    endloop
  endfacet
  facet normal 0 0 1
    outer loop
      vertex 58.1588 93.8607 0
      vertex 58.6635 95.7443 0
      vertex 58.5025 95.799 0
    endloop
  endfacet
  facet normal 0 0 1
    outer loop
      vertex 57.7563 93.9974 0
      vertex 58.5025 95.799 0
      vertex 58.35 95.8742 0
    endloop
  endfacet
  facet normal 0 0 1
    outer loop
      vertex 57.375 94.1854 0
      vertex 58.35 95.8742 0
      vertex 58.2086 95.9686 0
    endloop
  endfacet
  facet normal 0 0 1
    outer loop
      vertex 58.6635 95.7443 0
      vertex 58.1588 93.8607 0
      vertex 58.5758 93.7778 0
    endloop
  endfacet
  facet normal 0 0 1
    outer loop
      vertex 57.0215 94.4216 0
      vertex 58.2086 95.9686 0
      vertex 58.0808 96.0808 0
    endloop
  endfacet
  facet normal 0 0 1
    outer loop
      vertex 56.7019 94.7019 0
      vertex 58.0808 96.0808 0
      vertex 57.9686 96.2086 0
    endloop
  endfacet
  facet normal 0 0 1
    outer loop
      vertex 56.4216 95.0215 0
      vertex 57.9686 96.2086 0
      vertex 57.8742 96.35 0
    endloop
  endfacet
  facet normal 0 0 1
    outer loop
      vertex 56.1854 95.375 0
      vertex 57.8742 96.35 0
      vertex 57.799 96.5025 0
    endloop
  endfacet
  facet normal 0 0 1
    outer loop
      vertex 58.5025 95.799 0
      vertex 57.7563 93.9974 0
      vertex 58.1588 93.8607 0
    endloop
  endfacet
  facet normal 0 0 1
    outer loop
      vertex 55.9974 95.7563 0
      vertex 57.799 96.5025 0
      vertex 57.7443 96.6635 0
    endloop
  endfacet
  facet normal 0 0 1
    outer loop
      vertex 55.8607 96.1588 0
      vertex 57.7443 96.6635 0
      vertex 57.7111 96.8303 0
    endloop
  endfacet
  facet normal 0 0 1
    outer loop
      vertex 55.7778 96.5758 0
      vertex 57.7111 96.8303 0
      vertex 57.7 97 0
    endloop
  endfacet
  facet normal 0 0 1
    outer loop
      vertex 57.8742 97.65 0
      vertex 56.1854 98.625 0
      vertex 57.799 97.4975 0
    endloop
  endfacet
  facet normal 0 0 1
    outer loop
      vertex 58.35 95.8742 0
      vertex 57.375 94.1854 0
      vertex 57.7563 93.9974 0
    endloop
  endfacet
  facet normal -0 0 1
    outer loop
      vertex 55.9974 98.2437 0
      vertex 57.799 97.4975 0
      vertex 56.1854 98.625 0
    endloop
  endfacet
  facet normal 0 0 1
    outer loop
      vertex 58.2086 95.9686 0
      vertex 57.0215 94.4216 0
      vertex 57.375 94.1854 0
    endloop
  endfacet
  facet normal 0 0 1
    outer loop
      vertex 57.799 97.4975 0
      vertex 55.9974 98.2437 0
      vertex 57.7443 97.3365 0
    endloop
  endfacet
  facet normal 0 0 1
    outer loop
      vertex 58.0808 96.0808 0
      vertex 56.7019 94.7019 0
      vertex 57.0215 94.4216 0
    endloop
  endfacet
  facet normal -0 0 1
    outer loop
      vertex 55.8607 97.8412 0
      vertex 57.7443 97.3365 0
      vertex 55.9974 98.2437 0
    endloop
  endfacet
  facet normal 0 0 1
    outer loop
      vertex 57.9686 96.2086 0
      vertex 56.4216 95.0215 0
      vertex 56.7019 94.7019 0
    endloop
  endfacet
  facet normal 0 0 1
    outer loop
      vertex 57.7443 97.3365 0
      vertex 55.8607 97.8412 0
      vertex 57.7111 97.1697 0
    endloop
  endfacet
  facet normal 0 0 1
    outer loop
      vertex 57.8742 96.35 0
      vertex 56.1854 95.375 0
      vertex 56.4216 95.0215 0
    endloop
  endfacet
  facet normal -0 0 1
    outer loop
      vertex 55.7778 97.4242 0
      vertex 57.7111 97.1697 0
      vertex 55.8607 97.8412 0
    endloop
  endfacet
  facet normal 0 0 1
    outer loop
      vertex 57.799 96.5025 0
      vertex 55.9974 95.7563 0
      vertex 56.1854 95.375 0
    endloop
  endfacet
  facet normal 0 0 1
    outer loop
      vertex 57.7111 97.1697 0
      vertex 55.7778 97.4242 0
      vertex 57.7 97 0
    endloop
  endfacet
  facet normal 0 0 1
    outer loop
      vertex 57.7443 96.6635 0
      vertex 55.8607 96.1588 0
      vertex 55.9974 95.7563 0
    endloop
  endfacet
  facet normal 0 0 1
    outer loop
      vertex 55.75 97 0
      vertex 57.7 97 0
      vertex 55.7778 97.4242 0
    endloop
  endfacet
  facet normal 0 0 1
    outer loop
      vertex 57.7111 96.8303 0
      vertex 55.7778 96.5758 0
      vertex 55.8607 96.1588 0
    endloop
  endfacet
  facet normal 0 0 1
    outer loop
      vertex 57.7 97 0
      vertex 55.75 97 0
      vertex 55.7778 96.5758 0
    endloop
  endfacet
  facet normal -0.65937 0.751818 0
    outer loop
      vertex 57.0215 99.5784 -8.8
      vertex 56.7019 99.2981 0
      vertex 57.0215 99.5784 0
    endloop
  endfacet
  facet normal -0.65937 0.751818 0
    outer loop
      vertex 56.7019 99.2981 0
      vertex 57.0215 99.5784 -8.8
      vertex 56.7019 99.2981 -8.8
    endloop
  endfacet
  facet normal -0.195211 0.980761 0
    outer loop
      vertex 58.5758 100.222 -8.8
      vertex 58.1588 100.139 0
      vertex 58.5758 100.222 0
    endloop
  endfacet
  facet normal -0.195211 0.980761 0
    outer loop
      vertex 58.1588 100.139 0
      vertex 58.5758 100.222 -8.8
      vertex 58.1588 100.139 -8.8
    endloop
  endfacet
  facet normal 0.997859 -0.0653948 0
    outer loop
      vertex 62.2222 96.5758 0
      vertex 62.25 97 -8.8
      vertex 62.25 97 0
    endloop
  endfacet
  facet normal 0.997859 -0.0653948 0
    outer loop
      vertex 62.25 97 -8.8
      vertex 62.2222 96.5758 0
      vertex 62.2222 96.5758 -8.8
    endloop
  endfacet
  facet normal 0.194985 -0.980806 0
    outer loop
      vertex 59.4242 93.7778 -8.8
      vertex 59.8412 93.8607 0
      vertex 59.4242 93.7778 0
    endloop
  endfacet
  facet normal 0.194985 -0.980806 0
    outer loop
      vertex 59.8412 93.8607 0
      vertex 59.4242 93.7778 -8.8
      vertex 59.8412 93.8607 -8.8
    endloop
  endfacet
  facet normal 0.44222 -0.896907 0
    outer loop
      vertex 60.2437 93.9974 -8.8
      vertex 60.625 94.1854 0
      vertex 60.2437 93.9974 0
    endloop
  endfacet
  facet normal 0.44222 -0.896907 0
    outer loop
      vertex 60.625 94.1854 0
      vertex 60.2437 93.9974 -8.8
      vertex 60.625 94.1854 -8.8
    endloop
  endfacet
  facet normal 0.65937 -0.751818 0
    outer loop
      vertex 60.9785 94.4216 -8.8
      vertex 61.2981 94.7019 0
      vertex 60.9785 94.4216 0
    endloop
  endfacet
  facet normal 0.65937 -0.751818 0
    outer loop
      vertex 61.2981 94.7019 0
      vertex 60.9785 94.4216 -8.8
      vertex 61.2981 94.7019 -8.8
    endloop
  endfacet
  facet normal 0.831471 -0.555568 0
    outer loop
      vertex 61.5784 95.0215 0
      vertex 61.8146 95.375 -8.8
      vertex 61.8146 95.375 0
    endloop
  endfacet
  facet normal 0.831471 -0.555568 0
    outer loop
      vertex 61.8146 95.375 -8.8
      vertex 61.5784 95.0215 0
      vertex 61.5784 95.0215 -8.8
    endloop
  endfacet
  facet normal -0.555568 -0.831471 0
    outer loop
      vertex 57.0215 94.4216 -8.8
      vertex 57.375 94.1854 0
      vertex 57.0215 94.4216 0
    endloop
  endfacet
  facet normal -0.555568 -0.831471 -0
    outer loop
      vertex 57.375 94.1854 0
      vertex 57.0215 94.4216 -8.8
      vertex 57.375 94.1854 -8.8
    endloop
  endfacet
  facet normal -0.321586 -0.94688 0
    outer loop
      vertex 57.7563 93.9974 -8.8
      vertex 58.1588 93.8607 0
      vertex 57.7563 93.9974 0
    endloop
  endfacet
  facet normal -0.321586 -0.94688 -0
    outer loop
      vertex 58.1588 93.8607 0
      vertex 57.7563 93.9974 -8.8
      vertex 58.1588 93.8607 -8.8
    endloop
  endfacet
  facet normal -0.0653948 -0.997859 0
    outer loop
      vertex 58.5758 93.7778 -8.8
      vertex 59 93.75 0
      vertex 58.5758 93.7778 0
    endloop
  endfacet
  facet normal -0.0653948 -0.997859 -0
    outer loop
      vertex 59 93.75 0
      vertex 58.5758 93.7778 -8.8
      vertex 59 93.75 -8.8
    endloop
  endfacet
  facet normal -0.751818 -0.65937 0
    outer loop
      vertex 56.7019 94.7019 -8.8
      vertex 56.4216 95.0215 0
      vertex 56.4216 95.0215 -8.8
    endloop
  endfacet
  facet normal -0.751818 -0.65937 0
    outer loop
      vertex 56.4216 95.0215 0
      vertex 56.7019 94.7019 -8.8
      vertex 56.7019 94.7019 0
    endloop
  endfacet
  facet normal -0.896907 -0.44222 0
    outer loop
      vertex 56.1854 95.375 -8.8
      vertex 55.9974 95.7563 0
      vertex 55.9974 95.7563 -8.8
    endloop
  endfacet
  facet normal -0.896907 -0.44222 0
    outer loop
      vertex 55.9974 95.7563 0
      vertex 56.1854 95.375 -8.8
      vertex 56.1854 95.375 0
    endloop
  endfacet
  facet normal -0.980806 -0.194985 0
    outer loop
      vertex 55.8607 96.1588 -8.8
      vertex 55.7778 96.5758 0
      vertex 55.7778 96.5758 -8.8
    endloop
  endfacet
  facet normal -0.980806 -0.194985 0
    outer loop
      vertex 55.7778 96.5758 0
      vertex 55.8607 96.1588 -8.8
      vertex 55.8607 96.1588 0
    endloop
  endfacet
  facet normal -0.997859 -0.0653948 0
    outer loop
      vertex 55.7778 96.5758 -8.8
      vertex 55.75 97 0
      vertex 55.75 97 -8.8
    endloop
  endfacet
  facet normal -0.997859 -0.0653948 0
    outer loop
      vertex 55.75 97 0
      vertex 55.7778 96.5758 -8.8
      vertex 55.7778 96.5758 0
    endloop
  endfacet
  facet normal 0.321586 -0.94688 0
    outer loop
      vertex 59.8412 93.8607 -8.8
      vertex 60.2437 93.9974 0
      vertex 59.8412 93.8607 0
    endloop
  endfacet
  facet normal 0.321586 -0.94688 0
    outer loop
      vertex 60.2437 93.9974 0
      vertex 59.8412 93.8607 -8.8
      vertex 60.2437 93.9974 -8.8
    endloop
  endfacet
  facet normal 0.751818 -0.65937 0
    outer loop
      vertex 61.2981 94.7019 0
      vertex 61.5784 95.0215 -8.8
      vertex 61.5784 95.0215 0
    endloop
  endfacet
  facet normal 0.751818 -0.65937 0
    outer loop
      vertex 61.5784 95.0215 -8.8
      vertex 61.2981 94.7019 0
      vertex 61.2981 94.7019 -8.8
    endloop
  endfacet
  facet normal 0.980806 -0.194985 0
    outer loop
      vertex 62.1393 96.1588 0
      vertex 62.2222 96.5758 -8.8
      vertex 62.2222 96.5758 0
    endloop
  endfacet
  facet normal 0.980806 -0.194985 0
    outer loop
      vertex 62.2222 96.5758 -8.8
      vertex 62.1393 96.1588 0
      vertex 62.1393 96.1588 -8.8
    endloop
  endfacet
  facet normal 0.896907 -0.44222 0
    outer loop
      vertex 61.8146 95.375 0
      vertex 62.0026 95.7563 -8.8
      vertex 62.0026 95.7563 0
    endloop
  endfacet
  facet normal 0.896907 -0.44222 0
    outer loop
      vertex 62.0026 95.7563 -8.8
      vertex 61.8146 95.375 0
      vertex 61.8146 95.375 -8.8
    endloop
  endfacet
  facet normal -0.44222 -0.896907 0
    outer loop
      vertex 57.375 94.1854 -8.8
      vertex 57.7563 93.9974 0
      vertex 57.375 94.1854 0
    endloop
  endfacet
  facet normal -0.44222 -0.896907 -0
    outer loop
      vertex 57.7563 93.9974 0
      vertex 57.375 94.1854 -8.8
      vertex 57.7563 93.9974 -8.8
    endloop
  endfacet
  facet normal -0.94688 -0.321586 0
    outer loop
      vertex 55.9974 95.7563 -8.8
      vertex 55.8607 96.1588 0
      vertex 55.8607 96.1588 -8.8
    endloop
  endfacet
  facet normal -0.94688 -0.321586 0
    outer loop
      vertex 55.8607 96.1588 0
      vertex 55.9974 95.7563 -8.8
      vertex 55.9974 95.7563 0
    endloop
  endfacet
  facet normal 0.99786 0.0653933 0
    outer loop
      vertex 6.75 3.5 0
      vertex 6.7222 3.92421 -8.8
      vertex 6.7222 3.92421 0
    endloop
  endfacet
  facet normal 0.99786 0.0653933 0
    outer loop
      vertex 6.7222 3.92421 -8.8
      vertex 6.75 3.5 0
      vertex 6.75 3.5 -8.8
    endloop
  endfacet
  facet normal -0.0653933 0.99786 0
    outer loop
      vertex 3.5 6.75 -8.8
      vertex 3.07579 6.7222 0
      vertex 3.5 6.75 0
    endloop
  endfacet
  facet normal -0.0653933 0.99786 0
    outer loop
      vertex 3.07579 6.7222 0
      vertex 3.5 6.75 -8.8
      vertex 3.07579 6.7222 -8.8
    endloop
  endfacet
  facet normal 0.0654003 -0.997859 0
    outer loop
      vertex 3.5 0.25 -8.8
      vertex 3.92421 0.277803 0
      vertex 3.5 0.25 0
    endloop
  endfacet
  facet normal 0.0654003 -0.997859 0
    outer loop
      vertex 3.92421 0.277803 0
      vertex 3.5 0.25 -8.8
      vertex 3.92421 0.277803 -8.8
    endloop
  endfacet
  facet normal 0.659335 0.751849 -0
    outer loop
      vertex 5.7981 5.7981 -8.8
      vertex 5.47847 6.0784 0
      vertex 5.7981 5.7981 0
    endloop
  endfacet
  facet normal 0.659335 0.751849 0
    outer loop
      vertex 5.47847 6.0784 0
      vertex 5.7981 5.7981 -8.8
      vertex 5.47847 6.0784 -8.8
    endloop
  endfacet
  facet normal -0.75185 0.659334 0
    outer loop
      vertex 0.921601 5.47847 -8.8
      vertex 1.2019 5.7981 0
      vertex 1.2019 5.7981 -8.8
    endloop
  endfacet
  facet normal -0.75185 0.659334 0
    outer loop
      vertex 1.2019 5.7981 0
      vertex 0.921601 5.47847 -8.8
      vertex 0.921601 5.47847 0
    endloop
  endfacet
  facet normal -0.442295 0.896869 0
    outer loop
      vertex 2.25628 6.50261 -8.8
      vertex 1.875 6.31458 0
      vertex 2.25628 6.50261 0
    endloop
  endfacet
  facet normal -0.442295 0.896869 0
    outer loop
      vertex 1.875 6.31458 0
      vertex 2.25628 6.50261 -8.8
      vertex 1.875 6.31458 -8.8
    endloop
  endfacet
  facet normal 0.896869 0.442295 0
    outer loop
      vertex 6.50261 4.74372 0
      vertex 6.31458 5.125 -8.8
      vertex 6.31458 5.125 0
    endloop
  endfacet
  facet normal 0.896869 0.442295 0
    outer loop
      vertex 6.31458 5.125 -8.8
      vertex 6.50261 4.74372 0
      vertex 6.50261 4.74372 -8.8
    endloop
  endfacet
  facet normal 0.831471 0.555568 0
    outer loop
      vertex 6.31458 5.125 0
      vertex 6.0784 5.47847 -8.8
      vertex 6.0784 5.47847 0
    endloop
  endfacet
  facet normal 0.831471 0.555568 0
    outer loop
      vertex 6.0784 5.47847 -8.8
      vertex 6.31458 5.125 0
      vertex 6.31458 5.125 -8.8
    endloop
  endfacet
  facet normal 0.321438 0.946931 -0
    outer loop
      vertex 4.74372 6.50261 -8.8
      vertex 4.34116 6.63926 0
      vertex 4.74372 6.50261 0
    endloop
  endfacet
  facet normal 0.321438 0.946931 0
    outer loop
      vertex 4.34116 6.63926 0
      vertex 4.74372 6.50261 -8.8
      vertex 4.34116 6.63926 -8.8
    endloop
  endfacet
  facet normal 0.442295 0.896869 -0
    outer loop
      vertex 5.125 6.31458 -8.8
      vertex 4.74372 6.50261 0
      vertex 5.125 6.31458 0
    endloop
  endfacet
  facet normal 0.442295 0.896869 0
    outer loop
      vertex 4.74372 6.50261 0
      vertex 5.125 6.31458 -8.8
      vertex 4.74372 6.50261 -8.8
    endloop
  endfacet
  facet normal -0.946931 0.321438 0
    outer loop
      vertex 0.360741 4.34116 -8.8
      vertex 0.497391 4.74372 0
      vertex 0.497391 4.74372 -8.8
    endloop
  endfacet
  facet normal -0.946931 0.321438 0
    outer loop
      vertex 0.497391 4.74372 0
      vertex 0.360741 4.34116 -8.8
      vertex 0.360741 4.34116 0
    endloop
  endfacet
  facet normal -0.896873 0.442288 0
    outer loop
      vertex 0.497391 4.74372 -8.8
      vertex 0.685417 5.125 0
      vertex 0.685417 5.125 -8.8
    endloop
  endfacet
  facet normal -0.896873 0.442288 0
    outer loop
      vertex 0.685417 5.125 0
      vertex 0.497391 4.74372 -8.8
      vertex 0.497391 4.74372 0
    endloop
  endfacet
  facet normal -0.980785 0.195094 0
    outer loop
      vertex 0.277803 3.92421 -8.8
      vertex 0.360741 4.34116 0
      vertex 0.360741 4.34116 -8.8
    endloop
  endfacet
  facet normal -0.980785 0.195094 0
    outer loop
      vertex 0.360741 4.34116 0
      vertex 0.277803 3.92421 -8.8
      vertex 0.277803 3.92421 0
    endloop
  endfacet
  facet normal -0.555558 0.831478 0
    outer loop
      vertex 1.875 6.31458 -8.8
      vertex 1.52152 6.0784 0
      vertex 1.875 6.31458 0
    endloop
  endfacet
  facet normal -0.555558 0.831478 0
    outer loop
      vertex 1.52152 6.0784 0
      vertex 1.875 6.31458 -8.8
      vertex 1.52152 6.0784 -8.8
    endloop
  endfacet
  facet normal -0.321438 0.946931 0
    outer loop
      vertex 2.65884 6.63926 -8.8
      vertex 2.25628 6.50261 0
      vertex 2.65884 6.63926 0
    endloop
  endfacet
  facet normal -0.321438 0.946931 0
    outer loop
      vertex 2.25628 6.50261 0
      vertex 2.65884 6.63926 -8.8
      vertex 2.25628 6.50261 -8.8
    endloop
  endfacet
  facet normal 0.946931 -0.321438 0
    outer loop
      vertex 6.50261 2.25628 0
      vertex 6.63926 2.65884 -8.8
      vertex 6.63926 2.65884 0
    endloop
  endfacet
  facet normal 0.946931 -0.321438 0
    outer loop
      vertex 6.63926 2.65884 -8.8
      vertex 6.50261 2.25628 0
      vertex 6.50261 2.25628 -8.8
    endloop
  endfacet
  facet normal 0.751839 -0.659347 0
    outer loop
      vertex 5.7981 1.2019 0
      vertex 6.0784 1.52152 -8.8
      vertex 6.0784 1.52152 0
    endloop
  endfacet
  facet normal 0.751839 -0.659347 0
    outer loop
      vertex 6.0784 1.52152 -8.8
      vertex 5.7981 1.2019 0
      vertex 5.7981 1.2019 -8.8
    endloop
  endfacet
  facet normal 0.555575 -0.831466 0
    outer loop
      vertex 5.125 0.685417 -8.8
      vertex 5.47847 0.921601 0
      vertex 5.125 0.685417 0
    endloop
  endfacet
  facet normal 0.555575 -0.831466 0
    outer loop
      vertex 5.47847 0.921601 0
      vertex 5.125 0.685417 -8.8
      vertex 5.47847 0.921601 -8.8
    endloop
  endfacet
  facet normal 0.896869 -0.442295 0
    outer loop
      vertex 6.31458 1.875 0
      vertex 6.50261 2.25628 -8.8
      vertex 6.50261 2.25628 0
    endloop
  endfacet
  facet normal 0.896869 -0.442295 0
    outer loop
      vertex 6.50261 2.25628 -8.8
      vertex 6.31458 1.875 0
      vertex 6.31458 1.875 -8.8
    endloop
  endfacet
  facet normal -0.321438 -0.946931 0
    outer loop
      vertex 2.25628 0.497391 -8.8
      vertex 2.65884 0.360741 0
      vertex 2.25628 0.497391 0
    endloop
  endfacet
  facet normal -0.321438 -0.946931 -0
    outer loop
      vertex 2.65884 0.360741 0
      vertex 2.25628 0.497391 -8.8
      vertex 2.65884 0.360741 -8.8
    endloop
  endfacet
  facet normal -0.195094 -0.980785 0
    outer loop
      vertex 2.65884 0.360741 -8.8
      vertex 3.07579 0.277803 0
      vertex 2.65884 0.360741 0
    endloop
  endfacet
  facet normal -0.195094 -0.980785 -0
    outer loop
      vertex 3.07579 0.277803 0
      vertex 2.65884 0.360741 -8.8
      vertex 3.07579 0.277803 -8.8
    endloop
  endfacet
  facet normal -0.831474 -0.555564 0
    outer loop
      vertex 0.921601 1.52152 -8.8
      vertex 0.685417 1.875 0
      vertex 0.685417 1.875 -8.8
    endloop
  endfacet
  facet normal -0.831474 -0.555564 0
    outer loop
      vertex 0.685417 1.875 0
      vertex 0.921601 1.52152 -8.8
      vertex 0.921601 1.52152 0
    endloop
  endfacet
  facet normal -0.75184 -0.659346 0
    outer loop
      vertex 1.2019 1.2019 -8.8
      vertex 0.921601 1.52152 0
      vertex 0.921601 1.52152 -8.8
    endloop
  endfacet
  facet normal -0.75184 -0.659346 0
    outer loop
      vertex 0.921601 1.52152 0
      vertex 1.2019 1.2019 -8.8
      vertex 1.2019 1.2019 0
    endloop
  endfacet
  facet normal 0.946931 0.321438 0
    outer loop
      vertex 6.63926 4.34116 0
      vertex 6.50261 4.74372 -8.8
      vertex 6.50261 4.74372 0
    endloop
  endfacet
  facet normal 0.946931 0.321438 0
    outer loop
      vertex 6.50261 4.74372 -8.8
      vertex 6.63926 4.34116 0
      vertex 6.63926 4.34116 -8.8
    endloop
  endfacet
  facet normal 0.980784 0.195098 0
    outer loop
      vertex 6.7222 3.92421 0
      vertex 6.63926 4.34116 -8.8
      vertex 6.63926 4.34116 0
    endloop
  endfacet
  facet normal 0.980784 0.195098 0
    outer loop
      vertex 6.63926 4.34116 -8.8
      vertex 6.7222 3.92421 0
      vertex 6.7222 3.92421 -8.8
    endloop
  endfacet
  facet normal 0.751849 0.659335 0
    outer loop
      vertex 6.0784 5.47847 0
      vertex 5.7981 5.7981 -8.8
      vertex 5.7981 5.7981 0
    endloop
  endfacet
  facet normal 0.751849 0.659335 0
    outer loop
      vertex 5.7981 5.7981 -8.8
      vertex 6.0784 5.47847 0
      vertex 6.0784 5.47847 -8.8
    endloop
  endfacet
  facet normal 0.195098 0.980784 -0
    outer loop
      vertex 4.34116 6.63926 -8.8
      vertex 3.92421 6.7222 0
      vertex 4.34116 6.63926 0
    endloop
  endfacet
  facet normal 0.195098 0.980784 0
    outer loop
      vertex 3.92421 6.7222 0
      vertex 4.34116 6.63926 -8.8
      vertex 3.92421 6.7222 -8.8
    endloop
  endfacet
  facet normal 0.0653933 0.99786 -0
    outer loop
      vertex 3.92421 6.7222 -8.8
      vertex 3.5 6.75 0
      vertex 3.92421 6.7222 0
    endloop
  endfacet
  facet normal 0.0653933 0.99786 0
    outer loop
      vertex 3.5 6.75 0
      vertex 3.92421 6.7222 -8.8
      vertex 3.5 6.75 -8.8
    endloop
  endfacet
  facet normal 0.555568 0.831471 -0
    outer loop
      vertex 5.47847 6.0784 -8.8
      vertex 5.125 6.31458 0
      vertex 5.47847 6.0784 0
    endloop
  endfacet
  facet normal 0.555568 0.831471 0
    outer loop
      vertex 5.125 6.31458 0
      vertex 5.47847 6.0784 -8.8
      vertex 5.125 6.31458 -8.8
    endloop
  endfacet
  facet normal -0.997859 0.0654003 0
    outer loop
      vertex 0.25 3.5 -8.8
      vertex 0.277803 3.92421 0
      vertex 0.277803 3.92421 -8.8
    endloop
  endfacet
  facet normal -0.997859 0.0654003 0
    outer loop
      vertex 0.277803 3.92421 0
      vertex 0.25 3.5 -8.8
      vertex 0.25 3.5 0
    endloop
  endfacet
  facet normal 0 0 1
    outer loop
      vertex 4.8 3.5 0
      vertex 6.75 3.5 0
      vertex 6.7222 3.92421 0
    endloop
  endfacet
  facet normal 0 0 1
    outer loop
      vertex 4.78888 3.66968 0
      vertex 6.7222 3.92421 0
      vertex 6.63926 4.34116 0
    endloop
  endfacet
  facet normal 0 0 1
    outer loop
      vertex 6.75 3.5 0
      vertex 4.8 3.5 0
      vertex 6.7222 3.07579 0
    endloop
  endfacet
  facet normal 0 0 1
    outer loop
      vertex 4.7557 3.83646 0
      vertex 6.63926 4.34116 0
      vertex 6.50261 4.74372 0
    endloop
  endfacet
  facet normal -0 0 1
    outer loop
      vertex 4.78888 3.33032 0
      vertex 6.7222 3.07579 0
      vertex 4.8 3.5 0
    endloop
  endfacet
  facet normal 0 0 1
    outer loop
      vertex 4.70104 3.99749 0
      vertex 6.50261 4.74372 0
      vertex 6.31458 5.125 0
    endloop
  endfacet
  facet normal 0 0 1
    outer loop
      vertex 6.7222 3.07579 0
      vertex 4.78888 3.33032 0
      vertex 6.63926 2.65884 0
    endloop
  endfacet
  facet normal 0 0 1
    outer loop
      vertex 4.62583 4.15 0
      vertex 6.31458 5.125 0
      vertex 6.0784 5.47847 0
    endloop
  endfacet
  facet normal -0 0 1
    outer loop
      vertex 4.7557 3.16354 0
      vertex 6.63926 2.65884 0
      vertex 4.78888 3.33032 0
    endloop
  endfacet
  facet normal 0 0 1
    outer loop
      vertex 4.53136 4.29139 0
      vertex 6.0784 5.47847 0
      vertex 5.7981 5.7981 0
    endloop
  endfacet
  facet normal 0 0 1
    outer loop
      vertex 6.63926 2.65884 0
      vertex 4.7557 3.16354 0
      vertex 6.50261 2.25628 0
    endloop
  endfacet
  facet normal 0 0 1
    outer loop
      vertex 4.41924 4.41924 0
      vertex 5.7981 5.7981 0
      vertex 5.47847 6.0784 0
    endloop
  endfacet
  facet normal -0 0 1
    outer loop
      vertex 4.70104 3.00251 0
      vertex 6.50261 2.25628 0
      vertex 4.7557 3.16354 0
    endloop
  endfacet
  facet normal 0 0 1
    outer loop
      vertex 4.29139 4.53136 0
      vertex 5.47847 6.0784 0
      vertex 5.125 6.31458 0
    endloop
  endfacet
  facet normal 0 0 1
    outer loop
      vertex 6.50261 2.25628 0
      vertex 4.70104 3.00251 0
      vertex 6.31458 1.875 0
    endloop
  endfacet
  facet normal -0 0 1
    outer loop
      vertex 4.62583 2.85 0
      vertex 6.31458 1.875 0
      vertex 4.70104 3.00251 0
    endloop
  endfacet
  facet normal 0 0 1
    outer loop
      vertex 6.7222 3.92421 0
      vertex 4.78888 3.66968 0
      vertex 4.8 3.5 0
    endloop
  endfacet
  facet normal 0 0 1
    outer loop
      vertex 6.63926 4.34116 0
      vertex 4.7557 3.83646 0
      vertex 4.78888 3.66968 0
    endloop
  endfacet
  facet normal 0 0 1
    outer loop
      vertex 4.15 4.62583 0
      vertex 5.125 6.31458 0
      vertex 4.74372 6.50261 0
    endloop
  endfacet
  facet normal 0 0 1
    outer loop
      vertex 6.50261 4.74372 0
      vertex 4.70104 3.99749 0
      vertex 4.7557 3.83646 0
    endloop
  endfacet
  facet normal 0 0 1
    outer loop
      vertex 6.31458 5.125 0
      vertex 4.62583 4.15 0
      vertex 4.70104 3.99749 0
    endloop
  endfacet
  facet normal 0 0 1
    outer loop
      vertex 6.0784 5.47847 0
      vertex 4.53136 4.29139 0
      vertex 4.62583 4.15 0
    endloop
  endfacet
  facet normal 0 0 1
    outer loop
      vertex 5.7981 5.7981 0
      vertex 4.41924 4.41924 0
      vertex 4.53136 4.29139 0
    endloop
  endfacet
  facet normal 0 0 1
    outer loop
      vertex 3.99749 4.70104 0
      vertex 4.74372 6.50261 0
      vertex 4.34116 6.63926 0
    endloop
  endfacet
  facet normal 0 0 1
    outer loop
      vertex 5.47847 6.0784 0
      vertex 4.29139 4.53136 0
      vertex 4.41924 4.41924 0
    endloop
  endfacet
  facet normal 0 0 1
    outer loop
      vertex 5.125 6.31458 0
      vertex 4.15 4.62583 0
      vertex 4.29139 4.53136 0
    endloop
  endfacet
  facet normal 0 0 1
    outer loop
      vertex 4.74372 6.50261 0
      vertex 3.99749 4.70104 0
      vertex 4.15 4.62583 0
    endloop
  endfacet
  facet normal 0 0 1
    outer loop
      vertex 3.83646 4.7557 0
      vertex 4.34116 6.63926 0
      vertex 3.92421 6.7222 0
    endloop
  endfacet
  facet normal 0 0 1
    outer loop
      vertex 4.34116 6.63926 0
      vertex 3.83646 4.7557 0
      vertex 3.99749 4.70104 0
    endloop
  endfacet
  facet normal 0 0 1
    outer loop
      vertex 3.92421 6.7222 0
      vertex 3.66968 4.78888 0
      vertex 3.83646 4.7557 0
    endloop
  endfacet
  facet normal 0 0 1
    outer loop
      vertex 3.5 6.75 0
      vertex 3.66968 4.78888 0
      vertex 3.92421 6.7222 0
    endloop
  endfacet
  facet normal 0 0 1
    outer loop
      vertex 3.5 6.75 0
      vertex 3.5 4.8 0
      vertex 3.66968 4.78888 0
    endloop
  endfacet
  facet normal 0 0 1
    outer loop
      vertex 3.5 6.75 0
      vertex 3.33032 4.78888 0
      vertex 3.5 4.8 0
    endloop
  endfacet
  facet normal -0 0 1
    outer loop
      vertex 3.07579 6.7222 0
      vertex 3.33032 4.78888 0
      vertex 3.5 6.75 0
    endloop
  endfacet
  facet normal 0 0 1
    outer loop
      vertex 3.33032 4.78888 0
      vertex 3.07579 6.7222 0
      vertex 3.16354 4.7557 0
    endloop
  endfacet
  facet normal -0 0 1
    outer loop
      vertex 2.65884 6.63926 0
      vertex 3.16354 4.7557 0
      vertex 3.07579 6.7222 0
    endloop
  endfacet
  facet normal 0 0 1
    outer loop
      vertex 3.16354 4.7557 0
      vertex 2.65884 6.63926 0
      vertex 3.00251 4.70104 0
    endloop
  endfacet
  facet normal -0 0 1
    outer loop
      vertex 2.25628 6.50261 0
      vertex 3.00251 4.70104 0
      vertex 2.65884 6.63926 0
    endloop
  endfacet
  facet normal 0 0 1
    outer loop
      vertex 3.00251 4.70104 0
      vertex 2.25628 6.50261 0
      vertex 2.85 4.62583 0
    endloop
  endfacet
  facet normal -0 0 1
    outer loop
      vertex 1.875 6.31458 0
      vertex 2.85 4.62583 0
      vertex 2.25628 6.50261 0
    endloop
  endfacet
  facet normal 0 0 1
    outer loop
      vertex 2.85 4.62583 0
      vertex 1.875 6.31458 0
      vertex 2.70861 4.53136 0
    endloop
  endfacet
  facet normal -0 0 1
    outer loop
      vertex 1.52152 6.0784 0
      vertex 2.70861 4.53136 0
      vertex 1.875 6.31458 0
    endloop
  endfacet
  facet normal 0 0 1
    outer loop
      vertex 2.70861 4.53136 0
      vertex 1.52152 6.0784 0
      vertex 2.58076 4.41924 0
    endloop
  endfacet
  facet normal -0 0 1
    outer loop
      vertex 1.2019 5.7981 0
      vertex 2.58076 4.41924 0
      vertex 1.52152 6.0784 0
    endloop
  endfacet
  facet normal 0 0 1
    outer loop
      vertex 2.58076 4.41924 0
      vertex 1.2019 5.7981 0
      vertex 2.46864 4.29139 0
    endloop
  endfacet
  facet normal -0 0 1
    outer loop
      vertex 0.921601 5.47847 0
      vertex 2.46864 4.29139 0
      vertex 1.2019 5.7981 0
    endloop
  endfacet
  facet normal 0 0 1
    outer loop
      vertex 2.46864 4.29139 0
      vertex 0.921601 5.47847 0
      vertex 2.37417 4.15 0
    endloop
  endfacet
  facet normal -0 0 1
    outer loop
      vertex 0.685417 5.125 0
      vertex 2.37417 4.15 0
      vertex 0.921601 5.47847 0
    endloop
  endfacet
  facet normal 0 0 1
    outer loop
      vertex 6.31458 1.875 0
      vertex 4.62583 2.85 0
      vertex 6.0784 1.52152 0
    endloop
  endfacet
  facet normal -0 0 1
    outer loop
      vertex 4.53136 2.70861 0
      vertex 6.0784 1.52152 0
      vertex 4.62583 2.85 0
    endloop
  endfacet
  facet normal 0 0 1
    outer loop
      vertex 6.0784 1.52152 0
      vertex 4.53136 2.70861 0
      vertex 5.7981 1.2019 0
    endloop
  endfacet
  facet normal -0 0 1
    outer loop
      vertex 4.41924 2.58076 0
      vertex 5.7981 1.2019 0
      vertex 4.53136 2.70861 0
    endloop
  endfacet
  facet normal 0 0 1
    outer loop
      vertex 5.7981 1.2019 0
      vertex 4.41924 2.58076 0
      vertex 5.47847 0.921601 0
    endloop
  endfacet
  facet normal -0 0 1
    outer loop
      vertex 4.29139 2.46864 0
      vertex 5.47847 0.921601 0
      vertex 4.41924 2.58076 0
    endloop
  endfacet
  facet normal 0 0 1
    outer loop
      vertex 5.47847 0.921601 0
      vertex 4.29139 2.46864 0
      vertex 5.125 0.685417 0
    endloop
  endfacet
  facet normal -0 0 1
    outer loop
      vertex 4.15 2.37417 0
      vertex 5.125 0.685417 0
      vertex 4.29139 2.46864 0
    endloop
  endfacet
  facet normal 0 0 1
    outer loop
      vertex 5.125 0.685417 0
      vertex 4.15 2.37417 0
      vertex 4.74372 0.497391 0
    endloop
  endfacet
  facet normal -0 0 1
    outer loop
      vertex 3.99749 2.29896 0
      vertex 4.74372 0.497391 0
      vertex 4.15 2.37417 0
    endloop
  endfacet
  facet normal 0 0 1
    outer loop
      vertex 4.74372 0.497391 0
      vertex 3.99749 2.29896 0
      vertex 4.34116 0.360741 0
    endloop
  endfacet
  facet normal -0 0 1
    outer loop
      vertex 3.83646 2.2443 0
      vertex 4.34116 0.360741 0
      vertex 3.99749 2.29896 0
    endloop
  endfacet
  facet normal 0 0 1
    outer loop
      vertex 4.34116 0.360741 0
      vertex 3.83646 2.2443 0
      vertex 3.92421 0.277803 0
    endloop
  endfacet
  facet normal -0 0 1
    outer loop
      vertex 3.66968 2.21112 0
      vertex 3.92421 0.277803 0
      vertex 3.83646 2.2443 0
    endloop
  endfacet
  facet normal -0 0 1
    outer loop
      vertex 3.5 2.2 0
      vertex 3.92421 0.277803 0
      vertex 3.66968 2.21112 0
    endloop
  endfacet
  facet normal 0 0 1
    outer loop
      vertex 3.5 2.2 0
      vertex 3.5 0.25 0
      vertex 3.92421 0.277803 0
    endloop
  endfacet
  facet normal 0 0 1
    outer loop
      vertex 3.33032 2.21112 0
      vertex 3.5 0.25 0
      vertex 3.5 2.2 0
    endloop
  endfacet
  facet normal 0 0 1
    outer loop
      vertex 3.07579 0.277803 0
      vertex 3.33032 2.21112 0
      vertex 3.16354 2.2443 0
    endloop
  endfacet
  facet normal 0 0 1
    outer loop
      vertex 3.33032 2.21112 0
      vertex 3.07579 0.277803 0
      vertex 3.5 0.25 0
    endloop
  endfacet
  facet normal 0 0 1
    outer loop
      vertex 2.65884 0.360741 0
      vertex 3.16354 2.2443 0
      vertex 3.00251 2.29896 0
    endloop
  endfacet
  facet normal 0 0 1
    outer loop
      vertex 2.25628 0.497391 0
      vertex 3.00251 2.29896 0
      vertex 2.85 2.37417 0
    endloop
  endfacet
  facet normal 0 0 1
    outer loop
      vertex 1.875 0.685417 0
      vertex 2.85 2.37417 0
      vertex 2.70861 2.46864 0
    endloop
  endfacet
  facet normal 0 0 1
    outer loop
      vertex 3.16354 2.2443 0
      vertex 2.65884 0.360741 0
      vertex 3.07579 0.277803 0
    endloop
  endfacet
  facet normal 0 0 1
    outer loop
      vertex 1.52152 0.921601 0
      vertex 2.70861 2.46864 0
      vertex 2.58076 2.58076 0
    endloop
  endfacet
  facet normal 0 0 1
    outer loop
      vertex 1.2019 1.2019 0
      vertex 2.58076 2.58076 0
      vertex 2.46864 2.70861 0
    endloop
  endfacet
  facet normal 0 0 1
    outer loop
      vertex 0.921601 1.52152 0
      vertex 2.46864 2.70861 0
      vertex 2.37417 2.85 0
    endloop
  endfacet
  facet normal 0 0 1
    outer loop
      vertex 0.685417 1.875 0
      vertex 2.37417 2.85 0
      vertex 2.29896 3.00251 0
    endloop
  endfacet
  facet normal 0 0 1
    outer loop
      vertex 3.00251 2.29896 0
      vertex 2.25628 0.497391 0
      vertex 2.65884 0.360741 0
    endloop
  endfacet
  facet normal 0 0 1
    outer loop
      vertex 0.497391 2.25628 0
      vertex 2.29896 3.00251 0
      vertex 2.2443 3.16354 0
    endloop
  endfacet
  facet normal 0 0 1
    outer loop
      vertex 0.360741 2.65884 0
      vertex 2.2443 3.16354 0
      vertex 2.21112 3.33032 0
    endloop
  endfacet
  facet normal 0 0 1
    outer loop
      vertex 0.277803 3.07579 0
      vertex 2.21112 3.33032 0
      vertex 2.2 3.5 0
    endloop
  endfacet
  facet normal 0 0 1
    outer loop
      vertex 2.37417 4.15 0
      vertex 0.685417 5.125 0
      vertex 2.29896 3.99749 0
    endloop
  endfacet
  facet normal 0 0 1
    outer loop
      vertex 2.85 2.37417 0
      vertex 1.875 0.685417 0
      vertex 2.25628 0.497391 0
    endloop
  endfacet
  facet normal -0 0 1
    outer loop
      vertex 0.497391 4.74372 0
      vertex 2.29896 3.99749 0
      vertex 0.685417 5.125 0
    endloop
  endfacet
  facet normal 0 0 1
    outer loop
      vertex 2.70861 2.46864 0
      vertex 1.52152 0.921601 0
      vertex 1.875 0.685417 0
    endloop
  endfacet
  facet normal 0 0 1
    outer loop
      vertex 2.29896 3.99749 0
      vertex 0.497391 4.74372 0
      vertex 2.2443 3.83646 0
    endloop
  endfacet
  facet normal 0 0 1
    outer loop
      vertex 2.58076 2.58076 0
      vertex 1.2019 1.2019 0
      vertex 1.52152 0.921601 0
    endloop
  endfacet
  facet normal -0 0 1
    outer loop
      vertex 0.360741 4.34116 0
      vertex 2.2443 3.83646 0
      vertex 0.497391 4.74372 0
    endloop
  endfacet
  facet normal 0 0 1
    outer loop
      vertex 2.46864 2.70861 0
      vertex 0.921601 1.52152 0
      vertex 1.2019 1.2019 0
    endloop
  endfacet
  facet normal 0 0 1
    outer loop
      vertex 2.2443 3.83646 0
      vertex 0.360741 4.34116 0
      vertex 2.21112 3.66968 0
    endloop
  endfacet
  facet normal 0 0 1
    outer loop
      vertex 2.37417 2.85 0
      vertex 0.685417 1.875 0
      vertex 0.921601 1.52152 0
    endloop
  endfacet
  facet normal -0 0 1
    outer loop
      vertex 0.277803 3.92421 0
      vertex 2.21112 3.66968 0
      vertex 0.360741 4.34116 0
    endloop
  endfacet
  facet normal 0 0 1
    outer loop
      vertex 2.29896 3.00251 0
      vertex 0.497391 2.25628 0
      vertex 0.685417 1.875 0
    endloop
  endfacet
  facet normal 0 0 1
    outer loop
      vertex 2.21112 3.66968 0
      vertex 0.277803 3.92421 0
      vertex 2.2 3.5 0
    endloop
  endfacet
  facet normal 0 0 1
    outer loop
      vertex 2.2443 3.16354 0
      vertex 0.360741 2.65884 0
      vertex 0.497391 2.25628 0
    endloop
  endfacet
  facet normal 0 0 1
    outer loop
      vertex 0.25 3.5 0
      vertex 2.2 3.5 0
      vertex 0.277803 3.92421 0
    endloop
  endfacet
  facet normal 0 0 1
    outer loop
      vertex 2.21112 3.33032 0
      vertex 0.277803 3.07579 0
      vertex 0.360741 2.65884 0
    endloop
  endfacet
  facet normal 0 0 1
    outer loop
      vertex 2.2 3.5 0
      vertex 0.25 3.5 0
      vertex 0.277803 3.07579 0
    endloop
  endfacet
  facet normal -0.195098 0.980784 0
    outer loop
      vertex 3.07579 6.7222 -8.8
      vertex 2.65884 6.63926 0
      vertex 3.07579 6.7222 0
    endloop
  endfacet
  facet normal -0.195098 0.980784 0
    outer loop
      vertex 2.65884 6.63926 0
      vertex 3.07579 6.7222 -8.8
      vertex 2.65884 6.63926 -8.8
    endloop
  endfacet
  facet normal 0.99786 -0.0653933 0
    outer loop
      vertex 6.7222 3.07579 0
      vertex 6.75 3.5 -8.8
      vertex 6.75 3.5 0
    endloop
  endfacet
  facet normal 0.99786 -0.0653933 0
    outer loop
      vertex 6.75 3.5 -8.8
      vertex 6.7222 3.07579 0
      vertex 6.7222 3.07579 -8.8
    endloop
  endfacet
  facet normal 0.195094 -0.980785 0
    outer loop
      vertex 3.92421 0.277803 -8.8
      vertex 4.34116 0.360741 0
      vertex 3.92421 0.277803 0
    endloop
  endfacet
  facet normal 0.195094 -0.980785 0
    outer loop
      vertex 4.34116 0.360741 0
      vertex 3.92421 0.277803 -8.8
      vertex 4.34116 0.360741 -8.8
    endloop
  endfacet
  facet normal 0.442288 -0.896873 0
    outer loop
      vertex 4.74372 0.497391 -8.8
      vertex 5.125 0.685417 0
      vertex 4.74372 0.497391 0
    endloop
  endfacet
  facet normal 0.442288 -0.896873 0
    outer loop
      vertex 5.125 0.685417 0
      vertex 4.74372 0.497391 -8.8
      vertex 5.125 0.685417 -8.8
    endloop
  endfacet
  facet normal 0.659334 -0.75185 0
    outer loop
      vertex 5.47847 0.921601 -8.8
      vertex 5.7981 1.2019 0
      vertex 5.47847 0.921601 0
    endloop
  endfacet
  facet normal 0.659334 -0.75185 0
    outer loop
      vertex 5.7981 1.2019 0
      vertex 5.47847 0.921601 -8.8
      vertex 5.7981 1.2019 -8.8
    endloop
  endfacet
  facet normal 0.831478 -0.555558 0
    outer loop
      vertex 6.0784 1.52152 0
      vertex 6.31458 1.875 -8.8
      vertex 6.31458 1.875 0
    endloop
  endfacet
  facet normal 0.831478 -0.555558 0
    outer loop
      vertex 6.31458 1.875 -8.8
      vertex 6.0784 1.52152 0
      vertex 6.0784 1.52152 -8.8
    endloop
  endfacet
  facet normal -0.442288 -0.896873 0
    outer loop
      vertex 1.875 0.685417 -8.8
      vertex 2.25628 0.497391 0
      vertex 1.875 0.685417 0
    endloop
  endfacet
  facet normal -0.442288 -0.896873 -0
    outer loop
      vertex 2.25628 0.497391 0
      vertex 1.875 0.685417 -8.8
      vertex 2.25628 0.497391 -8.8
    endloop
  endfacet
  facet normal -0.555564 -0.831474 0
    outer loop
      vertex 1.52152 0.921601 -8.8
      vertex 1.875 0.685417 0
      vertex 1.52152 0.921601 0
    endloop
  endfacet
  facet normal -0.555564 -0.831474 -0
    outer loop
      vertex 1.875 0.685417 0
      vertex 1.52152 0.921601 -8.8
      vertex 1.875 0.685417 -8.8
    endloop
  endfacet
  facet normal -0.0654003 -0.997859 0
    outer loop
      vertex 3.07579 0.277803 -8.8
      vertex 3.5 0.25 0
      vertex 3.07579 0.277803 0
    endloop
  endfacet
  facet normal -0.0654003 -0.997859 -0
    outer loop
      vertex 3.5 0.25 0
      vertex 3.07579 0.277803 -8.8
      vertex 3.5 0.25 -8.8
    endloop
  endfacet
  facet normal -0.659346 -0.75184 0
    outer loop
      vertex 1.2019 1.2019 -8.8
      vertex 1.52152 0.921601 0
      vertex 1.2019 1.2019 0
    endloop
  endfacet
  facet normal -0.659346 -0.75184 -0
    outer loop
      vertex 1.52152 0.921601 0
      vertex 1.2019 1.2019 -8.8
      vertex 1.52152 0.921601 -8.8
    endloop
  endfacet
  facet normal -0.896873 -0.442288 0
    outer loop
      vertex 0.685417 1.875 -8.8
      vertex 0.497391 2.25628 0
      vertex 0.497391 2.25628 -8.8
    endloop
  endfacet
  facet normal -0.896873 -0.442288 0
    outer loop
      vertex 0.497391 2.25628 0
      vertex 0.685417 1.875 -8.8
      vertex 0.685417 1.875 0
    endloop
  endfacet
  facet normal -0.980785 -0.195094 0
    outer loop
      vertex 0.360741 2.65884 -8.8
      vertex 0.277803 3.07579 0
      vertex 0.277803 3.07579 -8.8
    endloop
  endfacet
  facet normal -0.980785 -0.195094 0
    outer loop
      vertex 0.277803 3.07579 0
      vertex 0.360741 2.65884 -8.8
      vertex 0.360741 2.65884 0
    endloop
  endfacet
  facet normal -0.831466 0.555575 0
    outer loop
      vertex 0.685417 5.125 -8.8
      vertex 0.921601 5.47847 0
      vertex 0.921601 5.47847 -8.8
    endloop
  endfacet
  facet normal -0.831466 0.555575 0
    outer loop
      vertex 0.921601 5.47847 0
      vertex 0.685417 5.125 -8.8
      vertex 0.685417 5.125 0
    endloop
  endfacet
  facet normal -0.997859 -0.0654003 0
    outer loop
      vertex 0.277803 3.07579 -8.8
      vertex 0.25 3.5 0
      vertex 0.25 3.5 -8.8
    endloop
  endfacet
  facet normal -0.997859 -0.0654003 0
    outer loop
      vertex 0.25 3.5 0
      vertex 0.277803 3.07579 -8.8
      vertex 0.277803 3.07579 0
    endloop
  endfacet
  facet normal -0.659347 0.751839 0
    outer loop
      vertex 1.52152 6.0784 -8.8
      vertex 1.2019 5.7981 0
      vertex 1.52152 6.0784 0
    endloop
  endfacet
  facet normal -0.659347 0.751839 0
    outer loop
      vertex 1.2019 5.7981 0
      vertex 1.52152 6.0784 -8.8
      vertex 1.2019 5.7981 -8.8
    endloop
  endfacet
  facet normal 0.321438 -0.946931 0
    outer loop
      vertex 4.34116 0.360741 -8.8
      vertex 4.74372 0.497391 0
      vertex 4.34116 0.360741 0
    endloop
  endfacet
  facet normal 0.321438 -0.946931 0
    outer loop
      vertex 4.74372 0.497391 0
      vertex 4.34116 0.360741 -8.8
      vertex 4.74372 0.497391 -8.8
    endloop
  endfacet
  facet normal 0.980784 -0.195098 0
    outer loop
      vertex 6.63926 2.65884 0
      vertex 6.7222 3.07579 -8.8
      vertex 6.7222 3.07579 0
    endloop
  endfacet
  facet normal 0.980784 -0.195098 0
    outer loop
      vertex 6.7222 3.07579 -8.8
      vertex 6.63926 2.65884 0
      vertex 6.63926 2.65884 -8.8
    endloop
  endfacet
  facet normal -0.946931 -0.321438 0
    outer loop
      vertex 0.497391 2.25628 -8.8
      vertex 0.360741 2.65884 0
      vertex 0.360741 2.65884 -8.8
    endloop
  endfacet
  facet normal -0.946931 -0.321438 0
    outer loop
      vertex 0.360741 2.65884 0
      vertex 0.497391 2.25628 -8.8
      vertex 0.497391 2.25628 0
    endloop
  endfacet
  facet normal 0.99786 0.0653933 0
    outer loop
      vertex 61.75 3.5 0
      vertex 61.7222 3.92421 -8.8
      vertex 61.7222 3.92421 0
    endloop
  endfacet
  facet normal 0.99786 0.0653933 0
    outer loop
      vertex 61.7222 3.92421 -8.8
      vertex 61.75 3.5 0
      vertex 61.75 3.5 -8.8
    endloop
  endfacet
  facet normal -0.0653948 0.997859 0
    outer loop
      vertex 58.5 6.75 -8.8
      vertex 58.0758 6.7222 0
      vertex 58.5 6.75 0
    endloop
  endfacet
  facet normal -0.0653948 0.997859 0
    outer loop
      vertex 58.0758 6.7222 0
      vertex 58.5 6.75 -8.8
      vertex 58.0758 6.7222 -8.8
    endloop
  endfacet
  facet normal 0.0654019 -0.997859 0
    outer loop
      vertex 58.5 0.25 -8.8
      vertex 58.9242 0.277803 0
      vertex 58.5 0.25 0
    endloop
  endfacet
  facet normal 0.0654019 -0.997859 0
    outer loop
      vertex 58.9242 0.277803 0
      vertex 58.5 0.25 -8.8
      vertex 58.9242 0.277803 -8.8
    endloop
  endfacet
  facet normal 0.65937 0.751818 -0
    outer loop
      vertex 60.7981 5.7981 -8.8
      vertex 60.4785 6.0784 0
      vertex 60.7981 5.7981 0
    endloop
  endfacet
  facet normal 0.65937 0.751818 0
    outer loop
      vertex 60.4785 6.0784 0
      vertex 60.7981 5.7981 -8.8
      vertex 60.4785 6.0784 -8.8
    endloop
  endfacet
  facet normal -0.751849 0.659335 0
    outer loop
      vertex 55.9216 5.47847 -8.8
      vertex 56.2019 5.7981 0
      vertex 56.2019 5.7981 -8.8
    endloop
  endfacet
  facet normal -0.751849 0.659335 0
    outer loop
      vertex 56.2019 5.7981 0
      vertex 55.9216 5.47847 -8.8
      vertex 55.9216 5.47847 0
    endloop
  endfacet
  facet normal -0.442277 0.896879 0
    outer loop
      vertex 57.2563 6.50261 -8.8
      vertex 56.875 6.31458 0
      vertex 57.2563 6.50261 0
    endloop
  endfacet
  facet normal -0.442277 0.896879 0
    outer loop
      vertex 56.875 6.31458 0
      vertex 57.2563 6.50261 -8.8
      vertex 56.875 6.31458 -8.8
    endloop
  endfacet
  facet normal 0.896897 0.442239 0
    outer loop
      vertex 61.5026 4.74372 0
      vertex 61.3146 5.125 -8.8
      vertex 61.3146 5.125 0
    endloop
  endfacet
  facet normal 0.896897 0.442239 0
    outer loop
      vertex 61.3146 5.125 -8.8
      vertex 61.5026 4.74372 0
      vertex 61.5026 4.74372 -8.8
    endloop
  endfacet
  facet normal 0.831449 0.555601 0
    outer loop
      vertex 61.3146 5.125 0
      vertex 61.0784 5.47847 -8.8
      vertex 61.0784 5.47847 0
    endloop
  endfacet
  facet normal 0.831449 0.555601 0
    outer loop
      vertex 61.0784 5.47847 -8.8
      vertex 61.3146 5.125 0
      vertex 61.3146 5.125 -8.8
    endloop
  endfacet
  facet normal 0.321481 0.946916 -0
    outer loop
      vertex 59.7437 6.50261 -8.8
      vertex 59.3412 6.63926 0
      vertex 59.7437 6.50261 0
    endloop
  endfacet
  facet normal 0.321481 0.946916 0
    outer loop
      vertex 59.3412 6.63926 0
      vertex 59.7437 6.50261 -8.8
      vertex 59.3412 6.63926 -8.8
    endloop
  endfacet
  facet normal 0.442277 0.896879 -0
    outer loop
      vertex 60.125 6.31458 -8.8
      vertex 59.7437 6.50261 0
      vertex 60.125 6.31458 0
    endloop
  endfacet
  facet normal 0.442277 0.896879 0
    outer loop
      vertex 59.7437 6.50261 0
      vertex 60.125 6.31458 -8.8
      vertex 59.7437 6.50261 -8.8
    endloop
  endfacet
  facet normal -0.946895 0.321543 0
    outer loop
      vertex 55.3607 4.34116 -8.8
      vertex 55.4974 4.74372 0
      vertex 55.4974 4.74372 -8.8
    endloop
  endfacet
  facet normal -0.946895 0.321543 0
    outer loop
      vertex 55.4974 4.74372 0
      vertex 55.3607 4.34116 -8.8
      vertex 55.3607 4.34116 0
    endloop
  endfacet
  facet normal -0.896897 0.442239 0
    outer loop
      vertex 55.4974 4.74372 -8.8
      vertex 55.6854 5.125 0
      vertex 55.6854 5.125 -8.8
    endloop
  endfacet
  facet normal -0.896897 0.442239 0
    outer loop
      vertex 55.6854 5.125 0
      vertex 55.4974 4.74372 -8.8
      vertex 55.4974 4.74372 0
    endloop
  endfacet
  facet normal -0.980802 0.195008 0
    outer loop
      vertex 55.2778 3.92421 -8.8
      vertex 55.3607 4.34116 0
      vertex 55.3607 4.34116 -8.8
    endloop
  endfacet
  facet normal -0.980802 0.195008 0
    outer loop
      vertex 55.3607 4.34116 0
      vertex 55.2778 3.92421 -8.8
      vertex 55.2778 3.92421 0
    endloop
  endfacet
  facet normal -0.555536 0.831493 0
    outer loop
      vertex 56.875 6.31458 -8.8
      vertex 56.5215 6.0784 0
      vertex 56.875 6.31458 0
    endloop
  endfacet
  facet normal -0.555536 0.831493 0
    outer loop
      vertex 56.5215 6.0784 0
      vertex 56.875 6.31458 -8.8
      vertex 56.5215 6.0784 -8.8
    endloop
  endfacet
  facet normal -0.321481 0.946916 0
    outer loop
      vertex 57.6588 6.63926 -8.8
      vertex 57.2563 6.50261 0
      vertex 57.6588 6.63926 0
    endloop
  endfacet
  facet normal -0.321481 0.946916 0
    outer loop
      vertex 57.2563 6.50261 0
      vertex 57.6588 6.63926 -8.8
      vertex 57.2563 6.50261 -8.8
    endloop
  endfacet
  facet normal 0.946895 -0.321543 0
    outer loop
      vertex 61.5026 2.25628 0
      vertex 61.6393 2.65884 -8.8
      vertex 61.6393 2.65884 0
    endloop
  endfacet
  facet normal 0.946895 -0.321543 0
    outer loop
      vertex 61.6393 2.65884 -8.8
      vertex 61.5026 2.25628 0
      vertex 61.5026 2.25628 -8.8
    endloop
  endfacet
  facet normal 0.751839 -0.659347 0
    outer loop
      vertex 60.7981 1.2019 0
      vertex 61.0784 1.52152 -8.8
      vertex 61.0784 1.52152 0
    endloop
  endfacet
  facet normal 0.751839 -0.659347 0
    outer loop
      vertex 61.0784 1.52152 -8.8
      vertex 60.7981 1.2019 0
      vertex 60.7981 1.2019 -8.8
    endloop
  endfacet
  facet normal 0.555542 -0.831488 0
    outer loop
      vertex 60.125 0.685417 -8.8
      vertex 60.4785 0.921601 0
      vertex 60.125 0.685417 0
    endloop
  endfacet
  facet normal 0.555542 -0.831488 0
    outer loop
      vertex 60.4785 0.921601 0
      vertex 60.125 0.685417 -8.8
      vertex 60.4785 0.921601 -8.8
    endloop
  endfacet
  facet normal 0.896897 -0.442239 0
    outer loop
      vertex 61.3146 1.875 0
      vertex 61.5026 2.25628 -8.8
      vertex 61.5026 2.25628 0
    endloop
  endfacet
  facet normal 0.896897 -0.442239 0
    outer loop
      vertex 61.5026 2.25628 -8.8
      vertex 61.3146 1.875 0
      vertex 61.3146 1.875 -8.8
    endloop
  endfacet
  facet normal -0.321481 -0.946916 0
    outer loop
      vertex 57.2563 0.497391 -8.8
      vertex 57.6588 0.360741 0
      vertex 57.2563 0.497391 0
    endloop
  endfacet
  facet normal -0.321481 -0.946916 -0
    outer loop
      vertex 57.6588 0.360741 0
      vertex 57.2563 0.497391 -8.8
      vertex 57.6588 0.360741 -8.8
    endloop
  endfacet
  facet normal -0.195071 -0.980789 0
    outer loop
      vertex 57.6588 0.360741 -8.8
      vertex 58.0758 0.277803 0
      vertex 57.6588 0.360741 0
    endloop
  endfacet
  facet normal -0.195071 -0.980789 -0
    outer loop
      vertex 58.0758 0.277803 0
      vertex 57.6588 0.360741 -8.8
      vertex 58.0758 0.277803 -8.8
    endloop
  endfacet
  facet normal -0.831456 -0.55559 0
    outer loop
      vertex 55.9216 1.52152 -8.8
      vertex 55.6854 1.875 0
      vertex 55.6854 1.875 -8.8
    endloop
  endfacet
  facet normal -0.831456 -0.55559 0
    outer loop
      vertex 55.6854 1.875 0
      vertex 55.9216 1.52152 -8.8
      vertex 55.9216 1.52152 0
    endloop
  endfacet
  facet normal -0.751839 -0.659347 0
    outer loop
      vertex 56.2019 1.2019 -8.8
      vertex 55.9216 1.52152 0
      vertex 55.9216 1.52152 -8.8
    endloop
  endfacet
  facet normal -0.751839 -0.659347 0
    outer loop
      vertex 55.9216 1.52152 0
      vertex 56.2019 1.2019 -8.8
      vertex 56.2019 1.2019 0
    endloop
  endfacet
  facet normal 0.946895 0.321543 0
    outer loop
      vertex 61.6393 4.34116 0
      vertex 61.5026 4.74372 -8.8
      vertex 61.5026 4.74372 0
    endloop
  endfacet
  facet normal 0.946895 0.321543 0
    outer loop
      vertex 61.5026 4.74372 -8.8
      vertex 61.6393 4.34116 0
      vertex 61.6393 4.34116 -8.8
    endloop
  endfacet
  facet normal 0.980802 0.195008 0
    outer loop
      vertex 61.7222 3.92421 0
      vertex 61.6393 4.34116 -8.8
      vertex 61.6393 4.34116 0
    endloop
  endfacet
  facet normal 0.980802 0.195008 0
    outer loop
      vertex 61.6393 4.34116 -8.8
      vertex 61.7222 3.92421 0
      vertex 61.7222 3.92421 -8.8
    endloop
  endfacet
  facet normal 0.0653948 0.997859 -0
    outer loop
      vertex 58.9242 6.7222 -8.8
      vertex 58.5 6.75 0
      vertex 58.9242 6.7222 0
    endloop
  endfacet
  facet normal 0.0653948 0.997859 0
    outer loop
      vertex 58.5 6.75 0
      vertex 58.9242 6.7222 -8.8
      vertex 58.5 6.75 -8.8
    endloop
  endfacet
  facet normal 0.555536 0.831493 -0
    outer loop
      vertex 60.4785 6.0784 -8.8
      vertex 60.125 6.31458 0
      vertex 60.4785 6.0784 0
    endloop
  endfacet
  facet normal 0.555536 0.831493 0
    outer loop
      vertex 60.125 6.31458 0
      vertex 60.4785 6.0784 -8.8
      vertex 60.125 6.31458 -8.8
    endloop
  endfacet
  facet normal -0.99786 0.0653933 0
    outer loop
      vertex 55.25 3.5 -8.8
      vertex 55.2778 3.92421 0
      vertex 55.2778 3.92421 -8.8
    endloop
  endfacet
  facet normal -0.99786 0.0653933 0
    outer loop
      vertex 55.2778 3.92421 0
      vertex 55.25 3.5 -8.8
      vertex 55.25 3.5 0
    endloop
  endfacet
  facet normal 0 0 1
    outer loop
      vertex 59.8 3.5 0
      vertex 61.75 3.5 0
      vertex 61.7222 3.92421 0
    endloop
  endfacet
  facet normal 0 0 1
    outer loop
      vertex 59.7889 3.66968 0
      vertex 61.7222 3.92421 0
      vertex 61.6393 4.34116 0
    endloop
  endfacet
  facet normal 0 0 1
    outer loop
      vertex 61.75 3.5 0
      vertex 59.8 3.5 0
      vertex 61.7222 3.07579 0
    endloop
  endfacet
  facet normal 0 0 1
    outer loop
      vertex 59.7557 3.83646 0
      vertex 61.6393 4.34116 0
      vertex 61.5026 4.74372 0
    endloop
  endfacet
  facet normal -0 0 1
    outer loop
      vertex 59.7889 3.33032 0
      vertex 61.7222 3.07579 0
      vertex 59.8 3.5 0
    endloop
  endfacet
  facet normal 0 0 1
    outer loop
      vertex 59.701 3.99749 0
      vertex 61.5026 4.74372 0
      vertex 61.3146 5.125 0
    endloop
  endfacet
  facet normal 0 0 1
    outer loop
      vertex 61.7222 3.07579 0
      vertex 59.7889 3.33032 0
      vertex 61.6393 2.65884 0
    endloop
  endfacet
  facet normal 0 0 1
    outer loop
      vertex 59.6258 4.15 0
      vertex 61.3146 5.125 0
      vertex 61.0784 5.47847 0
    endloop
  endfacet
  facet normal -0 0 1
    outer loop
      vertex 59.7557 3.16354 0
      vertex 61.6393 2.65884 0
      vertex 59.7889 3.33032 0
    endloop
  endfacet
  facet normal 0 0 1
    outer loop
      vertex 59.5314 4.29139 0
      vertex 61.0784 5.47847 0
      vertex 60.7981 5.7981 0
    endloop
  endfacet
  facet normal 0 0 1
    outer loop
      vertex 61.6393 2.65884 0
      vertex 59.7557 3.16354 0
      vertex 61.5026 2.25628 0
    endloop
  endfacet
  facet normal 0 0 1
    outer loop
      vertex 59.4192 4.41924 0
      vertex 60.7981 5.7981 0
      vertex 60.4785 6.0784 0
    endloop
  endfacet
  facet normal -0 0 1
    outer loop
      vertex 59.701 3.00251 0
      vertex 61.5026 2.25628 0
      vertex 59.7557 3.16354 0
    endloop
  endfacet
  facet normal 0 0 1
    outer loop
      vertex 59.2914 4.53136 0
      vertex 60.4785 6.0784 0
      vertex 60.125 6.31458 0
    endloop
  endfacet
  facet normal 0 0 1
    outer loop
      vertex 61.5026 2.25628 0
      vertex 59.701 3.00251 0
      vertex 61.3146 1.875 0
    endloop
  endfacet
  facet normal -0 0 1
    outer loop
      vertex 59.6258 2.85 0
      vertex 61.3146 1.875 0
      vertex 59.701 3.00251 0
    endloop
  endfacet
  facet normal 0 0 1
    outer loop
      vertex 61.7222 3.92421 0
      vertex 59.7889 3.66968 0
      vertex 59.8 3.5 0
    endloop
  endfacet
  facet normal 0 0 1
    outer loop
      vertex 61.6393 4.34116 0
      vertex 59.7557 3.83646 0
      vertex 59.7889 3.66968 0
    endloop
  endfacet
  facet normal 0 0 1
    outer loop
      vertex 59.15 4.62583 0
      vertex 60.125 6.31458 0
      vertex 59.7437 6.50261 0
    endloop
  endfacet
  facet normal 0 0 1
    outer loop
      vertex 61.5026 4.74372 0
      vertex 59.701 3.99749 0
      vertex 59.7557 3.83646 0
    endloop
  endfacet
  facet normal 0 0 1
    outer loop
      vertex 61.3146 5.125 0
      vertex 59.6258 4.15 0
      vertex 59.701 3.99749 0
    endloop
  endfacet
  facet normal 0 0 1
    outer loop
      vertex 61.0784 5.47847 0
      vertex 59.5314 4.29139 0
      vertex 59.6258 4.15 0
    endloop
  endfacet
  facet normal 0 0 1
    outer loop
      vertex 60.7981 5.7981 0
      vertex 59.4192 4.41924 0
      vertex 59.5314 4.29139 0
    endloop
  endfacet
  facet normal 0 0 1
    outer loop
      vertex 58.9975 4.70104 0
      vertex 59.7437 6.50261 0
      vertex 59.3412 6.63926 0
    endloop
  endfacet
  facet normal 0 0 1
    outer loop
      vertex 60.4785 6.0784 0
      vertex 59.2914 4.53136 0
      vertex 59.4192 4.41924 0
    endloop
  endfacet
  facet normal 0 0 1
    outer loop
      vertex 60.125 6.31458 0
      vertex 59.15 4.62583 0
      vertex 59.2914 4.53136 0
    endloop
  endfacet
  facet normal 0 0 1
    outer loop
      vertex 59.7437 6.50261 0
      vertex 58.9975 4.70104 0
      vertex 59.15 4.62583 0
    endloop
  endfacet
  facet normal 0 0 1
    outer loop
      vertex 58.8365 4.7557 0
      vertex 59.3412 6.63926 0
      vertex 58.9242 6.7222 0
    endloop
  endfacet
  facet normal 0 0 1
    outer loop
      vertex 59.3412 6.63926 0
      vertex 58.8365 4.7557 0
      vertex 58.9975 4.70104 0
    endloop
  endfacet
  facet normal 0 0 1
    outer loop
      vertex 58.9242 6.7222 0
      vertex 58.6697 4.78888 0
      vertex 58.8365 4.7557 0
    endloop
  endfacet
  facet normal 0 0 1
    outer loop
      vertex 58.5 6.75 0
      vertex 58.6697 4.78888 0
      vertex 58.9242 6.7222 0
    endloop
  endfacet
  facet normal 0 0 1
    outer loop
      vertex 58.5 6.75 0
      vertex 58.5 4.8 0
      vertex 58.6697 4.78888 0
    endloop
  endfacet
  facet normal 0 0 1
    outer loop
      vertex 58.5 6.75 0
      vertex 58.3303 4.78888 0
      vertex 58.5 4.8 0
    endloop
  endfacet
  facet normal -0 0 1
    outer loop
      vertex 58.0758 6.7222 0
      vertex 58.3303 4.78888 0
      vertex 58.5 6.75 0
    endloop
  endfacet
  facet normal 0 0 1
    outer loop
      vertex 58.3303 4.78888 0
      vertex 58.0758 6.7222 0
      vertex 58.1635 4.7557 0
    endloop
  endfacet
  facet normal -0 0 1
    outer loop
      vertex 57.6588 6.63926 0
      vertex 58.1635 4.7557 0
      vertex 58.0758 6.7222 0
    endloop
  endfacet
  facet normal 0 0 1
    outer loop
      vertex 58.1635 4.7557 0
      vertex 57.6588 6.63926 0
      vertex 58.0025 4.70104 0
    endloop
  endfacet
  facet normal -0 0 1
    outer loop
      vertex 57.2563 6.50261 0
      vertex 58.0025 4.70104 0
      vertex 57.6588 6.63926 0
    endloop
  endfacet
  facet normal 0 0 1
    outer loop
      vertex 58.0025 4.70104 0
      vertex 57.2563 6.50261 0
      vertex 57.85 4.62583 0
    endloop
  endfacet
  facet normal -0 0 1
    outer loop
      vertex 56.875 6.31458 0
      vertex 57.85 4.62583 0
      vertex 57.2563 6.50261 0
    endloop
  endfacet
  facet normal 0 0 1
    outer loop
      vertex 57.85 4.62583 0
      vertex 56.875 6.31458 0
      vertex 57.7086 4.53136 0
    endloop
  endfacet
  facet normal -0 0 1
    outer loop
      vertex 56.5215 6.0784 0
      vertex 57.7086 4.53136 0
      vertex 56.875 6.31458 0
    endloop
  endfacet
  facet normal 0 0 1
    outer loop
      vertex 57.7086 4.53136 0
      vertex 56.5215 6.0784 0
      vertex 57.5808 4.41924 0
    endloop
  endfacet
  facet normal -0 0 1
    outer loop
      vertex 56.2019 5.7981 0
      vertex 57.5808 4.41924 0
      vertex 56.5215 6.0784 0
    endloop
  endfacet
  facet normal 0 0 1
    outer loop
      vertex 57.5808 4.41924 0
      vertex 56.2019 5.7981 0
      vertex 57.4686 4.29139 0
    endloop
  endfacet
  facet normal -0 0 1
    outer loop
      vertex 55.9216 5.47847 0
      vertex 57.4686 4.29139 0
      vertex 56.2019 5.7981 0
    endloop
  endfacet
  facet normal 0 0 1
    outer loop
      vertex 57.4686 4.29139 0
      vertex 55.9216 5.47847 0
      vertex 57.3742 4.15 0
    endloop
  endfacet
  facet normal -0 0 1
    outer loop
      vertex 55.6854 5.125 0
      vertex 57.3742 4.15 0
      vertex 55.9216 5.47847 0
    endloop
  endfacet
  facet normal 0 0 1
    outer loop
      vertex 61.3146 1.875 0
      vertex 59.6258 2.85 0
      vertex 61.0784 1.52152 0
    endloop
  endfacet
  facet normal -0 0 1
    outer loop
      vertex 59.5314 2.70861 0
      vertex 61.0784 1.52152 0
      vertex 59.6258 2.85 0
    endloop
  endfacet
  facet normal 0 0 1
    outer loop
      vertex 61.0784 1.52152 0
      vertex 59.5314 2.70861 0
      vertex 60.7981 1.2019 0
    endloop
  endfacet
  facet normal -0 0 1
    outer loop
      vertex 59.4192 2.58076 0
      vertex 60.7981 1.2019 0
      vertex 59.5314 2.70861 0
    endloop
  endfacet
  facet normal 0 0 1
    outer loop
      vertex 60.7981 1.2019 0
      vertex 59.4192 2.58076 0
      vertex 60.4785 0.921601 0
    endloop
  endfacet
  facet normal -0 0 1
    outer loop
      vertex 59.2914 2.46864 0
      vertex 60.4785 0.921601 0
      vertex 59.4192 2.58076 0
    endloop
  endfacet
  facet normal 0 0 1
    outer loop
      vertex 60.4785 0.921601 0
      vertex 59.2914 2.46864 0
      vertex 60.125 0.685417 0
    endloop
  endfacet
  facet normal -0 0 1
    outer loop
      vertex 59.15 2.37417 0
      vertex 60.125 0.685417 0
      vertex 59.2914 2.46864 0
    endloop
  endfacet
  facet normal 0 0 1
    outer loop
      vertex 60.125 0.685417 0
      vertex 59.15 2.37417 0
      vertex 59.7437 0.497391 0
    endloop
  endfacet
  facet normal -0 0 1
    outer loop
      vertex 58.9975 2.29896 0
      vertex 59.7437 0.497391 0
      vertex 59.15 2.37417 0
    endloop
  endfacet
  facet normal 0 0 1
    outer loop
      vertex 59.7437 0.497391 0
      vertex 58.9975 2.29896 0
      vertex 59.3412 0.360741 0
    endloop
  endfacet
  facet normal -0 0 1
    outer loop
      vertex 58.8365 2.2443 0
      vertex 59.3412 0.360741 0
      vertex 58.9975 2.29896 0
    endloop
  endfacet
  facet normal 0 0 1
    outer loop
      vertex 59.3412 0.360741 0
      vertex 58.8365 2.2443 0
      vertex 58.9242 0.277803 0
    endloop
  endfacet
  facet normal -0 0 1
    outer loop
      vertex 58.6697 2.21112 0
      vertex 58.9242 0.277803 0
      vertex 58.8365 2.2443 0
    endloop
  endfacet
  facet normal -0 0 1
    outer loop
      vertex 58.5 2.2 0
      vertex 58.9242 0.277803 0
      vertex 58.6697 2.21112 0
    endloop
  endfacet
  facet normal 0 0 1
    outer loop
      vertex 58.5 2.2 0
      vertex 58.5 0.25 0
      vertex 58.9242 0.277803 0
    endloop
  endfacet
  facet normal 0 0 1
    outer loop
      vertex 58.3303 2.21112 0
      vertex 58.5 0.25 0
      vertex 58.5 2.2 0
    endloop
  endfacet
  facet normal 0 0 1
    outer loop
      vertex 58.0758 0.277803 0
      vertex 58.3303 2.21112 0
      vertex 58.1635 2.2443 0
    endloop
  endfacet
  facet normal 0 0 1
    outer loop
      vertex 58.3303 2.21112 0
      vertex 58.0758 0.277803 0
      vertex 58.5 0.25 0
    endloop
  endfacet
  facet normal 0 0 1
    outer loop
      vertex 57.6588 0.360741 0
      vertex 58.1635 2.2443 0
      vertex 58.0025 2.29896 0
    endloop
  endfacet
  facet normal 0 0 1
    outer loop
      vertex 57.2563 0.497391 0
      vertex 58.0025 2.29896 0
      vertex 57.85 2.37417 0
    endloop
  endfacet
  facet normal 0 0 1
    outer loop
      vertex 56.875 0.685417 0
      vertex 57.85 2.37417 0
      vertex 57.7086 2.46864 0
    endloop
  endfacet
  facet normal 0 0 1
    outer loop
      vertex 58.1635 2.2443 0
      vertex 57.6588 0.360741 0
      vertex 58.0758 0.277803 0
    endloop
  endfacet
  facet normal 0 0 1
    outer loop
      vertex 56.5215 0.921601 0
      vertex 57.7086 2.46864 0
      vertex 57.5808 2.58076 0
    endloop
  endfacet
  facet normal 0 0 1
    outer loop
      vertex 56.2019 1.2019 0
      vertex 57.5808 2.58076 0
      vertex 57.4686 2.70861 0
    endloop
  endfacet
  facet normal 0 0 1
    outer loop
      vertex 55.9216 1.52152 0
      vertex 57.4686 2.70861 0
      vertex 57.3742 2.85 0
    endloop
  endfacet
  facet normal 0 0 1
    outer loop
      vertex 55.6854 1.875 0
      vertex 57.3742 2.85 0
      vertex 57.299 3.00251 0
    endloop
  endfacet
  facet normal 0 0 1
    outer loop
      vertex 58.0025 2.29896 0
      vertex 57.2563 0.497391 0
      vertex 57.6588 0.360741 0
    endloop
  endfacet
  facet normal 0 0 1
    outer loop
      vertex 55.4974 2.25628 0
      vertex 57.299 3.00251 0
      vertex 57.2443 3.16354 0
    endloop
  endfacet
  facet normal 0 0 1
    outer loop
      vertex 55.3607 2.65884 0
      vertex 57.2443 3.16354 0
      vertex 57.2111 3.33032 0
    endloop
  endfacet
  facet normal 0 0 1
    outer loop
      vertex 55.2778 3.07579 0
      vertex 57.2111 3.33032 0
      vertex 57.2 3.5 0
    endloop
  endfacet
  facet normal 0 0 1
    outer loop
      vertex 57.3742 4.15 0
      vertex 55.6854 5.125 0
      vertex 57.299 3.99749 0
    endloop
  endfacet
  facet normal 0 0 1
    outer loop
      vertex 57.85 2.37417 0
      vertex 56.875 0.685417 0
      vertex 57.2563 0.497391 0
    endloop
  endfacet
  facet normal -0 0 1
    outer loop
      vertex 55.4974 4.74372 0
      vertex 57.299 3.99749 0
      vertex 55.6854 5.125 0
    endloop
  endfacet
  facet normal 0 0 1
    outer loop
      vertex 57.7086 2.46864 0
      vertex 56.5215 0.921601 0
      vertex 56.875 0.685417 0
    endloop
  endfacet
  facet normal 0 0 1
    outer loop
      vertex 57.299 3.99749 0
      vertex 55.4974 4.74372 0
      vertex 57.2443 3.83646 0
    endloop
  endfacet
  facet normal 0 0 1
    outer loop
      vertex 57.5808 2.58076 0
      vertex 56.2019 1.2019 0
      vertex 56.5215 0.921601 0
    endloop
  endfacet
  facet normal -0 0 1
    outer loop
      vertex 55.3607 4.34116 0
      vertex 57.2443 3.83646 0
      vertex 55.4974 4.74372 0
    endloop
  endfacet
  facet normal 0 0 1
    outer loop
      vertex 57.4686 2.70861 0
      vertex 55.9216 1.52152 0
      vertex 56.2019 1.2019 0
    endloop
  endfacet
  facet normal 0 0 1
    outer loop
      vertex 57.2443 3.83646 0
      vertex 55.3607 4.34116 0
      vertex 57.2111 3.66968 0
    endloop
  endfacet
  facet normal 0 0 1
    outer loop
      vertex 57.3742 2.85 0
      vertex 55.6854 1.875 0
      vertex 55.9216 1.52152 0
    endloop
  endfacet
  facet normal -0 0 1
    outer loop
      vertex 55.2778 3.92421 0
      vertex 57.2111 3.66968 0
      vertex 55.3607 4.34116 0
    endloop
  endfacet
  facet normal 0 0 1
    outer loop
      vertex 57.299 3.00251 0
      vertex 55.4974 2.25628 0
      vertex 55.6854 1.875 0
    endloop
  endfacet
  facet normal 0 0 1
    outer loop
      vertex 57.2111 3.66968 0
      vertex 55.2778 3.92421 0
      vertex 57.2 3.5 0
    endloop
  endfacet
  facet normal 0 0 1
    outer loop
      vertex 57.2443 3.16354 0
      vertex 55.3607 2.65884 0
      vertex 55.4974 2.25628 0
    endloop
  endfacet
  facet normal 0 0 1
    outer loop
      vertex 55.25 3.5 0
      vertex 57.2 3.5 0
      vertex 55.2778 3.92421 0
    endloop
  endfacet
  facet normal 0 0 1
    outer loop
      vertex 57.2111 3.33032 0
      vertex 55.2778 3.07579 0
      vertex 55.3607 2.65884 0
    endloop
  endfacet
  facet normal 0 0 1
    outer loop
      vertex 57.2 3.5 0
      vertex 55.25 3.5 0
      vertex 55.2778 3.07579 0
    endloop
  endfacet
  facet normal -0.195076 0.980788 0
    outer loop
      vertex 58.0758 6.7222 -8.8
      vertex 57.6588 6.63926 0
      vertex 58.0758 6.7222 0
    endloop
  endfacet
  facet normal -0.195076 0.980788 0
    outer loop
      vertex 57.6588 6.63926 0
      vertex 58.0758 6.7222 -8.8
      vertex 57.6588 6.63926 -8.8
    endloop
  endfacet
  facet normal 0.99786 -0.0653933 0
    outer loop
      vertex 61.7222 3.07579 0
      vertex 61.75 3.5 -8.8
      vertex 61.75 3.5 0
    endloop
  endfacet
  facet normal 0.99786 -0.0653933 0
    outer loop
      vertex 61.75 3.5 -8.8
      vertex 61.7222 3.07579 0
      vertex 61.7222 3.07579 -8.8
    endloop
  endfacet
  facet normal 0.195071 -0.980789 0
    outer loop
      vertex 58.9242 0.277803 -8.8
      vertex 59.3412 0.360741 0
      vertex 58.9242 0.277803 0
    endloop
  endfacet
  facet normal 0.195071 -0.980789 0
    outer loop
      vertex 59.3412 0.360741 0
      vertex 58.9242 0.277803 -8.8
      vertex 59.3412 0.360741 -8.8
    endloop
  endfacet
  facet normal 0.442269 -0.896882 0
    outer loop
      vertex 59.7437 0.497391 -8.8
      vertex 60.125 0.685417 0
      vertex 59.7437 0.497391 0
    endloop
  endfacet
  facet normal 0.442269 -0.896882 0
    outer loop
      vertex 60.125 0.685417 0
      vertex 59.7437 0.497391 -8.8
      vertex 60.125 0.685417 -8.8
    endloop
  endfacet
  facet normal 0.659369 -0.75182 0
    outer loop
      vertex 60.4785 0.921601 -8.8
      vertex 60.7981 1.2019 0
      vertex 60.4785 0.921601 0
    endloop
  endfacet
  facet normal 0.659369 -0.75182 0
    outer loop
      vertex 60.7981 1.2019 0
      vertex 60.4785 0.921601 -8.8
      vertex 60.7981 1.2019 -8.8
    endloop
  endfacet
  facet normal 0.831456 -0.55559 0
    outer loop
      vertex 61.0784 1.52152 0
      vertex 61.3146 1.875 -8.8
      vertex 61.3146 1.875 0
    endloop
  endfacet
  facet normal 0.831456 -0.55559 0
    outer loop
      vertex 61.3146 1.875 -8.8
      vertex 61.0784 1.52152 0
      vertex 61.0784 1.52152 -8.8
    endloop
  endfacet
  facet normal -0.442269 -0.896882 0
    outer loop
      vertex 56.875 0.685417 -8.8
      vertex 57.2563 0.497391 0
      vertex 56.875 0.685417 0
    endloop
  endfacet
  facet normal -0.442269 -0.896882 -0
    outer loop
      vertex 57.2563 0.497391 0
      vertex 56.875 0.685417 -8.8
      vertex 57.2563 0.497391 -8.8
    endloop
  endfacet
  facet normal -0.555542 -0.831488 0
    outer loop
      vertex 56.5215 0.921601 -8.8
      vertex 56.875 0.685417 0
      vertex 56.5215 0.921601 0
    endloop
  endfacet
  facet normal -0.555542 -0.831488 -0
    outer loop
      vertex 56.875 0.685417 0
      vertex 56.5215 0.921601 -8.8
      vertex 56.875 0.685417 -8.8
    endloop
  endfacet
  facet normal -0.0654019 -0.997859 0
    outer loop
      vertex 58.0758 0.277803 -8.8
      vertex 58.5 0.25 0
      vertex 58.0758 0.277803 0
    endloop
  endfacet
  facet normal -0.0654019 -0.997859 -0
    outer loop
      vertex 58.5 0.25 0
      vertex 58.0758 0.277803 -8.8
      vertex 58.5 0.25 -8.8
    endloop
  endfacet
  facet normal -0.659369 -0.75182 0
    outer loop
      vertex 56.2019 1.2019 -8.8
      vertex 56.5215 0.921601 0
      vertex 56.2019 1.2019 0
    endloop
  endfacet
  facet normal -0.659369 -0.75182 -0
    outer loop
      vertex 56.5215 0.921601 0
      vertex 56.2019 1.2019 -8.8
      vertex 56.5215 0.921601 -8.8
    endloop
  endfacet
  facet normal -0.896897 -0.442239 0
    outer loop
      vertex 55.6854 1.875 -8.8
      vertex 55.4974 2.25628 0
      vertex 55.4974 2.25628 -8.8
    endloop
  endfacet
  facet normal -0.896897 -0.442239 0
    outer loop
      vertex 55.4974 2.25628 0
      vertex 55.6854 1.875 -8.8
      vertex 55.6854 1.875 0
    endloop
  endfacet
  facet normal -0.980802 -0.195008 0
    outer loop
      vertex 55.3607 2.65884 -8.8
      vertex 55.2778 3.07579 0
      vertex 55.2778 3.07579 -8.8
    endloop
  endfacet
  facet normal -0.980802 -0.195008 0
    outer loop
      vertex 55.2778 3.07579 0
      vertex 55.3607 2.65884 -8.8
      vertex 55.3607 2.65884 0
    endloop
  endfacet
  facet normal 0.751849 0.659335 0
    outer loop
      vertex 61.0784 5.47847 0
      vertex 60.7981 5.7981 -8.8
      vertex 60.7981 5.7981 0
    endloop
  endfacet
  facet normal 0.751849 0.659335 0
    outer loop
      vertex 60.7981 5.7981 -8.8
      vertex 61.0784 5.47847 0
      vertex 61.0784 5.47847 -8.8
    endloop
  endfacet
  facet normal 0.195076 0.980788 -0
    outer loop
      vertex 59.3412 6.63926 -8.8
      vertex 58.9242 6.7222 0
      vertex 59.3412 6.63926 0
    endloop
  endfacet
  facet normal 0.195076 0.980788 0
    outer loop
      vertex 58.9242 6.7222 0
      vertex 59.3412 6.63926 -8.8
      vertex 58.9242 6.7222 -8.8
    endloop
  endfacet
  facet normal -0.831449 0.555601 0
    outer loop
      vertex 55.6854 5.125 -8.8
      vertex 55.9216 5.47847 0
      vertex 55.9216 5.47847 -8.8
    endloop
  endfacet
  facet normal -0.831449 0.555601 0
    outer loop
      vertex 55.9216 5.47847 0
      vertex 55.6854 5.125 -8.8
      vertex 55.6854 5.125 0
    endloop
  endfacet
  facet normal -0.99786 -0.0653933 0
    outer loop
      vertex 55.2778 3.07579 -8.8
      vertex 55.25 3.5 0
      vertex 55.25 3.5 -8.8
    endloop
  endfacet
  facet normal -0.99786 -0.0653933 0
    outer loop
      vertex 55.25 3.5 0
      vertex 55.2778 3.07579 -8.8
      vertex 55.2778 3.07579 0
    endloop
  endfacet
  facet normal -0.65937 0.751818 0
    outer loop
      vertex 56.5215 6.0784 -8.8
      vertex 56.2019 5.7981 0
      vertex 56.5215 6.0784 0
    endloop
  endfacet
  facet normal -0.65937 0.751818 0
    outer loop
      vertex 56.2019 5.7981 0
      vertex 56.5215 6.0784 -8.8
      vertex 56.2019 5.7981 -8.8
    endloop
  endfacet
  facet normal 0.321481 -0.946916 0
    outer loop
      vertex 59.3412 0.360741 -8.8
      vertex 59.7437 0.497391 0
      vertex 59.3412 0.360741 0
    endloop
  endfacet
  facet normal 0.321481 -0.946916 0
    outer loop
      vertex 59.7437 0.497391 0
      vertex 59.3412 0.360741 -8.8
      vertex 59.7437 0.497391 -8.8
    endloop
  endfacet
  facet normal 0.980802 -0.195008 0
    outer loop
      vertex 61.6393 2.65884 0
      vertex 61.7222 3.07579 -8.8
      vertex 61.7222 3.07579 0
    endloop
  endfacet
  facet normal 0.980802 -0.195008 0
    outer loop
      vertex 61.7222 3.07579 -8.8
      vertex 61.6393 2.65884 0
      vertex 61.6393 2.65884 -8.8
    endloop
  endfacet
  facet normal -0.946895 -0.321543 0
    outer loop
      vertex 55.4974 2.25628 -8.8
      vertex 55.3607 2.65884 0
      vertex 55.3607 2.65884 -8.8
    endloop
  endfacet
  facet normal -0.946895 -0.321543 0
    outer loop
      vertex 55.3607 2.65884 0
      vertex 55.4974 2.25628 -8.8
      vertex 55.4974 2.25628 0
    endloop
  endfacet
  facet normal -1 0 0
    outer loop
      vertex 6 100.5 -8.8
      vertex 6 117.2 4.1
      vertex 6 117.2 -8.8
    endloop
  endfacet
  facet normal -1 -0 0
    outer loop
      vertex 6 117.2 4.1
      vertex 6 100.5 -8.8
      vertex 6 100.5 4.1
    endloop
  endfacet
  facet normal -0 0 1
    outer loop
      vertex 6 117.2 4.1
      vertex 9 100.5 4.1
      vertex 9 117.2 4.1
    endloop
  endfacet
  facet normal 0 0 1
    outer loop
      vertex 9 100.5 4.1
      vertex 6 117.2 4.1
      vertex 6 100.5 4.1
    endloop
  endfacet
  facet normal 1 -0 0
    outer loop
      vertex 9 100.5 4.1
      vertex 9 117.2 -8.8
      vertex 9 117.2 4.1
    endloop
  endfacet
  facet normal 1 0 0
    outer loop
      vertex 9 117.2 -8.8
      vertex 9 100.5 4.1
      vertex 9 100.5 -8.8
    endloop
  endfacet
  facet normal 0 -1 0
    outer loop
      vertex 6 100.5 -8.8
      vertex 9 100.5 4.1
      vertex 6 100.5 4.1
    endloop
  endfacet
  facet normal 0 -1 -0
    outer loop
      vertex 9 100.5 4.1
      vertex 6 100.5 -8.8
      vertex 9 100.5 -8.8
    endloop
  endfacet
  facet normal 0 1 -0
    outer loop
      vertex 9 117.2 -8.8
      vertex 6 117.2 4.1
      vertex 9 117.2 4.1
    endloop
  endfacet
  facet normal 0 1 0
    outer loop
      vertex 6 117.2 4.1
      vertex 9 117.2 -8.8
      vertex 6 117.2 -8.8
    endloop
  endfacet
  facet normal -1 0 0
    outer loop
      vertex 53 100.5 -8.8
      vertex 53 117.2 4.1
      vertex 53 117.2 -8.8
    endloop
  endfacet
  facet normal -1 -0 0
    outer loop
      vertex 53 117.2 4.1
      vertex 53 100.5 -8.8
      vertex 53 100.5 4.1
    endloop
  endfacet
  facet normal -0 0 1
    outer loop
      vertex 53 117.2 4.1
      vertex 56 100.5 4.1
      vertex 56 117.2 4.1
    endloop
  endfacet
  facet normal 0 0 1
    outer loop
      vertex 56 100.5 4.1
      vertex 53 117.2 4.1
      vertex 53 100.5 4.1
    endloop
  endfacet
  facet normal 1 -0 0
    outer loop
      vertex 56 100.5 4.1
      vertex 56 117.2 -8.8
      vertex 56 117.2 4.1
    endloop
  endfacet
  facet normal 1 0 0
    outer loop
      vertex 56 117.2 -8.8
      vertex 56 100.5 4.1
      vertex 56 100.5 -8.8
    endloop
  endfacet
  facet normal 0 -1 0
    outer loop
      vertex 53 100.5 -8.8
      vertex 56 100.5 4.1
      vertex 53 100.5 4.1
    endloop
  endfacet
  facet normal 0 -1 -0
    outer loop
      vertex 56 100.5 4.1
      vertex 53 100.5 -8.8
      vertex 56 100.5 -8.8
    endloop
  endfacet
  facet normal 0 1 -0
    outer loop
      vertex 56 117.2 -8.8
      vertex 53 117.2 4.1
      vertex 56 117.2 4.1
    endloop
  endfacet
  facet normal 0 1 0
    outer loop
      vertex 53 117.2 4.1
      vertex 56 117.2 -8.8
      vertex 53 117.2 -8.8
    endloop
  endfacet
  facet normal 0 0 -1
    outer loop
      vertex 6.37269 50.6696 -10.4
      vertex 8.12731 50.6696 -10.4
      vertex 6.45263 50.55 -10.4
    endloop
  endfacet
  facet normal 0 0 -1
    outer loop
      vertex 8.12731 52.8304 -10.4
      vertex 6.59059 53.3564 -10.4
      vertex 6.6 53.5 -10.4
    endloop
  endfacet
  facet normal 0 0 -1
    outer loop
      vertex 8.12731 50.6696 -10.4
      vertex 6.37269 50.6696 -10.4
      vertex 8.22218 50.7778 -10.4
    endloop
  endfacet
  facet normal 0 0 -1
    outer loop
      vertex 8.12731 52.8304 -10.4
      vertex 6.56252 53.2153 -10.4
      vertex 6.59059 53.3564 -10.4
    endloop
  endfacet
  facet normal 0 0 -1
    outer loop
      vertex 6.27782 50.7778 -10.4
      vertex 8.22218 50.7778 -10.4
      vertex 6.37269 50.6696 -10.4
    endloop
  endfacet
  facet normal 0 0 -1
    outer loop
      vertex 8.12731 52.8304 -10.4
      vertex 6.51627 53.079 -10.4
      vertex 6.56252 53.2153 -10.4
    endloop
  endfacet
  facet normal 0 0 -1
    outer loop
      vertex 8.22218 50.7778 -10.4
      vertex 6.27782 50.7778 -10.4
      vertex 8.22218 52.7222 -10.4
    endloop
  endfacet
  facet normal 0 0 -1
    outer loop
      vertex 8.12731 52.8304 -10.4
      vertex 6.45263 52.95 -10.4
      vertex 6.51627 53.079 -10.4
    endloop
  endfacet
  facet normal 0 0 -1
    outer loop
      vertex 6.27782 52.7222 -10.4
      vertex 8.22218 52.7222 -10.4
      vertex 6.27782 50.7778 -10.4
    endloop
  endfacet
  facet normal 0 0 -1
    outer loop
      vertex 8.12731 52.8304 -10.4
      vertex 6.37269 52.8304 -10.4
      vertex 6.45263 52.95 -10.4
    endloop
  endfacet
  facet normal 0 0 -1
    outer loop
      vertex 8.22218 52.7222 -10.4
      vertex 6.27782 52.7222 -10.4
      vertex 8.12731 52.8304 -10.4
    endloop
  endfacet
  facet normal -0 0 -1
    outer loop
      vertex 8.12731 52.8304 -10.4
      vertex 6.27782 52.7222 -10.4
      vertex 6.37269 52.8304 -10.4
    endloop
  endfacet
  facet normal 0 0 -1
    outer loop
      vertex 6.16964 50.8727 -10.4
      vertex 6.27782 52.7222 -10.4
      vertex 6.27782 50.7778 -10.4
    endloop
  endfacet
  facet normal 0 0 -1
    outer loop
      vertex 6.16964 50.8727 -10.4
      vertex 6.16964 52.6273 -10.4
      vertex 6.27782 52.7222 -10.4
    endloop
  endfacet
  facet normal 0 0 -1
    outer loop
      vertex 6.05 50.9526 -10.4
      vertex 6.16964 52.6273 -10.4
      vertex 6.16964 50.8727 -10.4
    endloop
  endfacet
  facet normal 0 0 -1
    outer loop
      vertex 6.05 50.9526 -10.4
      vertex 6.05 52.5474 -10.4
      vertex 6.16964 52.6273 -10.4
    endloop
  endfacet
  facet normal 0 0 -1
    outer loop
      vertex 5.92095 51.0163 -10.4
      vertex 6.05 52.5474 -10.4
      vertex 6.05 50.9526 -10.4
    endloop
  endfacet
  facet normal 0 0 -1
    outer loop
      vertex 5.92095 51.0163 -10.4
      vertex 5.92095 52.4837 -10.4
      vertex 6.05 52.5474 -10.4
    endloop
  endfacet
  facet normal 0 0 -1
    outer loop
      vertex 5.7847 51.0625 -10.4
      vertex 5.92095 52.4837 -10.4
      vertex 5.92095 51.0163 -10.4
    endloop
  endfacet
  facet normal 0 0 -1
    outer loop
      vertex 5.7847 51.0625 -10.4
      vertex 5.7847 52.4375 -10.4
      vertex 5.92095 52.4837 -10.4
    endloop
  endfacet
  facet normal 0 0 -1
    outer loop
      vertex 5.64358 51.0906 -10.4
      vertex 5.7847 52.4375 -10.4
      vertex 5.7847 51.0625 -10.4
    endloop
  endfacet
  facet normal 0 0 -1
    outer loop
      vertex 5.64358 51.0906 -10.4
      vertex 5.64358 52.4094 -10.4
      vertex 5.7847 52.4375 -10.4
    endloop
  endfacet
  facet normal 0 0 -1
    outer loop
      vertex 5.5 51.1 -10.4
      vertex 5.64358 52.4094 -10.4
      vertex 5.64358 51.0906 -10.4
    endloop
  endfacet
  facet normal 0 0 -1
    outer loop
      vertex 5.5 51.1 -10.4
      vertex 5.5 52.4 -10.4
      vertex 5.64358 52.4094 -10.4
    endloop
  endfacet
  facet normal 0 0 -1
    outer loop
      vertex 5.35642 51.0906 -10.4
      vertex 5.5 52.4 -10.4
      vertex 5.5 51.1 -10.4
    endloop
  endfacet
  facet normal 0 0 -1
    outer loop
      vertex 5.35642 51.0906 -10.4
      vertex 5.35642 52.4094 -10.4
      vertex 5.5 52.4 -10.4
    endloop
  endfacet
  facet normal 0 0 -1
    outer loop
      vertex 5.2153 51.0625 -10.4
      vertex 5.35642 52.4094 -10.4
      vertex 5.35642 51.0906 -10.4
    endloop
  endfacet
  facet normal 0 0 -1
    outer loop
      vertex 5.2153 51.0625 -10.4
      vertex 5.2153 52.4375 -10.4
      vertex 5.35642 52.4094 -10.4
    endloop
  endfacet
  facet normal 0 0 -1
    outer loop
      vertex 5.07905 51.0163 -10.4
      vertex 5.2153 52.4375 -10.4
      vertex 5.2153 51.0625 -10.4
    endloop
  endfacet
  facet normal 0 0 -1
    outer loop
      vertex 5.07905 51.0163 -10.4
      vertex 5.07905 52.4837 -10.4
      vertex 5.2153 52.4375 -10.4
    endloop
  endfacet
  facet normal 0 0 -1
    outer loop
      vertex 4.95 50.9526 -10.4
      vertex 5.07905 52.4837 -10.4
      vertex 5.07905 51.0163 -10.4
    endloop
  endfacet
  facet normal 0 0 -1
    outer loop
      vertex 4.95 50.9526 -10.4
      vertex 4.95 52.5474 -10.4
      vertex 5.07905 52.4837 -10.4
    endloop
  endfacet
  facet normal 0 0 -1
    outer loop
      vertex 4.83036 50.8727 -10.4
      vertex 4.95 52.5474 -10.4
      vertex 4.95 50.9526 -10.4
    endloop
  endfacet
  facet normal 0 0 -1
    outer loop
      vertex 4.83036 50.8727 -10.4
      vertex 4.83036 52.6273 -10.4
      vertex 4.95 52.5474 -10.4
    endloop
  endfacet
  facet normal 0 0 -1
    outer loop
      vertex 4.72218 50.7778 -10.4
      vertex 4.83036 52.6273 -10.4
      vertex 4.83036 50.8727 -10.4
    endloop
  endfacet
  facet normal 0 0 -1
    outer loop
      vertex 4.72218 50.7778 -10.4
      vertex 4.72218 52.7222 -10.4
      vertex 4.83036 52.6273 -10.4
    endloop
  endfacet
  facet normal 0 0 -1
    outer loop
      vertex 4.62731 50.6696 -10.4
      vertex 4.72218 52.7222 -10.4
      vertex 4.72218 50.7778 -10.4
    endloop
  endfacet
  facet normal 0 0 -1
    outer loop
      vertex 4.62731 50.6696 -10.4
      vertex 4.62731 52.8304 -10.4
      vertex 4.72218 52.7222 -10.4
    endloop
  endfacet
  facet normal 0 0 -1
    outer loop
      vertex 4.54737 50.55 -10.4
      vertex 4.62731 52.8304 -10.4
      vertex 4.62731 50.6696 -10.4
    endloop
  endfacet
  facet normal 0 0 -1
    outer loop
      vertex 4.54737 50.55 -10.4
      vertex 4.54737 52.95 -10.4
      vertex 4.62731 52.8304 -10.4
    endloop
  endfacet
  facet normal 0 0 -1
    outer loop
      vertex 4.48373 50.421 -10.4
      vertex 4.54737 52.95 -10.4
      vertex 4.54737 50.55 -10.4
    endloop
  endfacet
  facet normal 0 0 -1
    outer loop
      vertex 4.48373 50.421 -10.4
      vertex 4.48373 53.079 -10.4
      vertex 4.54737 52.95 -10.4
    endloop
  endfacet
  facet normal 0 0 -1
    outer loop
      vertex 4.43748 50.2847 -10.4
      vertex 4.48373 53.079 -10.4
      vertex 4.48373 50.421 -10.4
    endloop
  endfacet
  facet normal 0 0 -1
    outer loop
      vertex 4.43748 50.2847 -10.4
      vertex 4.43748 53.2153 -10.4
      vertex 4.48373 53.079 -10.4
    endloop
  endfacet
  facet normal 0 0 -1
    outer loop
      vertex 4.40941 50.1436 -10.4
      vertex 4.43748 53.2153 -10.4
      vertex 4.43748 50.2847 -10.4
    endloop
  endfacet
  facet normal 0 0 -1
    outer loop
      vertex 4.40941 50.1436 -10.4
      vertex 4.40941 53.3564 -10.4
      vertex 4.43748 53.2153 -10.4
    endloop
  endfacet
  facet normal 0 0 -1
    outer loop
      vertex 4.4 50 -10.4
      vertex 4.40941 53.3564 -10.4
      vertex 4.40941 50.1436 -10.4
    endloop
  endfacet
  facet normal -0 0 -1
    outer loop
      vertex 4.40941 53.3564 -10.4
      vertex 4.4 50 -10.4
      vertex 4.4 53.5 -10.4
    endloop
  endfacet
  facet normal 0 0 -1
    outer loop
      vertex 6.37269 47.1696 -10.4
      vertex 8.12731 47.1696 -10.4
      vertex 6.45263 47.05 -10.4
    endloop
  endfacet
  facet normal 0 0 -1
    outer loop
      vertex 8.12731 49.3304 -10.4
      vertex 6.59059 49.8564 -10.4
      vertex 6.6 50 -10.4
    endloop
  endfacet
  facet normal 0 0 -1
    outer loop
      vertex 8.12731 47.1696 -10.4
      vertex 6.37269 47.1696 -10.4
      vertex 8.22218 47.2778 -10.4
    endloop
  endfacet
  facet normal 0 0 -1
    outer loop
      vertex 8.12731 49.3304 -10.4
      vertex 6.56252 49.7153 -10.4
      vertex 6.59059 49.8564 -10.4
    endloop
  endfacet
  facet normal 0 0 -1
    outer loop
      vertex 6.27782 47.2778 -10.4
      vertex 8.22218 47.2778 -10.4
      vertex 6.37269 47.1696 -10.4
    endloop
  endfacet
  facet normal 0 0 -1
    outer loop
      vertex 8.12731 49.3304 -10.4
      vertex 6.51627 49.579 -10.4
      vertex 6.56252 49.7153 -10.4
    endloop
  endfacet
  facet normal 0 0 -1
    outer loop
      vertex 8.22218 47.2778 -10.4
      vertex 6.27782 47.2778 -10.4
      vertex 8.22218 49.2222 -10.4
    endloop
  endfacet
  facet normal 0 0 -1
    outer loop
      vertex 8.12731 49.3304 -10.4
      vertex 6.45263 49.45 -10.4
      vertex 6.51627 49.579 -10.4
    endloop
  endfacet
  facet normal 0 0 -1
    outer loop
      vertex 6.27782 49.2222 -10.4
      vertex 8.22218 49.2222 -10.4
      vertex 6.27782 47.2778 -10.4
    endloop
  endfacet
  facet normal 0 0 -1
    outer loop
      vertex 8.12731 49.3304 -10.4
      vertex 6.37269 49.3304 -10.4
      vertex 6.45263 49.45 -10.4
    endloop
  endfacet
  facet normal 0 0 -1
    outer loop
      vertex 8.22218 49.2222 -10.4
      vertex 6.27782 49.2222 -10.4
      vertex 8.12731 49.3304 -10.4
    endloop
  endfacet
  facet normal -0 0 -1
    outer loop
      vertex 8.12731 49.3304 -10.4
      vertex 6.27782 49.2222 -10.4
      vertex 6.37269 49.3304 -10.4
    endloop
  endfacet
  facet normal 0 0 -1
    outer loop
      vertex 6.16964 47.3727 -10.4
      vertex 6.27782 49.2222 -10.4
      vertex 6.27782 47.2778 -10.4
    endloop
  endfacet
  facet normal 0 0 -1
    outer loop
      vertex 6.16964 47.3727 -10.4
      vertex 6.16964 49.1273 -10.4
      vertex 6.27782 49.2222 -10.4
    endloop
  endfacet
  facet normal 0 0 -1
    outer loop
      vertex 6.05 47.4526 -10.4
      vertex 6.16964 49.1273 -10.4
      vertex 6.16964 47.3727 -10.4
    endloop
  endfacet
  facet normal 0 0 -1
    outer loop
      vertex 6.05 47.4526 -10.4
      vertex 6.05 49.0474 -10.4
      vertex 6.16964 49.1273 -10.4
    endloop
  endfacet
  facet normal 0 0 -1
    outer loop
      vertex 5.92095 47.5163 -10.4
      vertex 6.05 49.0474 -10.4
      vertex 6.05 47.4526 -10.4
    endloop
  endfacet
  facet normal 0 0 -1
    outer loop
      vertex 5.92095 47.5163 -10.4
      vertex 5.92095 48.9837 -10.4
      vertex 6.05 49.0474 -10.4
    endloop
  endfacet
  facet normal 0 0 -1
    outer loop
      vertex 5.7847 47.5625 -10.4
      vertex 5.92095 48.9837 -10.4
      vertex 5.92095 47.5163 -10.4
    endloop
  endfacet
  facet normal 0 0 -1
    outer loop
      vertex 5.7847 47.5625 -10.4
      vertex 5.7847 48.9375 -10.4
      vertex 5.92095 48.9837 -10.4
    endloop
  endfacet
  facet normal 0 0 -1
    outer loop
      vertex 5.64358 47.5906 -10.4
      vertex 5.7847 48.9375 -10.4
      vertex 5.7847 47.5625 -10.4
    endloop
  endfacet
  facet normal 0 0 -1
    outer loop
      vertex 5.64358 47.5906 -10.4
      vertex 5.64358 48.9094 -10.4
      vertex 5.7847 48.9375 -10.4
    endloop
  endfacet
  facet normal 0 0 -1
    outer loop
      vertex 5.5 47.6 -10.4
      vertex 5.64358 48.9094 -10.4
      vertex 5.64358 47.5906 -10.4
    endloop
  endfacet
  facet normal 0 0 -1
    outer loop
      vertex 5.5 47.6 -10.4
      vertex 5.5 48.9 -10.4
      vertex 5.64358 48.9094 -10.4
    endloop
  endfacet
  facet normal 0 0 -1
    outer loop
      vertex 5.35642 47.5906 -10.4
      vertex 5.5 48.9 -10.4
      vertex 5.5 47.6 -10.4
    endloop
  endfacet
  facet normal 0 0 -1
    outer loop
      vertex 5.35642 47.5906 -10.4
      vertex 5.35642 48.9094 -10.4
      vertex 5.5 48.9 -10.4
    endloop
  endfacet
  facet normal 0 0 -1
    outer loop
      vertex 5.2153 47.5625 -10.4
      vertex 5.35642 48.9094 -10.4
      vertex 5.35642 47.5906 -10.4
    endloop
  endfacet
  facet normal 0 0 -1
    outer loop
      vertex 5.2153 47.5625 -10.4
      vertex 5.2153 48.9375 -10.4
      vertex 5.35642 48.9094 -10.4
    endloop
  endfacet
  facet normal 0 0 -1
    outer loop
      vertex 5.07905 47.5163 -10.4
      vertex 5.2153 48.9375 -10.4
      vertex 5.2153 47.5625 -10.4
    endloop
  endfacet
  facet normal 0 0 -1
    outer loop
      vertex 5.07905 47.5163 -10.4
      vertex 5.07905 48.9837 -10.4
      vertex 5.2153 48.9375 -10.4
    endloop
  endfacet
  facet normal 0 0 -1
    outer loop
      vertex 4.95 47.4526 -10.4
      vertex 5.07905 48.9837 -10.4
      vertex 5.07905 47.5163 -10.4
    endloop
  endfacet
  facet normal 0 0 -1
    outer loop
      vertex 4.95 47.4526 -10.4
      vertex 4.95 49.0474 -10.4
      vertex 5.07905 48.9837 -10.4
    endloop
  endfacet
  facet normal 0 0 -1
    outer loop
      vertex 4.83036 47.3727 -10.4
      vertex 4.95 49.0474 -10.4
      vertex 4.95 47.4526 -10.4
    endloop
  endfacet
  facet normal 0 0 -1
    outer loop
      vertex 4.83036 47.3727 -10.4
      vertex 4.83036 49.1273 -10.4
      vertex 4.95 49.0474 -10.4
    endloop
  endfacet
  facet normal 0 0 -1
    outer loop
      vertex 4.72218 47.2778 -10.4
      vertex 4.83036 49.1273 -10.4
      vertex 4.83036 47.3727 -10.4
    endloop
  endfacet
  facet normal 0 0 -1
    outer loop
      vertex 4.72218 47.2778 -10.4
      vertex 4.72218 49.2222 -10.4
      vertex 4.83036 49.1273 -10.4
    endloop
  endfacet
  facet normal 0 0 -1
    outer loop
      vertex 4.62731 47.1696 -10.4
      vertex 4.72218 49.2222 -10.4
      vertex 4.72218 47.2778 -10.4
    endloop
  endfacet
  facet normal 0 0 -1
    outer loop
      vertex 4.62731 47.1696 -10.4
      vertex 4.62731 49.3304 -10.4
      vertex 4.72218 49.2222 -10.4
    endloop
  endfacet
  facet normal 0 0 -1
    outer loop
      vertex 4.54737 47.05 -10.4
      vertex 4.62731 49.3304 -10.4
      vertex 4.62731 47.1696 -10.4
    endloop
  endfacet
  facet normal 0 0 -1
    outer loop
      vertex 4.54737 47.05 -10.4
      vertex 4.54737 49.45 -10.4
      vertex 4.62731 49.3304 -10.4
    endloop
  endfacet
  facet normal 0 0 -1
    outer loop
      vertex 4.48373 46.921 -10.4
      vertex 4.54737 49.45 -10.4
      vertex 4.54737 47.05 -10.4
    endloop
  endfacet
  facet normal 0 0 -1
    outer loop
      vertex 4.48373 46.921 -10.4
      vertex 4.48373 49.579 -10.4
      vertex 4.54737 49.45 -10.4
    endloop
  endfacet
  facet normal 0 0 -1
    outer loop
      vertex 4.43748 46.7847 -10.4
      vertex 4.48373 49.579 -10.4
      vertex 4.48373 46.921 -10.4
    endloop
  endfacet
  facet normal 0 0 -1
    outer loop
      vertex 4.43748 46.7847 -10.4
      vertex 4.43748 49.7153 -10.4
      vertex 4.48373 49.579 -10.4
    endloop
  endfacet
  facet normal 0 0 -1
    outer loop
      vertex 4.40941 46.6436 -10.4
      vertex 4.43748 49.7153 -10.4
      vertex 4.43748 46.7847 -10.4
    endloop
  endfacet
  facet normal 0 0 -1
    outer loop
      vertex 4.40941 46.6436 -10.4
      vertex 4.40941 49.8564 -10.4
      vertex 4.43748 49.7153 -10.4
    endloop
  endfacet
  facet normal 0 0 -1
    outer loop
      vertex 4.4 46.5 -10.4
      vertex 4.40941 49.8564 -10.4
      vertex 4.40941 46.6436 -10.4
    endloop
  endfacet
  facet normal -0 0 -1
    outer loop
      vertex 4.40941 49.8564 -10.4
      vertex 4.4 46.5 -10.4
      vertex 4.4 50 -10.4
    endloop
  endfacet
  facet normal 0 0 -1
    outer loop
      vertex 9.87269 50.6696 -10.4
      vertex 11.6273 50.6696 -10.4
      vertex 9.95263 50.55 -10.4
    endloop
  endfacet
  facet normal 0 0 -1
    outer loop
      vertex 11.6273 52.8304 -10.4
      vertex 10.0906 53.3564 -10.4
      vertex 10.1 53.5 -10.4
    endloop
  endfacet
  facet normal 0 0 -1
    outer loop
      vertex 11.6273 50.6696 -10.4
      vertex 9.87269 50.6696 -10.4
      vertex 11.7222 50.7778 -10.4
    endloop
  endfacet
  facet normal 0 0 -1
    outer loop
      vertex 11.6273 52.8304 -10.4
      vertex 10.0625 53.2153 -10.4
      vertex 10.0906 53.3564 -10.4
    endloop
  endfacet
  facet normal 0 0 -1
    outer loop
      vertex 9.77782 50.7778 -10.4
      vertex 11.7222 50.7778 -10.4
      vertex 9.87269 50.6696 -10.4
    endloop
  endfacet
  facet normal 0 0 -1
    outer loop
      vertex 11.6273 52.8304 -10.4
      vertex 10.0163 53.079 -10.4
      vertex 10.0625 53.2153 -10.4
    endloop
  endfacet
  facet normal 0 0 -1
    outer loop
      vertex 11.7222 50.7778 -10.4
      vertex 9.77782 50.7778 -10.4
      vertex 11.7222 52.7222 -10.4
    endloop
  endfacet
  facet normal 0 0 -1
    outer loop
      vertex 11.6273 52.8304 -10.4
      vertex 9.95263 52.95 -10.4
      vertex 10.0163 53.079 -10.4
    endloop
  endfacet
  facet normal 0 0 -1
    outer loop
      vertex 9.77782 52.7222 -10.4
      vertex 11.7222 52.7222 -10.4
      vertex 9.77782 50.7778 -10.4
    endloop
  endfacet
  facet normal 0 0 -1
    outer loop
      vertex 11.6273 52.8304 -10.4
      vertex 9.87269 52.8304 -10.4
      vertex 9.95263 52.95 -10.4
    endloop
  endfacet
  facet normal 0 0 -1
    outer loop
      vertex 11.7222 52.7222 -10.4
      vertex 9.77782 52.7222 -10.4
      vertex 11.6273 52.8304 -10.4
    endloop
  endfacet
  facet normal -0 0 -1
    outer loop
      vertex 11.6273 52.8304 -10.4
      vertex 9.77782 52.7222 -10.4
      vertex 9.87269 52.8304 -10.4
    endloop
  endfacet
  facet normal 0 0 -1
    outer loop
      vertex 9.66964 50.8727 -10.4
      vertex 9.77782 52.7222 -10.4
      vertex 9.77782 50.7778 -10.4
    endloop
  endfacet
  facet normal 0 0 -1
    outer loop
      vertex 9.66964 50.8727 -10.4
      vertex 9.66964 52.6273 -10.4
      vertex 9.77782 52.7222 -10.4
    endloop
  endfacet
  facet normal 0 0 -1
    outer loop
      vertex 9.55 50.9526 -10.4
      vertex 9.66964 52.6273 -10.4
      vertex 9.66964 50.8727 -10.4
    endloop
  endfacet
  facet normal 0 0 -1
    outer loop
      vertex 9.55 50.9526 -10.4
      vertex 9.55 52.5474 -10.4
      vertex 9.66964 52.6273 -10.4
    endloop
  endfacet
  facet normal 0 0 -1
    outer loop
      vertex 9.42095 51.0163 -10.4
      vertex 9.55 52.5474 -10.4
      vertex 9.55 50.9526 -10.4
    endloop
  endfacet
  facet normal 0 0 -1
    outer loop
      vertex 9.42095 51.0163 -10.4
      vertex 9.42095 52.4837 -10.4
      vertex 9.55 52.5474 -10.4
    endloop
  endfacet
  facet normal 0 0 -1
    outer loop
      vertex 9.2847 51.0625 -10.4
      vertex 9.42095 52.4837 -10.4
      vertex 9.42095 51.0163 -10.4
    endloop
  endfacet
  facet normal 0 0 -1
    outer loop
      vertex 9.2847 51.0625 -10.4
      vertex 9.2847 52.4375 -10.4
      vertex 9.42095 52.4837 -10.4
    endloop
  endfacet
  facet normal 0 0 -1
    outer loop
      vertex 9.14358 51.0906 -10.4
      vertex 9.2847 52.4375 -10.4
      vertex 9.2847 51.0625 -10.4
    endloop
  endfacet
  facet normal 0 0 -1
    outer loop
      vertex 9.14358 51.0906 -10.4
      vertex 9.14358 52.4094 -10.4
      vertex 9.2847 52.4375 -10.4
    endloop
  endfacet
  facet normal 0 0 -1
    outer loop
      vertex 9 51.1 -10.4
      vertex 9.14358 52.4094 -10.4
      vertex 9.14358 51.0906 -10.4
    endloop
  endfacet
  facet normal 0 0 -1
    outer loop
      vertex 9 51.1 -10.4
      vertex 9 52.4 -10.4
      vertex 9.14358 52.4094 -10.4
    endloop
  endfacet
  facet normal 0 0 -1
    outer loop
      vertex 8.85642 51.0906 -10.4
      vertex 9 52.4 -10.4
      vertex 9 51.1 -10.4
    endloop
  endfacet
  facet normal 0 0 -1
    outer loop
      vertex 8.85642 51.0906 -10.4
      vertex 8.85642 52.4094 -10.4
      vertex 9 52.4 -10.4
    endloop
  endfacet
  facet normal 0 0 -1
    outer loop
      vertex 8.7153 51.0625 -10.4
      vertex 8.85642 52.4094 -10.4
      vertex 8.85642 51.0906 -10.4
    endloop
  endfacet
  facet normal 0 0 -1
    outer loop
      vertex 8.7153 51.0625 -10.4
      vertex 8.7153 52.4375 -10.4
      vertex 8.85642 52.4094 -10.4
    endloop
  endfacet
  facet normal 0 0 -1
    outer loop
      vertex 8.57905 51.0163 -10.4
      vertex 8.7153 52.4375 -10.4
      vertex 8.7153 51.0625 -10.4
    endloop
  endfacet
  facet normal 0 0 -1
    outer loop
      vertex 8.57905 51.0163 -10.4
      vertex 8.57905 52.4837 -10.4
      vertex 8.7153 52.4375 -10.4
    endloop
  endfacet
  facet normal 0 0 -1
    outer loop
      vertex 8.45 50.9526 -10.4
      vertex 8.57905 52.4837 -10.4
      vertex 8.57905 51.0163 -10.4
    endloop
  endfacet
  facet normal 0 0 -1
    outer loop
      vertex 8.45 50.9526 -10.4
      vertex 8.45 52.5474 -10.4
      vertex 8.57905 52.4837 -10.4
    endloop
  endfacet
  facet normal 0 0 -1
    outer loop
      vertex 8.33036 50.8727 -10.4
      vertex 8.45 52.5474 -10.4
      vertex 8.45 50.9526 -10.4
    endloop
  endfacet
  facet normal 0 0 -1
    outer loop
      vertex 8.33036 50.8727 -10.4
      vertex 8.33036 52.6273 -10.4
      vertex 8.45 52.5474 -10.4
    endloop
  endfacet
  facet normal 0 0 -1
    outer loop
      vertex 8.22218 50.7778 -10.4
      vertex 8.33036 52.6273 -10.4
      vertex 8.33036 50.8727 -10.4
    endloop
  endfacet
  facet normal 0 0 -1
    outer loop
      vertex 8.22218 50.7778 -10.4
      vertex 8.22218 52.7222 -10.4
      vertex 8.33036 52.6273 -10.4
    endloop
  endfacet
  facet normal 0 0 -1
    outer loop
      vertex 6.45263 50.55 -10.4
      vertex 8.04737 50.55 -10.4
      vertex 6.51627 50.421 -10.4
    endloop
  endfacet
  facet normal 0 0 -1
    outer loop
      vertex 8.04737 50.55 -10.4
      vertex 6.45263 50.55 -10.4
      vertex 8.12731 50.6696 -10.4
    endloop
  endfacet
  facet normal 0 0 -1
    outer loop
      vertex 7.93748 50.2847 -10.4
      vertex 6.56252 50.2847 -10.4
      vertex 7.98373 50.421 -10.4
    endloop
  endfacet
  facet normal 0 0 -1
    outer loop
      vertex 6.51627 50.421 -10.4
      vertex 7.98373 50.421 -10.4
      vertex 6.56252 50.2847 -10.4
    endloop
  endfacet
  facet normal 0 0 -1
    outer loop
      vertex 6.56252 50.2847 -10.4
      vertex 7.93748 50.2847 -10.4
      vertex 6.59059 50.1436 -10.4
    endloop
  endfacet
  facet normal 0 0 -1
    outer loop
      vertex 7.98373 50.421 -10.4
      vertex 6.51627 50.421 -10.4
      vertex 8.04737 50.55 -10.4
    endloop
  endfacet
  facet normal 0 0 -1
    outer loop
      vertex 7.90941 50.1436 -10.4
      vertex 6.59059 50.1436 -10.4
      vertex 7.93748 50.2847 -10.4
    endloop
  endfacet
  facet normal 0 0 -1
    outer loop
      vertex 8.12731 52.8304 -10.4
      vertex 6.6 53.5 -10.4
      vertex 8.04737 52.95 -10.4
    endloop
  endfacet
  facet normal 0 0 -1
    outer loop
      vertex 6.59059 50.1436 -10.4
      vertex 7.90941 50.1436 -10.4
      vertex 6.6 50 -10.4
    endloop
  endfacet
  facet normal 0 0 -1
    outer loop
      vertex 8.04737 52.95 -10.4
      vertex 6.6 53.5 -10.4
      vertex 7.98373 53.079 -10.4
    endloop
  endfacet
  facet normal 0 0 -1
    outer loop
      vertex 6.6 50 -10.4
      vertex 7.90941 50.1436 -10.4
      vertex 7.9 50 -10.4
    endloop
  endfacet
  facet normal 0 0 -1
    outer loop
      vertex 7.98373 53.079 -10.4
      vertex 6.6 53.5 -10.4
      vertex 7.93748 53.2153 -10.4
    endloop
  endfacet
  facet normal 0 0 -1
    outer loop
      vertex 9.87269 47.1696 -10.4
      vertex 11.6273 47.1696 -10.4
      vertex 9.95263 47.05 -10.4
    endloop
  endfacet
  facet normal 0 0 -1
    outer loop
      vertex 11.6273 49.3304 -10.4
      vertex 10.0906 49.8564 -10.4
      vertex 10.1 50 -10.4
    endloop
  endfacet
  facet normal 0 0 -1
    outer loop
      vertex 11.6273 47.1696 -10.4
      vertex 9.87269 47.1696 -10.4
      vertex 11.7222 47.2778 -10.4
    endloop
  endfacet
  facet normal 0 0 -1
    outer loop
      vertex 11.6273 49.3304 -10.4
      vertex 10.0625 49.7153 -10.4
      vertex 10.0906 49.8564 -10.4
    endloop
  endfacet
  facet normal 0 0 -1
    outer loop
      vertex 9.77782 47.2778 -10.4
      vertex 11.7222 47.2778 -10.4
      vertex 9.87269 47.1696 -10.4
    endloop
  endfacet
  facet normal 0 0 -1
    outer loop
      vertex 11.6273 49.3304 -10.4
      vertex 10.0163 49.579 -10.4
      vertex 10.0625 49.7153 -10.4
    endloop
  endfacet
  facet normal 0 0 -1
    outer loop
      vertex 11.7222 47.2778 -10.4
      vertex 9.77782 47.2778 -10.4
      vertex 11.7222 49.2222 -10.4
    endloop
  endfacet
  facet normal 0 0 -1
    outer loop
      vertex 11.6273 49.3304 -10.4
      vertex 9.95263 49.45 -10.4
      vertex 10.0163 49.579 -10.4
    endloop
  endfacet
  facet normal 0 0 -1
    outer loop
      vertex 9.77782 49.2222 -10.4
      vertex 11.7222 49.2222 -10.4
      vertex 9.77782 47.2778 -10.4
    endloop
  endfacet
  facet normal 0 0 -1
    outer loop
      vertex 11.6273 49.3304 -10.4
      vertex 9.87269 49.3304 -10.4
      vertex 9.95263 49.45 -10.4
    endloop
  endfacet
  facet normal 0 0 -1
    outer loop
      vertex 11.7222 49.2222 -10.4
      vertex 9.77782 49.2222 -10.4
      vertex 11.6273 49.3304 -10.4
    endloop
  endfacet
  facet normal -0 0 -1
    outer loop
      vertex 11.6273 49.3304 -10.4
      vertex 9.77782 49.2222 -10.4
      vertex 9.87269 49.3304 -10.4
    endloop
  endfacet
  facet normal 0 0 -1
    outer loop
      vertex 9.66964 47.3727 -10.4
      vertex 9.77782 49.2222 -10.4
      vertex 9.77782 47.2778 -10.4
    endloop
  endfacet
  facet normal 0 0 -1
    outer loop
      vertex 9.66964 47.3727 -10.4
      vertex 9.66964 49.1273 -10.4
      vertex 9.77782 49.2222 -10.4
    endloop
  endfacet
  facet normal 0 0 -1
    outer loop
      vertex 9.55 47.4526 -10.4
      vertex 9.66964 49.1273 -10.4
      vertex 9.66964 47.3727 -10.4
    endloop
  endfacet
  facet normal 0 0 -1
    outer loop
      vertex 9.55 47.4526 -10.4
      vertex 9.55 49.0474 -10.4
      vertex 9.66964 49.1273 -10.4
    endloop
  endfacet
  facet normal 0 0 -1
    outer loop
      vertex 9.42095 47.5163 -10.4
      vertex 9.55 49.0474 -10.4
      vertex 9.55 47.4526 -10.4
    endloop
  endfacet
  facet normal 0 0 -1
    outer loop
      vertex 9.42095 47.5163 -10.4
      vertex 9.42095 48.9837 -10.4
      vertex 9.55 49.0474 -10.4
    endloop
  endfacet
  facet normal 0 0 -1
    outer loop
      vertex 9.2847 47.5625 -10.4
      vertex 9.42095 48.9837 -10.4
      vertex 9.42095 47.5163 -10.4
    endloop
  endfacet
  facet normal 0 0 -1
    outer loop
      vertex 9.2847 47.5625 -10.4
      vertex 9.2847 48.9375 -10.4
      vertex 9.42095 48.9837 -10.4
    endloop
  endfacet
  facet normal 0 0 -1
    outer loop
      vertex 9.14358 47.5906 -10.4
      vertex 9.2847 48.9375 -10.4
      vertex 9.2847 47.5625 -10.4
    endloop
  endfacet
  facet normal 0 0 -1
    outer loop
      vertex 9.14358 47.5906 -10.4
      vertex 9.14358 48.9094 -10.4
      vertex 9.2847 48.9375 -10.4
    endloop
  endfacet
  facet normal 0 0 -1
    outer loop
      vertex 9 47.6 -10.4
      vertex 9.14358 48.9094 -10.4
      vertex 9.14358 47.5906 -10.4
    endloop
  endfacet
  facet normal 0 0 -1
    outer loop
      vertex 9 47.6 -10.4
      vertex 9 48.9 -10.4
      vertex 9.14358 48.9094 -10.4
    endloop
  endfacet
  facet normal 0 0 -1
    outer loop
      vertex 8.85642 47.5906 -10.4
      vertex 9 48.9 -10.4
      vertex 9 47.6 -10.4
    endloop
  endfacet
  facet normal 0 0 -1
    outer loop
      vertex 8.85642 47.5906 -10.4
      vertex 8.85642 48.9094 -10.4
      vertex 9 48.9 -10.4
    endloop
  endfacet
  facet normal 0 0 -1
    outer loop
      vertex 8.7153 47.5625 -10.4
      vertex 8.85642 48.9094 -10.4
      vertex 8.85642 47.5906 -10.4
    endloop
  endfacet
  facet normal 0 0 -1
    outer loop
      vertex 8.7153 47.5625 -10.4
      vertex 8.7153 48.9375 -10.4
      vertex 8.85642 48.9094 -10.4
    endloop
  endfacet
  facet normal 0 0 -1
    outer loop
      vertex 8.57905 47.5163 -10.4
      vertex 8.7153 48.9375 -10.4
      vertex 8.7153 47.5625 -10.4
    endloop
  endfacet
  facet normal 0 0 -1
    outer loop
      vertex 8.57905 47.5163 -10.4
      vertex 8.57905 48.9837 -10.4
      vertex 8.7153 48.9375 -10.4
    endloop
  endfacet
  facet normal 0 0 -1
    outer loop
      vertex 8.45 47.4526 -10.4
      vertex 8.57905 48.9837 -10.4
      vertex 8.57905 47.5163 -10.4
    endloop
  endfacet
  facet normal 0 0 -1
    outer loop
      vertex 8.45 47.4526 -10.4
      vertex 8.45 49.0474 -10.4
      vertex 8.57905 48.9837 -10.4
    endloop
  endfacet
  facet normal 0 0 -1
    outer loop
      vertex 8.33036 47.3727 -10.4
      vertex 8.45 49.0474 -10.4
      vertex 8.45 47.4526 -10.4
    endloop
  endfacet
  facet normal 0 0 -1
    outer loop
      vertex 8.33036 47.3727 -10.4
      vertex 8.33036 49.1273 -10.4
      vertex 8.45 49.0474 -10.4
    endloop
  endfacet
  facet normal 0 0 -1
    outer loop
      vertex 8.22218 47.2778 -10.4
      vertex 8.33036 49.1273 -10.4
      vertex 8.33036 47.3727 -10.4
    endloop
  endfacet
  facet normal 0 0 -1
    outer loop
      vertex 8.22218 47.2778 -10.4
      vertex 8.22218 49.2222 -10.4
      vertex 8.33036 49.1273 -10.4
    endloop
  endfacet
  facet normal 0 0 -1
    outer loop
      vertex 6.45263 47.05 -10.4
      vertex 8.04737 47.05 -10.4
      vertex 6.51627 46.921 -10.4
    endloop
  endfacet
  facet normal 0 0 -1
    outer loop
      vertex 8.04737 47.05 -10.4
      vertex 6.45263 47.05 -10.4
      vertex 8.12731 47.1696 -10.4
    endloop
  endfacet
  facet normal 0 0 -1
    outer loop
      vertex 7.93748 46.7847 -10.4
      vertex 6.56252 46.7847 -10.4
      vertex 7.98373 46.921 -10.4
    endloop
  endfacet
  facet normal 0 0 -1
    outer loop
      vertex 6.51627 46.921 -10.4
      vertex 7.98373 46.921 -10.4
      vertex 6.56252 46.7847 -10.4
    endloop
  endfacet
  facet normal 0 0 -1
    outer loop
      vertex 6.56252 46.7847 -10.4
      vertex 7.93748 46.7847 -10.4
      vertex 6.59059 46.6436 -10.4
    endloop
  endfacet
  facet normal 0 0 -1
    outer loop
      vertex 7.98373 46.921 -10.4
      vertex 6.51627 46.921 -10.4
      vertex 8.04737 47.05 -10.4
    endloop
  endfacet
  facet normal 0 0 -1
    outer loop
      vertex 7.90941 46.6436 -10.4
      vertex 6.59059 46.6436 -10.4
      vertex 7.93748 46.7847 -10.4
    endloop
  endfacet
  facet normal 0 0 -1
    outer loop
      vertex 8.12731 49.3304 -10.4
      vertex 6.6 50 -10.4
      vertex 8.04737 49.45 -10.4
    endloop
  endfacet
  facet normal 0 0 -1
    outer loop
      vertex 6.59059 46.6436 -10.4
      vertex 7.90941 46.6436 -10.4
      vertex 6.6 46.5 -10.4
    endloop
  endfacet
  facet normal 0 0 -1
    outer loop
      vertex 8.04737 49.45 -10.4
      vertex 6.6 50 -10.4
      vertex 7.98373 49.579 -10.4
    endloop
  endfacet
  facet normal 0 0 -1
    outer loop
      vertex 6.6 46.5 -10.4
      vertex 7.90941 46.6436 -10.4
      vertex 7.9 46.5 -10.4
    endloop
  endfacet
  facet normal 0 0 -1
    outer loop
      vertex 7.98373 49.579 -10.4
      vertex 6.6 50 -10.4
      vertex 7.93748 49.7153 -10.4
    endloop
  endfacet
  facet normal 0 0 -1
    outer loop
      vertex 13.5906 50.1436 -10.4
      vertex 13.6 53.5 -10.4
      vertex 13.6 50 -10.4
    endloop
  endfacet
  facet normal 0 0 -1
    outer loop
      vertex 13.5906 50.1436 -10.4
      vertex 13.5906 53.3564 -10.4
      vertex 13.6 53.5 -10.4
    endloop
  endfacet
  facet normal 0 0 -1
    outer loop
      vertex 13.5625 50.2847 -10.4
      vertex 13.5906 53.3564 -10.4
      vertex 13.5906 50.1436 -10.4
    endloop
  endfacet
  facet normal 0 0 -1
    outer loop
      vertex 13.5625 50.2847 -10.4
      vertex 13.5625 53.2153 -10.4
      vertex 13.5906 53.3564 -10.4
    endloop
  endfacet
  facet normal 0 0 -1
    outer loop
      vertex 13.5163 50.421 -10.4
      vertex 13.5625 53.2153 -10.4
      vertex 13.5625 50.2847 -10.4
    endloop
  endfacet
  facet normal 0 0 -1
    outer loop
      vertex 13.5163 50.421 -10.4
      vertex 13.5163 53.079 -10.4
      vertex 13.5625 53.2153 -10.4
    endloop
  endfacet
  facet normal 0 0 -1
    outer loop
      vertex 13.4526 50.55 -10.4
      vertex 13.5163 53.079 -10.4
      vertex 13.5163 50.421 -10.4
    endloop
  endfacet
  facet normal 0 0 -1
    outer loop
      vertex 13.4526 50.55 -10.4
      vertex 13.4526 52.95 -10.4
      vertex 13.5163 53.079 -10.4
    endloop
  endfacet
  facet normal 0 0 -1
    outer loop
      vertex 13.3727 50.6696 -10.4
      vertex 13.4526 52.95 -10.4
      vertex 13.4526 50.55 -10.4
    endloop
  endfacet
  facet normal 0 0 -1
    outer loop
      vertex 13.3727 50.6696 -10.4
      vertex 13.3727 52.8304 -10.4
      vertex 13.4526 52.95 -10.4
    endloop
  endfacet
  facet normal 0 0 -1
    outer loop
      vertex 13.2778 50.7778 -10.4
      vertex 13.3727 52.8304 -10.4
      vertex 13.3727 50.6696 -10.4
    endloop
  endfacet
  facet normal 0 0 -1
    outer loop
      vertex 13.2778 50.7778 -10.4
      vertex 13.2778 52.7222 -10.4
      vertex 13.3727 52.8304 -10.4
    endloop
  endfacet
  facet normal 0 0 -1
    outer loop
      vertex 13.1696 50.8727 -10.4
      vertex 13.2778 52.7222 -10.4
      vertex 13.2778 50.7778 -10.4
    endloop
  endfacet
  facet normal 0 0 -1
    outer loop
      vertex 13.1696 50.8727 -10.4
      vertex 13.1696 52.6273 -10.4
      vertex 13.2778 52.7222 -10.4
    endloop
  endfacet
  facet normal 0 0 -1
    outer loop
      vertex 13.05 50.9526 -10.4
      vertex 13.1696 52.6273 -10.4
      vertex 13.1696 50.8727 -10.4
    endloop
  endfacet
  facet normal 0 0 -1
    outer loop
      vertex 13.05 50.9526 -10.4
      vertex 13.05 52.5474 -10.4
      vertex 13.1696 52.6273 -10.4
    endloop
  endfacet
  facet normal 0 0 -1
    outer loop
      vertex 12.921 51.0163 -10.4
      vertex 13.05 52.5474 -10.4
      vertex 13.05 50.9526 -10.4
    endloop
  endfacet
  facet normal 0 0 -1
    outer loop
      vertex 12.921 51.0163 -10.4
      vertex 12.921 52.4837 -10.4
      vertex 13.05 52.5474 -10.4
    endloop
  endfacet
  facet normal 0 0 -1
    outer loop
      vertex 12.7847 51.0625 -10.4
      vertex 12.921 52.4837 -10.4
      vertex 12.921 51.0163 -10.4
    endloop
  endfacet
  facet normal 0 0 -1
    outer loop
      vertex 12.7847 51.0625 -10.4
      vertex 12.7847 52.4375 -10.4
      vertex 12.921 52.4837 -10.4
    endloop
  endfacet
  facet normal 0 0 -1
    outer loop
      vertex 12.6436 51.0906 -10.4
      vertex 12.7847 52.4375 -10.4
      vertex 12.7847 51.0625 -10.4
    endloop
  endfacet
  facet normal 0 0 -1
    outer loop
      vertex 12.6436 51.0906 -10.4
      vertex 12.6436 52.4094 -10.4
      vertex 12.7847 52.4375 -10.4
    endloop
  endfacet
  facet normal 0 0 -1
    outer loop
      vertex 12.5 51.1 -10.4
      vertex 12.6436 52.4094 -10.4
      vertex 12.6436 51.0906 -10.4
    endloop
  endfacet
  facet normal 0 0 -1
    outer loop
      vertex 12.5 51.1 -10.4
      vertex 12.5 52.4 -10.4
      vertex 12.6436 52.4094 -10.4
    endloop
  endfacet
  facet normal 0 0 -1
    outer loop
      vertex 12.3564 51.0906 -10.4
      vertex 12.5 52.4 -10.4
      vertex 12.5 51.1 -10.4
    endloop
  endfacet
  facet normal 0 0 -1
    outer loop
      vertex 12.3564 51.0906 -10.4
      vertex 12.3564 52.4094 -10.4
      vertex 12.5 52.4 -10.4
    endloop
  endfacet
  facet normal 0 0 -1
    outer loop
      vertex 12.2153 51.0625 -10.4
      vertex 12.3564 52.4094 -10.4
      vertex 12.3564 51.0906 -10.4
    endloop
  endfacet
  facet normal 0 0 -1
    outer loop
      vertex 12.2153 51.0625 -10.4
      vertex 12.2153 52.4375 -10.4
      vertex 12.3564 52.4094 -10.4
    endloop
  endfacet
  facet normal 0 0 -1
    outer loop
      vertex 12.079 51.0163 -10.4
      vertex 12.2153 52.4375 -10.4
      vertex 12.2153 51.0625 -10.4
    endloop
  endfacet
  facet normal 0 0 -1
    outer loop
      vertex 12.079 51.0163 -10.4
      vertex 12.079 52.4837 -10.4
      vertex 12.2153 52.4375 -10.4
    endloop
  endfacet
  facet normal 0 0 -1
    outer loop
      vertex 11.95 50.9526 -10.4
      vertex 12.079 52.4837 -10.4
      vertex 12.079 51.0163 -10.4
    endloop
  endfacet
  facet normal 0 0 -1
    outer loop
      vertex 11.95 50.9526 -10.4
      vertex 11.95 52.5474 -10.4
      vertex 12.079 52.4837 -10.4
    endloop
  endfacet
  facet normal 0 0 -1
    outer loop
      vertex 11.8304 50.8727 -10.4
      vertex 11.95 52.5474 -10.4
      vertex 11.95 50.9526 -10.4
    endloop
  endfacet
  facet normal 0 0 -1
    outer loop
      vertex 11.8304 50.8727 -10.4
      vertex 11.8304 52.6273 -10.4
      vertex 11.95 52.5474 -10.4
    endloop
  endfacet
  facet normal 0 0 -1
    outer loop
      vertex 11.7222 50.7778 -10.4
      vertex 11.8304 52.6273 -10.4
      vertex 11.8304 50.8727 -10.4
    endloop
  endfacet
  facet normal 0 0 -1
    outer loop
      vertex 11.7222 50.7778 -10.4
      vertex 11.7222 52.7222 -10.4
      vertex 11.8304 52.6273 -10.4
    endloop
  endfacet
  facet normal 0 0 -1
    outer loop
      vertex 9.95263 50.55 -10.4
      vertex 11.5474 50.55 -10.4
      vertex 10.0163 50.421 -10.4
    endloop
  endfacet
  facet normal 0 0 -1
    outer loop
      vertex 11.5474 50.55 -10.4
      vertex 9.95263 50.55 -10.4
      vertex 11.6273 50.6696 -10.4
    endloop
  endfacet
  facet normal 0 0 -1
    outer loop
      vertex 11.4375 50.2847 -10.4
      vertex 10.0625 50.2847 -10.4
      vertex 11.4837 50.421 -10.4
    endloop
  endfacet
  facet normal 0 0 -1
    outer loop
      vertex 10.0163 50.421 -10.4
      vertex 11.4837 50.421 -10.4
      vertex 10.0625 50.2847 -10.4
    endloop
  endfacet
  facet normal 0 0 -1
    outer loop
      vertex 10.0625 50.2847 -10.4
      vertex 11.4375 50.2847 -10.4
      vertex 10.0906 50.1436 -10.4
    endloop
  endfacet
  facet normal 0 0 -1
    outer loop
      vertex 11.4837 50.421 -10.4
      vertex 10.0163 50.421 -10.4
      vertex 11.5474 50.55 -10.4
    endloop
  endfacet
  facet normal 0 0 -1
    outer loop
      vertex 11.4094 50.1436 -10.4
      vertex 10.0906 50.1436 -10.4
      vertex 11.4375 50.2847 -10.4
    endloop
  endfacet
  facet normal 0 0 -1
    outer loop
      vertex 11.6273 52.8304 -10.4
      vertex 10.1 53.5 -10.4
      vertex 11.5474 52.95 -10.4
    endloop
  endfacet
  facet normal 0 0 -1
    outer loop
      vertex 10.0906 50.1436 -10.4
      vertex 11.4094 50.1436 -10.4
      vertex 10.1 50 -10.4
    endloop
  endfacet
  facet normal 0 0 -1
    outer loop
      vertex 11.5474 52.95 -10.4
      vertex 10.1 53.5 -10.4
      vertex 11.4837 53.079 -10.4
    endloop
  endfacet
  facet normal 0 0 -1
    outer loop
      vertex 10.1 50 -10.4
      vertex 11.4094 50.1436 -10.4
      vertex 11.4 50 -10.4
    endloop
  endfacet
  facet normal 0 0 -1
    outer loop
      vertex 11.4837 53.079 -10.4
      vertex 10.1 53.5 -10.4
      vertex 11.4375 53.2153 -10.4
    endloop
  endfacet
  facet normal 0 0 -1
    outer loop
      vertex 13.5906 46.6436 -10.4
      vertex 13.6 50 -10.4
      vertex 13.6 46.5 -10.4
    endloop
  endfacet
  facet normal 0 0 -1
    outer loop
      vertex 13.5906 46.6436 -10.4
      vertex 13.5906 49.8564 -10.4
      vertex 13.6 50 -10.4
    endloop
  endfacet
  facet normal 0 0 -1
    outer loop
      vertex 13.5625 46.7847 -10.4
      vertex 13.5906 49.8564 -10.4
      vertex 13.5906 46.6436 -10.4
    endloop
  endfacet
  facet normal 0 0 -1
    outer loop
      vertex 13.5625 46.7847 -10.4
      vertex 13.5625 49.7153 -10.4
      vertex 13.5906 49.8564 -10.4
    endloop
  endfacet
  facet normal 0 0 -1
    outer loop
      vertex 13.5163 46.921 -10.4
      vertex 13.5625 49.7153 -10.4
      vertex 13.5625 46.7847 -10.4
    endloop
  endfacet
  facet normal 0 0 -1
    outer loop
      vertex 13.5163 46.921 -10.4
      vertex 13.5163 49.579 -10.4
      vertex 13.5625 49.7153 -10.4
    endloop
  endfacet
  facet normal 0 0 -1
    outer loop
      vertex 13.4526 47.05 -10.4
      vertex 13.5163 49.579 -10.4
      vertex 13.5163 46.921 -10.4
    endloop
  endfacet
  facet normal 0 0 -1
    outer loop
      vertex 13.4526 47.05 -10.4
      vertex 13.4526 49.45 -10.4
      vertex 13.5163 49.579 -10.4
    endloop
  endfacet
  facet normal 0 0 -1
    outer loop
      vertex 13.3727 47.1696 -10.4
      vertex 13.4526 49.45 -10.4
      vertex 13.4526 47.05 -10.4
    endloop
  endfacet
  facet normal 0 0 -1
    outer loop
      vertex 13.3727 47.1696 -10.4
      vertex 13.3727 49.3304 -10.4
      vertex 13.4526 49.45 -10.4
    endloop
  endfacet
  facet normal 0 0 -1
    outer loop
      vertex 13.2778 47.2778 -10.4
      vertex 13.3727 49.3304 -10.4
      vertex 13.3727 47.1696 -10.4
    endloop
  endfacet
  facet normal 0 0 -1
    outer loop
      vertex 13.2778 47.2778 -10.4
      vertex 13.2778 49.2222 -10.4
      vertex 13.3727 49.3304 -10.4
    endloop
  endfacet
  facet normal 0 0 -1
    outer loop
      vertex 13.1696 47.3727 -10.4
      vertex 13.2778 49.2222 -10.4
      vertex 13.2778 47.2778 -10.4
    endloop
  endfacet
  facet normal 0 0 -1
    outer loop
      vertex 13.1696 47.3727 -10.4
      vertex 13.1696 49.1273 -10.4
      vertex 13.2778 49.2222 -10.4
    endloop
  endfacet
  facet normal 0 0 -1
    outer loop
      vertex 13.05 47.4526 -10.4
      vertex 13.1696 49.1273 -10.4
      vertex 13.1696 47.3727 -10.4
    endloop
  endfacet
  facet normal 0 0 -1
    outer loop
      vertex 13.05 47.4526 -10.4
      vertex 13.05 49.0474 -10.4
      vertex 13.1696 49.1273 -10.4
    endloop
  endfacet
  facet normal 0 0 -1
    outer loop
      vertex 12.921 47.5163 -10.4
      vertex 13.05 49.0474 -10.4
      vertex 13.05 47.4526 -10.4
    endloop
  endfacet
  facet normal 0 0 -1
    outer loop
      vertex 12.921 47.5163 -10.4
      vertex 12.921 48.9837 -10.4
      vertex 13.05 49.0474 -10.4
    endloop
  endfacet
  facet normal 0 0 -1
    outer loop
      vertex 12.7847 47.5625 -10.4
      vertex 12.921 48.9837 -10.4
      vertex 12.921 47.5163 -10.4
    endloop
  endfacet
  facet normal 0 0 -1
    outer loop
      vertex 12.7847 47.5625 -10.4
      vertex 12.7847 48.9375 -10.4
      vertex 12.921 48.9837 -10.4
    endloop
  endfacet
  facet normal 0 0 -1
    outer loop
      vertex 12.6436 47.5906 -10.4
      vertex 12.7847 48.9375 -10.4
      vertex 12.7847 47.5625 -10.4
    endloop
  endfacet
  facet normal 0 0 -1
    outer loop
      vertex 12.6436 47.5906 -10.4
      vertex 12.6436 48.9094 -10.4
      vertex 12.7847 48.9375 -10.4
    endloop
  endfacet
  facet normal 0 0 -1
    outer loop
      vertex 12.5 47.6 -10.4
      vertex 12.6436 48.9094 -10.4
      vertex 12.6436 47.5906 -10.4
    endloop
  endfacet
  facet normal 0 0 -1
    outer loop
      vertex 12.5 47.6 -10.4
      vertex 12.5 48.9 -10.4
      vertex 12.6436 48.9094 -10.4
    endloop
  endfacet
  facet normal 0 0 -1
    outer loop
      vertex 12.3564 47.5906 -10.4
      vertex 12.5 48.9 -10.4
      vertex 12.5 47.6 -10.4
    endloop
  endfacet
  facet normal 0 0 -1
    outer loop
      vertex 12.3564 47.5906 -10.4
      vertex 12.3564 48.9094 -10.4
      vertex 12.5 48.9 -10.4
    endloop
  endfacet
  facet normal 0 0 -1
    outer loop
      vertex 12.2153 47.5625 -10.4
      vertex 12.3564 48.9094 -10.4
      vertex 12.3564 47.5906 -10.4
    endloop
  endfacet
  facet normal 0 0 -1
    outer loop
      vertex 12.2153 47.5625 -10.4
      vertex 12.2153 48.9375 -10.4
      vertex 12.3564 48.9094 -10.4
    endloop
  endfacet
  facet normal 0 0 -1
    outer loop
      vertex 12.079 47.5163 -10.4
      vertex 12.2153 48.9375 -10.4
      vertex 12.2153 47.5625 -10.4
    endloop
  endfacet
  facet normal 0 0 -1
    outer loop
      vertex 12.079 47.5163 -10.4
      vertex 12.079 48.9837 -10.4
      vertex 12.2153 48.9375 -10.4
    endloop
  endfacet
  facet normal 0 0 -1
    outer loop
      vertex 11.95 47.4526 -10.4
      vertex 12.079 48.9837 -10.4
      vertex 12.079 47.5163 -10.4
    endloop
  endfacet
  facet normal 0 0 -1
    outer loop
      vertex 11.95 47.4526 -10.4
      vertex 11.95 49.0474 -10.4
      vertex 12.079 48.9837 -10.4
    endloop
  endfacet
  facet normal 0 0 -1
    outer loop
      vertex 11.8304 47.3727 -10.4
      vertex 11.95 49.0474 -10.4
      vertex 11.95 47.4526 -10.4
    endloop
  endfacet
  facet normal 0 0 -1
    outer loop
      vertex 11.8304 47.3727 -10.4
      vertex 11.8304 49.1273 -10.4
      vertex 11.95 49.0474 -10.4
    endloop
  endfacet
  facet normal 0 0 -1
    outer loop
      vertex 11.7222 47.2778 -10.4
      vertex 11.8304 49.1273 -10.4
      vertex 11.8304 47.3727 -10.4
    endloop
  endfacet
  facet normal 0 0 -1
    outer loop
      vertex 11.7222 47.2778 -10.4
      vertex 11.7222 49.2222 -10.4
      vertex 11.8304 49.1273 -10.4
    endloop
  endfacet
  facet normal 0 0 -1
    outer loop
      vertex 9.95263 47.05 -10.4
      vertex 11.5474 47.05 -10.4
      vertex 10.0163 46.921 -10.4
    endloop
  endfacet
  facet normal 0 0 -1
    outer loop
      vertex 11.5474 47.05 -10.4
      vertex 9.95263 47.05 -10.4
      vertex 11.6273 47.1696 -10.4
    endloop
  endfacet
  facet normal 0 0 -1
    outer loop
      vertex 11.4375 46.7847 -10.4
      vertex 10.0625 46.7847 -10.4
      vertex 11.4837 46.921 -10.4
    endloop
  endfacet
  facet normal 0 0 -1
    outer loop
      vertex 10.0163 46.921 -10.4
      vertex 11.4837 46.921 -10.4
      vertex 10.0625 46.7847 -10.4
    endloop
  endfacet
  facet normal 0 0 -1
    outer loop
      vertex 10.0625 46.7847 -10.4
      vertex 11.4375 46.7847 -10.4
      vertex 10.0906 46.6436 -10.4
    endloop
  endfacet
  facet normal 0 0 -1
    outer loop
      vertex 11.4837 46.921 -10.4
      vertex 10.0163 46.921 -10.4
      vertex 11.5474 47.05 -10.4
    endloop
  endfacet
  facet normal 0 0 -1
    outer loop
      vertex 11.4094 46.6436 -10.4
      vertex 10.0906 46.6436 -10.4
      vertex 11.4375 46.7847 -10.4
    endloop
  endfacet
  facet normal 0 0 -1
    outer loop
      vertex 11.6273 49.3304 -10.4
      vertex 10.1 50 -10.4
      vertex 11.5474 49.45 -10.4
    endloop
  endfacet
  facet normal 0 0 -1
    outer loop
      vertex 10.0906 46.6436 -10.4
      vertex 11.4094 46.6436 -10.4
      vertex 10.1 46.5 -10.4
    endloop
  endfacet
  facet normal 0 0 -1
    outer loop
      vertex 11.5474 49.45 -10.4
      vertex 10.1 50 -10.4
      vertex 11.4837 49.579 -10.4
    endloop
  endfacet
  facet normal 0 0 -1
    outer loop
      vertex 10.1 46.5 -10.4
      vertex 11.4094 46.6436 -10.4
      vertex 11.4 46.5 -10.4
    endloop
  endfacet
  facet normal 0 0 -1
    outer loop
      vertex 11.4837 49.579 -10.4
      vertex 10.1 50 -10.4
      vertex 11.4375 49.7153 -10.4
    endloop
  endfacet
  facet normal 0 0 -1
    outer loop
      vertex 59 -2.5 -10.4
      vertex 64.5 3 -10.4
      vertex 64.4529 2.2821 -10.4
    endloop
  endfacet
  facet normal 0 0 -1
    outer loop
      vertex 64.5 3 -10.4
      vertex 13.5906 53.6436 -10.4
      vertex 64.5 114.2 -10.4
    endloop
  endfacet
  facet normal 0 0 -1
    outer loop
      vertex 59 -2.5 -10.4
      vertex 64.4529 2.2821 -10.4
      vertex 64.3126 1.57649 -10.4
    endloop
  endfacet
  facet normal 0 0 -1
    outer loop
      vertex 13.5625 53.7847 -10.4
      vertex 64.5 114.2 -10.4
      vertex 13.5906 53.6436 -10.4
    endloop
  endfacet
  facet normal 0 0 -1
    outer loop
      vertex 59 -2.5 -10.4
      vertex 64.3126 1.57649 -10.4
      vertex 64.0813 0.895248 -10.4
    endloop
  endfacet
  facet normal 0 0 -1
    outer loop
      vertex 13.5163 53.921 -10.4
      vertex 64.5 114.2 -10.4
      vertex 13.5625 53.7847 -10.4
    endloop
  endfacet
  facet normal 0 0 -1
    outer loop
      vertex 59 -2.5 -10.4
      vertex 64.0813 0.895248 -10.4
      vertex 63.7631 0.25 -10.4
    endloop
  endfacet
  facet normal 0 0 -1
    outer loop
      vertex 13.4526 54.05 -10.4
      vertex 64.5 114.2 -10.4
      vertex 13.5163 53.921 -10.4
    endloop
  endfacet
  facet normal 0 0 -1
    outer loop
      vertex 59 -2.5 -10.4
      vertex 63.7631 0.25 -10.4
      vertex 63.3634 -0.34819 -10.4
    endloop
  endfacet
  facet normal 0 0 -1
    outer loop
      vertex 13.3727 54.1696 -10.4
      vertex 64.5 114.2 -10.4
      vertex 13.4526 54.05 -10.4
    endloop
  endfacet
  facet normal 0 0 -1
    outer loop
      vertex 59 -2.5 -10.4
      vertex 63.3634 -0.34819 -10.4
      vertex 62.8891 -0.889084 -10.4
    endloop
  endfacet
  facet normal 0 0 -1
    outer loop
      vertex 13.2778 54.2778 -10.4
      vertex 64.5 114.2 -10.4
      vertex 13.3727 54.1696 -10.4
    endloop
  endfacet
  facet normal 0 0 -1
    outer loop
      vertex 59 -2.5 -10.4
      vertex 62.8891 -0.889084 -10.4
      vertex 62.3482 -1.36345 -10.4
    endloop
  endfacet
  facet normal 0 0 -1
    outer loop
      vertex 13.1696 54.3727 -10.4
      vertex 64.5 114.2 -10.4
      vertex 13.2778 54.2778 -10.4
    endloop
  endfacet
  facet normal 0 0 -1
    outer loop
      vertex 59 -2.5 -10.4
      vertex 62.3482 -1.36345 -10.4
      vertex 61.75 -1.76314 -10.4
    endloop
  endfacet
  facet normal 0 0 -1
    outer loop
      vertex 13.05 54.4526 -10.4
      vertex 64.5 114.2 -10.4
      vertex 13.1696 54.3727 -10.4
    endloop
  endfacet
  facet normal 0 0 -1
    outer loop
      vertex 59 -2.5 -10.4
      vertex 61.75 -1.76314 -10.4
      vertex 61.1048 -2.08134 -10.4
    endloop
  endfacet
  facet normal 0 0 -1
    outer loop
      vertex 64.5 114.2 -10.4
      vertex 59 119.7 -10.4
      vertex 64.4529 114.918 -10.4
    endloop
  endfacet
  facet normal 0 0 -1
    outer loop
      vertex 59 -2.5 -10.4
      vertex 61.1048 -2.08134 -10.4
      vertex 60.4235 -2.31259 -10.4
    endloop
  endfacet
  facet normal 0 0 -1
    outer loop
      vertex 64.4529 114.918 -10.4
      vertex 59 119.7 -10.4
      vertex 64.3126 115.624 -10.4
    endloop
  endfacet
  facet normal 0 0 -1
    outer loop
      vertex 59 -2.5 -10.4
      vertex 60.4235 -2.31259 -10.4
      vertex 59.7179 -2.45294 -10.4
    endloop
  endfacet
  facet normal 0 0 -1
    outer loop
      vertex 64.0813 116.305 -10.4
      vertex 59 119.7 -10.4
      vertex 63.7631 116.95 -10.4
    endloop
  endfacet
  facet normal -0 0 -1
    outer loop
      vertex 64.5 3 -10.4
      vertex 59 -2.5 -10.4
      vertex 13.3727 45.8304 -10.4
    endloop
  endfacet
  facet normal 0 0 -1
    outer loop
      vertex 63.3634 117.548 -10.4
      vertex 59 119.7 -10.4
      vertex 62.8891 118.089 -10.4
    endloop
  endfacet
  facet normal 0 0 -1
    outer loop
      vertex 64.5 3 -10.4
      vertex 13.6 46.5 -10.4
      vertex 13.6 50 -10.4
    endloop
  endfacet
  facet normal 0 0 -1
    outer loop
      vertex 64.5 3 -10.4
      vertex 13.5906 46.3564 -10.4
      vertex 13.6 46.5 -10.4
    endloop
  endfacet
  facet normal 0 0 -1
    outer loop
      vertex 64.5 3 -10.4
      vertex 13.5625 46.2153 -10.4
      vertex 13.5906 46.3564 -10.4
    endloop
  endfacet
  facet normal 0 0 -1
    outer loop
      vertex 64.5 3 -10.4
      vertex 13.5163 46.079 -10.4
      vertex 13.5625 46.2153 -10.4
    endloop
  endfacet
  facet normal 0 0 -1
    outer loop
      vertex 64.5 3 -10.4
      vertex 13.4526 45.95 -10.4
      vertex 13.5163 46.079 -10.4
    endloop
  endfacet
  facet normal 0 0 -1
    outer loop
      vertex 64.5 3 -10.4
      vertex 13.3727 45.8304 -10.4
      vertex 13.4526 45.95 -10.4
    endloop
  endfacet
  facet normal 0 0 -1
    outer loop
      vertex 59 -2.5 -10.4
      vertex 13.2778 45.7222 -10.4
      vertex 13.3727 45.8304 -10.4
    endloop
  endfacet
  facet normal 0 0 -1
    outer loop
      vertex 59 -2.5 -10.4
      vertex 13.1696 45.6273 -10.4
      vertex 13.2778 45.7222 -10.4
    endloop
  endfacet
  facet normal 0 0 -1
    outer loop
      vertex 59 -2.5 -10.4
      vertex 13.05 45.5474 -10.4
      vertex 13.1696 45.6273 -10.4
    endloop
  endfacet
  facet normal 0 0 -1
    outer loop
      vertex 3 -2.5 -10.4
      vertex 13.05 45.5474 -10.4
      vertex 59 -2.5 -10.4
    endloop
  endfacet
  facet normal 0 0 -1
    outer loop
      vertex 13.05 45.5474 -10.4
      vertex 3 -2.5 -10.4
      vertex 12.921 45.4837 -10.4
    endloop
  endfacet
  facet normal 0 0 -1
    outer loop
      vertex 12.921 45.4837 -10.4
      vertex 3 -2.5 -10.4
      vertex 12.7847 45.4375 -10.4
    endloop
  endfacet
  facet normal 0 0 -1
    outer loop
      vertex -2.5 3 -10.4
      vertex 12.7847 45.4375 -10.4
      vertex 3 -2.5 -10.4
    endloop
  endfacet
  facet normal 0 0 -1
    outer loop
      vertex 12.7847 45.4375 -10.4
      vertex -2.5 3 -10.4
      vertex 12.6436 45.4094 -10.4
    endloop
  endfacet
  facet normal 0 0 -1
    outer loop
      vertex 12.6436 45.4094 -10.4
      vertex -2.5 3 -10.4
      vertex 12.5 45.4 -10.4
    endloop
  endfacet
  facet normal -0 0 -1
    outer loop
      vertex 12.5 45.4 -10.4
      vertex -2.5 3 -10.4
      vertex 12.3564 45.4094 -10.4
    endloop
  endfacet
  facet normal 0 -0 -1
    outer loop
      vertex 9.14358 45.4094 -10.4
      vertex 12.3564 45.4094 -10.4
      vertex -2.5 3 -10.4
    endloop
  endfacet
  facet normal 0 0 -1
    outer loop
      vertex 12.3564 45.4094 -10.4
      vertex 9.14358 45.4094 -10.4
      vertex 12.2153 45.4375 -10.4
    endloop
  endfacet
  facet normal 0 -0 -1
    outer loop
      vertex 9.2847 45.4375 -10.4
      vertex 12.2153 45.4375 -10.4
      vertex 9.14358 45.4094 -10.4
    endloop
  endfacet
  facet normal 0 0 -1
    outer loop
      vertex 11.4094 49.8564 -10.4
      vertex 10.1 50 -10.4
      vertex 11.4 50 -10.4
    endloop
  endfacet
  facet normal 0 0 -1
    outer loop
      vertex 11.4375 49.7153 -10.4
      vertex 10.1 50 -10.4
      vertex 11.4094 49.8564 -10.4
    endloop
  endfacet
  facet normal 0 0 -1
    outer loop
      vertex 11.4094 46.3564 -10.4
      vertex 10.1 46.5 -10.4
      vertex 11.4 46.5 -10.4
    endloop
  endfacet
  facet normal 0 0 -1
    outer loop
      vertex 10.0906 46.3564 -10.4
      vertex 11.4094 46.3564 -10.4
      vertex 11.4375 46.2153 -10.4
    endloop
  endfacet
  facet normal 0 0 -1
    outer loop
      vertex 10.0625 46.2153 -10.4
      vertex 11.4375 46.2153 -10.4
      vertex 11.4837 46.079 -10.4
    endloop
  endfacet
  facet normal 0 0 -1
    outer loop
      vertex 10.0163 46.079 -10.4
      vertex 11.4837 46.079 -10.4
      vertex 11.5474 45.95 -10.4
    endloop
  endfacet
  facet normal 0 0 -1
    outer loop
      vertex 9.95263 45.95 -10.4
      vertex 11.5474 45.95 -10.4
      vertex 11.6273 45.8304 -10.4
    endloop
  endfacet
  facet normal 0 0 -1
    outer loop
      vertex 9.87269 45.8304 -10.4
      vertex 11.6273 45.8304 -10.4
      vertex 11.7222 45.7222 -10.4
    endloop
  endfacet
  facet normal 0 0 -1
    outer loop
      vertex 12.2153 45.4375 -10.4
      vertex 9.2847 45.4375 -10.4
      vertex 12.079 45.4837 -10.4
    endloop
  endfacet
  facet normal 0 0 -1
    outer loop
      vertex 11.4094 46.3564 -10.4
      vertex 10.0906 46.3564 -10.4
      vertex 10.1 46.5 -10.4
    endloop
  endfacet
  facet normal 0 0 -1
    outer loop
      vertex 11.4375 46.2153 -10.4
      vertex 10.0625 46.2153 -10.4
      vertex 10.0906 46.3564 -10.4
    endloop
  endfacet
  facet normal 0 0 -1
    outer loop
      vertex 11.4837 46.079 -10.4
      vertex 10.0163 46.079 -10.4
      vertex 10.0625 46.2153 -10.4
    endloop
  endfacet
  facet normal 0 0 -1
    outer loop
      vertex 11.5474 45.95 -10.4
      vertex 9.95263 45.95 -10.4
      vertex 10.0163 46.079 -10.4
    endloop
  endfacet
  facet normal 0 0 -1
    outer loop
      vertex 11.6273 45.8304 -10.4
      vertex 9.87269 45.8304 -10.4
      vertex 9.95263 45.95 -10.4
    endloop
  endfacet
  facet normal 0 0 -1
    outer loop
      vertex 11.7222 45.7222 -10.4
      vertex 9.77782 45.7222 -10.4
      vertex 9.87269 45.8304 -10.4
    endloop
  endfacet
  facet normal -0 0 -1
    outer loop
      vertex 11.7222 45.7222 -10.4
      vertex 9.66964 45.6273 -10.4
      vertex 9.77782 45.7222 -10.4
    endloop
  endfacet
  facet normal 0 -0 -1
    outer loop
      vertex 9.42095 45.4837 -10.4
      vertex 12.079 45.4837 -10.4
      vertex 9.2847 45.4375 -10.4
    endloop
  endfacet
  facet normal 0 0 -1
    outer loop
      vertex 11.8304 45.6273 -10.4
      vertex 9.66964 45.6273 -10.4
      vertex 11.7222 45.7222 -10.4
    endloop
  endfacet
  facet normal 0 -0 -1
    outer loop
      vertex 9.66964 45.6273 -10.4
      vertex 11.8304 45.6273 -10.4
      vertex 9.55 45.5474 -10.4
    endloop
  endfacet
  facet normal 0 0 -1
    outer loop
      vertex 12.079 45.4837 -10.4
      vertex 9.42095 45.4837 -10.4
      vertex 11.95 45.5474 -10.4
    endloop
  endfacet
  facet normal 0 0 -1
    outer loop
      vertex 11.95 45.5474 -10.4
      vertex 9.55 45.5474 -10.4
      vertex 11.8304 45.6273 -10.4
    endloop
  endfacet
  facet normal 0 -0 -1
    outer loop
      vertex 9.55 45.5474 -10.4
      vertex 11.95 45.5474 -10.4
      vertex 9.42095 45.4837 -10.4
    endloop
  endfacet
  facet normal 0 0 -1
    outer loop
      vertex 9.14358 45.4094 -10.4
      vertex -2.5 3 -10.4
      vertex 9 45.4 -10.4
    endloop
  endfacet
  facet normal -0 0 -1
    outer loop
      vertex 9 45.4 -10.4
      vertex -2.5 3 -10.4
      vertex 8.85642 45.4094 -10.4
    endloop
  endfacet
  facet normal 0 -0 -1
    outer loop
      vertex 5.64358 45.4094 -10.4
      vertex 8.85642 45.4094 -10.4
      vertex -2.5 3 -10.4
    endloop
  endfacet
  facet normal 0 0 -1
    outer loop
      vertex 8.85642 45.4094 -10.4
      vertex 5.64358 45.4094 -10.4
      vertex 8.7153 45.4375 -10.4
    endloop
  endfacet
  facet normal 0 -0 -1
    outer loop
      vertex 5.7847 45.4375 -10.4
      vertex 8.7153 45.4375 -10.4
      vertex 5.64358 45.4094 -10.4
    endloop
  endfacet
  facet normal 0 0 -1
    outer loop
      vertex 7.90941 49.8564 -10.4
      vertex 6.6 50 -10.4
      vertex 7.9 50 -10.4
    endloop
  endfacet
  facet normal 0 0 -1
    outer loop
      vertex 7.93748 49.7153 -10.4
      vertex 6.6 50 -10.4
      vertex 7.90941 49.8564 -10.4
    endloop
  endfacet
  facet normal 0 0 -1
    outer loop
      vertex 7.90941 46.3564 -10.4
      vertex 6.6 46.5 -10.4
      vertex 7.9 46.5 -10.4
    endloop
  endfacet
  facet normal 0 0 -1
    outer loop
      vertex 6.59059 46.3564 -10.4
      vertex 7.90941 46.3564 -10.4
      vertex 7.93748 46.2153 -10.4
    endloop
  endfacet
  facet normal 0 0 -1
    outer loop
      vertex 6.56252 46.2153 -10.4
      vertex 7.93748 46.2153 -10.4
      vertex 7.98373 46.079 -10.4
    endloop
  endfacet
  facet normal 0 0 -1
    outer loop
      vertex 6.51627 46.079 -10.4
      vertex 7.98373 46.079 -10.4
      vertex 8.04737 45.95 -10.4
    endloop
  endfacet
  facet normal 0 0 -1
    outer loop
      vertex 6.45263 45.95 -10.4
      vertex 8.04737 45.95 -10.4
      vertex 8.12731 45.8304 -10.4
    endloop
  endfacet
  facet normal 0 0 -1
    outer loop
      vertex 6.37269 45.8304 -10.4
      vertex 8.12731 45.8304 -10.4
      vertex 8.22218 45.7222 -10.4
    endloop
  endfacet
  facet normal 0 0 -1
    outer loop
      vertex 8.7153 45.4375 -10.4
      vertex 5.7847 45.4375 -10.4
      vertex 8.57905 45.4837 -10.4
    endloop
  endfacet
  facet normal 0 0 -1
    outer loop
      vertex 7.90941 46.3564 -10.4
      vertex 6.59059 46.3564 -10.4
      vertex 6.6 46.5 -10.4
    endloop
  endfacet
  facet normal 0 0 -1
    outer loop
      vertex 7.93748 46.2153 -10.4
      vertex 6.56252 46.2153 -10.4
      vertex 6.59059 46.3564 -10.4
    endloop
  endfacet
  facet normal 0 0 -1
    outer loop
      vertex 7.98373 46.079 -10.4
      vertex 6.51627 46.079 -10.4
      vertex 6.56252 46.2153 -10.4
    endloop
  endfacet
  facet normal 0 0 -1
    outer loop
      vertex 8.04737 45.95 -10.4
      vertex 6.45263 45.95 -10.4
      vertex 6.51627 46.079 -10.4
    endloop
  endfacet
  facet normal 0 0 -1
    outer loop
      vertex 8.12731 45.8304 -10.4
      vertex 6.37269 45.8304 -10.4
      vertex 6.45263 45.95 -10.4
    endloop
  endfacet
  facet normal 0 0 -1
    outer loop
      vertex 8.22218 45.7222 -10.4
      vertex 6.27782 45.7222 -10.4
      vertex 6.37269 45.8304 -10.4
    endloop
  endfacet
  facet normal 0 -0 -1
    outer loop
      vertex 5.92095 45.4837 -10.4
      vertex 8.57905 45.4837 -10.4
      vertex 5.7847 45.4375 -10.4
    endloop
  endfacet
  facet normal -0 0 -1
    outer loop
      vertex 8.22218 45.7222 -10.4
      vertex 6.16964 45.6273 -10.4
      vertex 6.27782 45.7222 -10.4
    endloop
  endfacet
  facet normal 0 0 -1
    outer loop
      vertex 8.33036 45.6273 -10.4
      vertex 6.16964 45.6273 -10.4
      vertex 8.22218 45.7222 -10.4
    endloop
  endfacet
  facet normal 0 0 -1
    outer loop
      vertex 8.57905 45.4837 -10.4
      vertex 5.92095 45.4837 -10.4
      vertex 8.45 45.5474 -10.4
    endloop
  endfacet
  facet normal 0 -0 -1
    outer loop
      vertex 6.16964 45.6273 -10.4
      vertex 8.33036 45.6273 -10.4
      vertex 6.05 45.5474 -10.4
    endloop
  endfacet
  facet normal 0 0 -1
    outer loop
      vertex 8.45 45.5474 -10.4
      vertex 6.05 45.5474 -10.4
      vertex 8.33036 45.6273 -10.4
    endloop
  endfacet
  facet normal 0 -0 -1
    outer loop
      vertex 6.05 45.5474 -10.4
      vertex 8.45 45.5474 -10.4
      vertex 5.92095 45.4837 -10.4
    endloop
  endfacet
  facet normal 0 0 -1
    outer loop
      vertex 5.64358 45.4094 -10.4
      vertex -2.5 3 -10.4
      vertex 5.5 45.4 -10.4
    endloop
  endfacet
  facet normal -0 0 -1
    outer loop
      vertex 5.5 45.4 -10.4
      vertex -2.5 3 -10.4
      vertex 5.35642 45.4094 -10.4
    endloop
  endfacet
  facet normal -0 0 -1
    outer loop
      vertex 5.35642 45.4094 -10.4
      vertex -2.5 3 -10.4
      vertex 5.2153 45.4375 -10.4
    endloop
  endfacet
  facet normal -0 0 -1
    outer loop
      vertex 5.2153 45.4375 -10.4
      vertex -2.5 3 -10.4
      vertex 5.07905 45.4837 -10.4
    endloop
  endfacet
  facet normal -0 0 -1
    outer loop
      vertex 5.07905 45.4837 -10.4
      vertex -2.5 3 -10.4
      vertex 4.95 45.5474 -10.4
    endloop
  endfacet
  facet normal 0 0 -1
    outer loop
      vertex -2.5 3 -10.4
      vertex 4.4 50 -10.4
      vertex 4.4 46.5 -10.4
    endloop
  endfacet
  facet normal -0 0 -1
    outer loop
      vertex 4.40941 46.3564 -10.4
      vertex -2.5 3 -10.4
      vertex 4.4 46.5 -10.4
    endloop
  endfacet
  facet normal -0 0 -1
    outer loop
      vertex 4.43748 46.2153 -10.4
      vertex -2.5 3 -10.4
      vertex 4.40941 46.3564 -10.4
    endloop
  endfacet
  facet normal -0 0 -1
    outer loop
      vertex 4.48373 46.079 -10.4
      vertex -2.5 3 -10.4
      vertex 4.43748 46.2153 -10.4
    endloop
  endfacet
  facet normal -0 0 -1
    outer loop
      vertex 4.54737 45.95 -10.4
      vertex -2.5 3 -10.4
      vertex 4.48373 46.079 -10.4
    endloop
  endfacet
  facet normal -0 0 -1
    outer loop
      vertex 4.62731 45.8304 -10.4
      vertex -2.5 3 -10.4
      vertex 4.54737 45.95 -10.4
    endloop
  endfacet
  facet normal -0 0 -1
    outer loop
      vertex 4.72218 45.7222 -10.4
      vertex -2.5 3 -10.4
      vertex 4.62731 45.8304 -10.4
    endloop
  endfacet
  facet normal -0 0 -1
    outer loop
      vertex 4.83036 45.6273 -10.4
      vertex -2.5 3 -10.4
      vertex 4.72218 45.7222 -10.4
    endloop
  endfacet
  facet normal -0 0 -1
    outer loop
      vertex 4.95 45.5474 -10.4
      vertex -2.5 3 -10.4
      vertex 4.83036 45.6273 -10.4
    endloop
  endfacet
  facet normal 0 0 -1
    outer loop
      vertex 64.5 3 -10.4
      vertex 13.6 50 -10.4
      vertex 13.6 53.5 -10.4
    endloop
  endfacet
  facet normal 0 0 -1
    outer loop
      vertex 64.5 3 -10.4
      vertex 13.6 53.5 -10.4
      vertex 13.5906 53.6436 -10.4
    endloop
  endfacet
  facet normal 0 0 -1
    outer loop
      vertex 62.3482 118.563 -10.4
      vertex 59 119.7 -10.4
      vertex 61.75 118.963 -10.4
    endloop
  endfacet
  facet normal 0 0 -1
    outer loop
      vertex 61.75 118.963 -10.4
      vertex 59 119.7 -10.4
      vertex 61.1048 119.281 -10.4
    endloop
  endfacet
  facet normal 0 0 -1
    outer loop
      vertex 60.4235 119.513 -10.4
      vertex 59 119.7 -10.4
      vertex 59.7179 119.653 -10.4
    endloop
  endfacet
  facet normal 0 0 -1
    outer loop
      vertex 61.1048 119.281 -10.4
      vertex 59 119.7 -10.4
      vertex 60.4235 119.513 -10.4
    endloop
  endfacet
  facet normal 0 0 -1
    outer loop
      vertex 62.8891 118.089 -10.4
      vertex 59 119.7 -10.4
      vertex 62.3482 118.563 -10.4
    endloop
  endfacet
  facet normal 0 0 -1
    outer loop
      vertex 63.7631 116.95 -10.4
      vertex 59 119.7 -10.4
      vertex 63.3634 117.548 -10.4
    endloop
  endfacet
  facet normal 0 0 -1
    outer loop
      vertex 64.3126 115.624 -10.4
      vertex 59 119.7 -10.4
      vertex 64.0813 116.305 -10.4
    endloop
  endfacet
  facet normal -0 0 -1
    outer loop
      vertex 64.5 114.2 -10.4
      vertex 13.05 54.4526 -10.4
      vertex 59 119.7 -10.4
    endloop
  endfacet
  facet normal 0 0 -1
    outer loop
      vertex 12.921 54.5163 -10.4
      vertex 59 119.7 -10.4
      vertex 13.05 54.4526 -10.4
    endloop
  endfacet
  facet normal 0 0 -1
    outer loop
      vertex -2.5 114.2 -10.4
      vertex 12.921 54.5163 -10.4
      vertex 12.7847 54.5625 -10.4
    endloop
  endfacet
  facet normal 0 0 -1
    outer loop
      vertex -2.5 114.2 -10.4
      vertex 12.7847 54.5625 -10.4
      vertex 12.6436 54.5906 -10.4
    endloop
  endfacet
  facet normal 0 0 -1
    outer loop
      vertex -2.5 114.2 -10.4
      vertex 12.6436 54.5906 -10.4
      vertex 12.5 54.6 -10.4
    endloop
  endfacet
  facet normal 0 0 -1
    outer loop
      vertex 9 54.6 -10.4
      vertex 12.5 54.6 -10.4
      vertex 12.3564 54.5906 -10.4
    endloop
  endfacet
  facet normal 0 0 -1
    outer loop
      vertex 9.14358 54.5906 -10.4
      vertex 12.3564 54.5906 -10.4
      vertex 12.2153 54.5625 -10.4
    endloop
  endfacet
  facet normal 0 0 -1
    outer loop
      vertex 9.2847 54.5625 -10.4
      vertex 12.2153 54.5625 -10.4
      vertex 12.079 54.5163 -10.4
    endloop
  endfacet
  facet normal 0 0 -1
    outer loop
      vertex 9.42095 54.5163 -10.4
      vertex 12.079 54.5163 -10.4
      vertex 11.95 54.4526 -10.4
    endloop
  endfacet
  facet normal 0 0 -1
    outer loop
      vertex 9.55 54.4526 -10.4
      vertex 11.95 54.4526 -10.4
      vertex 11.8304 54.3727 -10.4
    endloop
  endfacet
  facet normal 0 0 -1
    outer loop
      vertex 9.66964 54.3727 -10.4
      vertex 11.8304 54.3727 -10.4
      vertex 11.7222 54.2778 -10.4
    endloop
  endfacet
  facet normal 0 0 -1
    outer loop
      vertex 9.77782 54.2778 -10.4
      vertex 11.7222 54.2778 -10.4
      vertex 11.6273 54.1696 -10.4
    endloop
  endfacet
  facet normal 0 0 -1
    outer loop
      vertex 11.4375 53.2153 -10.4
      vertex 10.1 53.5 -10.4
      vertex 11.4094 53.3564 -10.4
    endloop
  endfacet
  facet normal 0 0 -1
    outer loop
      vertex 11.4094 53.3564 -10.4
      vertex 10.1 53.5 -10.4
      vertex 11.4 53.5 -10.4
    endloop
  endfacet
  facet normal 0 0 -1
    outer loop
      vertex 11.4 53.5 -10.4
      vertex 10.1 53.5 -10.4
      vertex 11.4094 53.6436 -10.4
    endloop
  endfacet
  facet normal 0 0 -1
    outer loop
      vertex 10.0906 53.6436 -10.4
      vertex 11.4094 53.6436 -10.4
      vertex 10.1 53.5 -10.4
    endloop
  endfacet
  facet normal 0 0 -1
    outer loop
      vertex 11.4094 53.6436 -10.4
      vertex 10.0906 53.6436 -10.4
      vertex 11.4375 53.7847 -10.4
    endloop
  endfacet
  facet normal 0 0 -1
    outer loop
      vertex 10.0625 53.7847 -10.4
      vertex 11.4375 53.7847 -10.4
      vertex 10.0906 53.6436 -10.4
    endloop
  endfacet
  facet normal 0 0 -1
    outer loop
      vertex 11.4375 53.7847 -10.4
      vertex 10.0625 53.7847 -10.4
      vertex 11.4837 53.921 -10.4
    endloop
  endfacet
  facet normal 0 0 -1
    outer loop
      vertex 10.0163 53.921 -10.4
      vertex 11.4837 53.921 -10.4
      vertex 10.0625 53.7847 -10.4
    endloop
  endfacet
  facet normal 0 0 -1
    outer loop
      vertex 11.4837 53.921 -10.4
      vertex 10.0163 53.921 -10.4
      vertex 11.5474 54.05 -10.4
    endloop
  endfacet
  facet normal 0 0 -1
    outer loop
      vertex 9.95263 54.05 -10.4
      vertex 11.5474 54.05 -10.4
      vertex 10.0163 53.921 -10.4
    endloop
  endfacet
  facet normal 0 0 -1
    outer loop
      vertex 11.5474 54.05 -10.4
      vertex 9.95263 54.05 -10.4
      vertex 11.6273 54.1696 -10.4
    endloop
  endfacet
  facet normal 0 0 -1
    outer loop
      vertex 9.87269 54.1696 -10.4
      vertex 11.6273 54.1696 -10.4
      vertex 9.95263 54.05 -10.4
    endloop
  endfacet
  facet normal 0 0 -1
    outer loop
      vertex 9.77782 54.2778 -10.4
      vertex 11.6273 54.1696 -10.4
      vertex 9.87269 54.1696 -10.4
    endloop
  endfacet
  facet normal 0 0 -1
    outer loop
      vertex 11.7222 54.2778 -10.4
      vertex 9.77782 54.2778 -10.4
      vertex 9.66964 54.3727 -10.4
    endloop
  endfacet
  facet normal 0 0 -1
    outer loop
      vertex 11.8304 54.3727 -10.4
      vertex 9.66964 54.3727 -10.4
      vertex 9.55 54.4526 -10.4
    endloop
  endfacet
  facet normal 0 0 -1
    outer loop
      vertex 11.95 54.4526 -10.4
      vertex 9.55 54.4526 -10.4
      vertex 9.42095 54.5163 -10.4
    endloop
  endfacet
  facet normal 0 0 -1
    outer loop
      vertex 12.079 54.5163 -10.4
      vertex 9.42095 54.5163 -10.4
      vertex 9.2847 54.5625 -10.4
    endloop
  endfacet
  facet normal 0 0 -1
    outer loop
      vertex 12.2153 54.5625 -10.4
      vertex 9.2847 54.5625 -10.4
      vertex 9.14358 54.5906 -10.4
    endloop
  endfacet
  facet normal 0 0 -1
    outer loop
      vertex 9 54.6 -10.4
      vertex 12.3564 54.5906 -10.4
      vertex 9.14358 54.5906 -10.4
    endloop
  endfacet
  facet normal 0 0 -1
    outer loop
      vertex 12.5 54.6 -10.4
      vertex 9 54.6 -10.4
      vertex -2.5 114.2 -10.4
    endloop
  endfacet
  facet normal 0 0 -1
    outer loop
      vertex 5.5 54.6 -10.4
      vertex 9 54.6 -10.4
      vertex 8.85642 54.5906 -10.4
    endloop
  endfacet
  facet normal 0 0 -1
    outer loop
      vertex 5.64358 54.5906 -10.4
      vertex 8.85642 54.5906 -10.4
      vertex 8.7153 54.5625 -10.4
    endloop
  endfacet
  facet normal 0 0 -1
    outer loop
      vertex 5.7847 54.5625 -10.4
      vertex 8.7153 54.5625 -10.4
      vertex 8.57905 54.5163 -10.4
    endloop
  endfacet
  facet normal 0 0 -1
    outer loop
      vertex 5.92095 54.5163 -10.4
      vertex 8.57905 54.5163 -10.4
      vertex 8.45 54.4526 -10.4
    endloop
  endfacet
  facet normal 0 0 -1
    outer loop
      vertex 6.05 54.4526 -10.4
      vertex 8.45 54.4526 -10.4
      vertex 8.33036 54.3727 -10.4
    endloop
  endfacet
  facet normal 0 0 -1
    outer loop
      vertex 6.16964 54.3727 -10.4
      vertex 8.33036 54.3727 -10.4
      vertex 8.22218 54.2778 -10.4
    endloop
  endfacet
  facet normal 0 0 -1
    outer loop
      vertex 6.27782 54.2778 -10.4
      vertex 8.22218 54.2778 -10.4
      vertex 8.12731 54.1696 -10.4
    endloop
  endfacet
  facet normal 0 0 -1
    outer loop
      vertex 7.93748 53.2153 -10.4
      vertex 6.6 53.5 -10.4
      vertex 7.90941 53.3564 -10.4
    endloop
  endfacet
  facet normal 0 0 -1
    outer loop
      vertex 7.90941 53.3564 -10.4
      vertex 6.6 53.5 -10.4
      vertex 7.9 53.5 -10.4
    endloop
  endfacet
  facet normal 0 0 -1
    outer loop
      vertex 7.9 53.5 -10.4
      vertex 6.6 53.5 -10.4
      vertex 7.90941 53.6436 -10.4
    endloop
  endfacet
  facet normal 0 0 -1
    outer loop
      vertex 6.59059 53.6436 -10.4
      vertex 7.90941 53.6436 -10.4
      vertex 6.6 53.5 -10.4
    endloop
  endfacet
  facet normal 0 0 -1
    outer loop
      vertex 7.90941 53.6436 -10.4
      vertex 6.59059 53.6436 -10.4
      vertex 7.93748 53.7847 -10.4
    endloop
  endfacet
  facet normal 0 0 -1
    outer loop
      vertex 6.56252 53.7847 -10.4
      vertex 7.93748 53.7847 -10.4
      vertex 6.59059 53.6436 -10.4
    endloop
  endfacet
  facet normal 0 0 -1
    outer loop
      vertex 7.93748 53.7847 -10.4
      vertex 6.56252 53.7847 -10.4
      vertex 7.98373 53.921 -10.4
    endloop
  endfacet
  facet normal 0 0 -1
    outer loop
      vertex 6.51627 53.921 -10.4
      vertex 7.98373 53.921 -10.4
      vertex 6.56252 53.7847 -10.4
    endloop
  endfacet
  facet normal 0 0 -1
    outer loop
      vertex 7.98373 53.921 -10.4
      vertex 6.51627 53.921 -10.4
      vertex 8.04737 54.05 -10.4
    endloop
  endfacet
  facet normal 0 0 -1
    outer loop
      vertex 6.45263 54.05 -10.4
      vertex 8.04737 54.05 -10.4
      vertex 6.51627 53.921 -10.4
    endloop
  endfacet
  facet normal 0 0 -1
    outer loop
      vertex 8.04737 54.05 -10.4
      vertex 6.45263 54.05 -10.4
      vertex 8.12731 54.1696 -10.4
    endloop
  endfacet
  facet normal 0 0 -1
    outer loop
      vertex 6.37269 54.1696 -10.4
      vertex 8.12731 54.1696 -10.4
      vertex 6.45263 54.05 -10.4
    endloop
  endfacet
  facet normal 0 0 -1
    outer loop
      vertex 6.27782 54.2778 -10.4
      vertex 8.12731 54.1696 -10.4
      vertex 6.37269 54.1696 -10.4
    endloop
  endfacet
  facet normal 0 0 -1
    outer loop
      vertex 8.22218 54.2778 -10.4
      vertex 6.27782 54.2778 -10.4
      vertex 6.16964 54.3727 -10.4
    endloop
  endfacet
  facet normal 0 0 -1
    outer loop
      vertex 8.33036 54.3727 -10.4
      vertex 6.16964 54.3727 -10.4
      vertex 6.05 54.4526 -10.4
    endloop
  endfacet
  facet normal 0 0 -1
    outer loop
      vertex 8.45 54.4526 -10.4
      vertex 6.05 54.4526 -10.4
      vertex 5.92095 54.5163 -10.4
    endloop
  endfacet
  facet normal 0 0 -1
    outer loop
      vertex 8.57905 54.5163 -10.4
      vertex 5.92095 54.5163 -10.4
      vertex 5.7847 54.5625 -10.4
    endloop
  endfacet
  facet normal 0 0 -1
    outer loop
      vertex 8.7153 54.5625 -10.4
      vertex 5.7847 54.5625 -10.4
      vertex 5.64358 54.5906 -10.4
    endloop
  endfacet
  facet normal 0 0 -1
    outer loop
      vertex 5.5 54.6 -10.4
      vertex 8.85642 54.5906 -10.4
      vertex 5.64358 54.5906 -10.4
    endloop
  endfacet
  facet normal 0 0 -1
    outer loop
      vertex 9 54.6 -10.4
      vertex 5.5 54.6 -10.4
      vertex -2.5 114.2 -10.4
    endloop
  endfacet
  facet normal 0 0 -1
    outer loop
      vertex -2.5 114.2 -10.4
      vertex 5.5 54.6 -10.4
      vertex 5.35642 54.5906 -10.4
    endloop
  endfacet
  facet normal 0 0 -1
    outer loop
      vertex -2.5 114.2 -10.4
      vertex 5.35642 54.5906 -10.4
      vertex 5.2153 54.5625 -10.4
    endloop
  endfacet
  facet normal 0 0 -1
    outer loop
      vertex -2.5 114.2 -10.4
      vertex 5.2153 54.5625 -10.4
      vertex 5.07905 54.5163 -10.4
    endloop
  endfacet
  facet normal 0 0 -1
    outer loop
      vertex -2.5 114.2 -10.4
      vertex 5.07905 54.5163 -10.4
      vertex 4.95 54.4526 -10.4
    endloop
  endfacet
  facet normal 0 0 -1
    outer loop
      vertex -2.5 114.2 -10.4
      vertex 4.95 54.4526 -10.4
      vertex 4.83036 54.3727 -10.4
    endloop
  endfacet
  facet normal 0 0 -1
    outer loop
      vertex -2.5 114.2 -10.4
      vertex 4.83036 54.3727 -10.4
      vertex 4.72218 54.2778 -10.4
    endloop
  endfacet
  facet normal 0 0 -1
    outer loop
      vertex -2.5 114.2 -10.4
      vertex 4.72218 54.2778 -10.4
      vertex 4.62731 54.1696 -10.4
    endloop
  endfacet
  facet normal 0 0 -1
    outer loop
      vertex 12.921 54.5163 -10.4
      vertex 3 119.7 -10.4
      vertex 59 119.7 -10.4
    endloop
  endfacet
  facet normal 0 0 -1
    outer loop
      vertex -2.5 114.2 -10.4
      vertex 4.62731 54.1696 -10.4
      vertex 4.54737 54.05 -10.4
    endloop
  endfacet
  facet normal 0 0 -1
    outer loop
      vertex -2.5 114.2 -10.4
      vertex 4.54737 54.05 -10.4
      vertex 4.48373 53.921 -10.4
    endloop
  endfacet
  facet normal 0 0 -1
    outer loop
      vertex -2.5 114.2 -10.4
      vertex 4.48373 53.921 -10.4
      vertex 4.43748 53.7847 -10.4
    endloop
  endfacet
  facet normal 0 0 -1
    outer loop
      vertex -2.5 114.2 -10.4
      vertex 4.43748 53.7847 -10.4
      vertex 4.40941 53.6436 -10.4
    endloop
  endfacet
  facet normal 0 0 -1
    outer loop
      vertex -2.5 114.2 -10.4
      vertex 4.40941 53.6436 -10.4
      vertex 4.4 53.5 -10.4
    endloop
  endfacet
  facet normal -0 0 -1
    outer loop
      vertex 4.4 50 -10.4
      vertex -2.5 3 -10.4
      vertex 4.4 53.5 -10.4
    endloop
  endfacet
  facet normal 0 0 -1
    outer loop
      vertex -2.5 3 -10.4
      vertex 3 -2.5 -10.4
      vertex 2.2821 -2.45294 -10.4
    endloop
  endfacet
  facet normal 0 0 -1
    outer loop
      vertex -2.5 114.2 -10.4
      vertex 4.4 53.5 -10.4
      vertex -2.5 3 -10.4
    endloop
  endfacet
  facet normal 0 0 -1
    outer loop
      vertex -2.5 3 -10.4
      vertex 2.2821 -2.45294 -10.4
      vertex 1.57649 -2.31259 -10.4
    endloop
  endfacet
  facet normal 0 0 -1
    outer loop
      vertex 12.921 54.5163 -10.4
      vertex -2.5 114.2 -10.4
      vertex 3 119.7 -10.4
    endloop
  endfacet
  facet normal 0 0 -1
    outer loop
      vertex -2.5 3 -10.4
      vertex 1.57649 -2.31259 -10.4
      vertex 0.895248 -2.08134 -10.4
    endloop
  endfacet
  facet normal 0 0 -1
    outer loop
      vertex 3 119.7 -10.4
      vertex -2.5 114.2 -10.4
      vertex 2.2821 119.653 -10.4
    endloop
  endfacet
  facet normal 0 0 -1
    outer loop
      vertex -2.5 3 -10.4
      vertex 0.895248 -2.08134 -10.4
      vertex 0.25 -1.76314 -10.4
    endloop
  endfacet
  facet normal 0 0 -1
    outer loop
      vertex 2.2821 119.653 -10.4
      vertex -2.5 114.2 -10.4
      vertex 1.57649 119.513 -10.4
    endloop
  endfacet
  facet normal 0 0 -1
    outer loop
      vertex -2.5 3 -10.4
      vertex 0.25 -1.76314 -10.4
      vertex -0.34819 -1.36345 -10.4
    endloop
  endfacet
  facet normal 0 0 -1
    outer loop
      vertex 1.57649 119.513 -10.4
      vertex -2.5 114.2 -10.4
      vertex 0.895248 119.281 -10.4
    endloop
  endfacet
  facet normal 0 0 -1
    outer loop
      vertex -2.5 3 -10.4
      vertex -0.34819 -1.36345 -10.4
      vertex -0.889084 -0.889084 -10.4
    endloop
  endfacet
  facet normal 0 0 -1
    outer loop
      vertex 0.895248 119.281 -10.4
      vertex -2.5 114.2 -10.4
      vertex 0.25 118.963 -10.4
    endloop
  endfacet
  facet normal 0 0 -1
    outer loop
      vertex -2.5 3 -10.4
      vertex -0.889084 -0.889084 -10.4
      vertex -1.36345 -0.34819 -10.4
    endloop
  endfacet
  facet normal 0 0 -1
    outer loop
      vertex 0.25 118.963 -10.4
      vertex -2.5 114.2 -10.4
      vertex -0.34819 118.563 -10.4
    endloop
  endfacet
  facet normal 0 0 -1
    outer loop
      vertex -2.5 3 -10.4
      vertex -1.36345 -0.34819 -10.4
      vertex -1.76314 0.25 -10.4
    endloop
  endfacet
  facet normal 0 0 -1
    outer loop
      vertex -0.34819 118.563 -10.4
      vertex -2.5 114.2 -10.4
      vertex -0.889084 118.089 -10.4
    endloop
  endfacet
  facet normal 0 0 -1
    outer loop
      vertex -2.5 3 -10.4
      vertex -1.76314 0.25 -10.4
      vertex -2.08134 0.895248 -10.4
    endloop
  endfacet
  facet normal 0 0 -1
    outer loop
      vertex -0.889084 118.089 -10.4
      vertex -2.5 114.2 -10.4
      vertex -1.36345 117.548 -10.4
    endloop
  endfacet
  facet normal 0 0 -1
    outer loop
      vertex -2.5 3 -10.4
      vertex -2.08134 0.895248 -10.4
      vertex -2.31259 1.57649 -10.4
    endloop
  endfacet
  facet normal 0 0 -1
    outer loop
      vertex -1.36345 117.548 -10.4
      vertex -2.5 114.2 -10.4
      vertex -1.76314 116.95 -10.4
    endloop
  endfacet
  facet normal 0 0 -1
    outer loop
      vertex -2.5 3 -10.4
      vertex -2.31259 1.57649 -10.4
      vertex -2.45294 2.2821 -10.4
    endloop
  endfacet
  facet normal 0 0 -1
    outer loop
      vertex -1.76314 116.95 -10.4
      vertex -2.5 114.2 -10.4
      vertex -2.08134 116.305 -10.4
    endloop
  endfacet
  facet normal 0 0 -1
    outer loop
      vertex -2.08134 116.305 -10.4
      vertex -2.5 114.2 -10.4
      vertex -2.31259 115.624 -10.4
    endloop
  endfacet
  facet normal 0 0 -1
    outer loop
      vertex -2.31259 115.624 -10.4
      vertex -2.5 114.2 -10.4
      vertex -2.45294 114.918 -10.4
    endloop
  endfacet
  facet normal 0 0 1
    outer loop
      vertex 63.5 114.2 4.1
      vertex 64.5 114.2 4.1
      vertex 64.4529 114.918 4.1
    endloop
  endfacet
  facet normal 0 0 1
    outer loop
      vertex 64.5 114.2 4.1
      vertex 63.5 114.2 4.1
      vertex 64.5 3 4.1
    endloop
  endfacet
  facet normal 0 0 1
    outer loop
      vertex 63.4615 114.787 4.1
      vertex 64.4529 114.918 4.1
      vertex 64.3126 115.624 4.1
    endloop
  endfacet
  facet normal 0 0 1
    outer loop
      vertex 63.5 3 4.1
      vertex 64.5 3 4.1
      vertex 63.5 114.2 4.1
    endloop
  endfacet
  facet normal 0 0 1
    outer loop
      vertex 63.3467 115.365 4.1
      vertex 64.3126 115.624 4.1
      vertex 64.0813 116.305 4.1
    endloop
  endfacet
  facet normal 0 0 1
    outer loop
      vertex 64.5 3 4.1
      vertex 63.5 3 4.1
      vertex 64.4529 2.2821 4.1
    endloop
  endfacet
  facet normal 0 0 1
    outer loop
      vertex 63.1575 115.922 4.1
      vertex 64.0813 116.305 4.1
      vertex 63.7631 116.95 4.1
    endloop
  endfacet
  facet normal -0 0 1
    outer loop
      vertex 63.4615 2.41263 4.1
      vertex 64.4529 2.2821 4.1
      vertex 63.5 3 4.1
    endloop
  endfacet
  facet normal 0 0 1
    outer loop
      vertex 64.4529 2.2821 4.1
      vertex 63.4615 2.41263 4.1
      vertex 64.3126 1.57649 4.1
    endloop
  endfacet
  facet normal 0 0 1
    outer loop
      vertex 64.4529 114.918 4.1
      vertex 63.4615 114.787 4.1
      vertex 63.5 114.2 4.1
    endloop
  endfacet
  facet normal 0 0 1
    outer loop
      vertex 62.8971 116.45 4.1
      vertex 63.7631 116.95 4.1
      vertex 63.3634 117.548 4.1
    endloop
  endfacet
  facet normal 0 0 1
    outer loop
      vertex 64.3126 115.624 4.1
      vertex 63.3467 115.365 4.1
      vertex 63.4615 114.787 4.1
    endloop
  endfacet
  facet normal 0 0 1
    outer loop
      vertex 64.0813 116.305 4.1
      vertex 63.1575 115.922 4.1
      vertex 63.3467 115.365 4.1
    endloop
  endfacet
  facet normal 0 0 1
    outer loop
      vertex 63.7631 116.95 4.1
      vertex 62.8971 116.45 4.1
      vertex 63.1575 115.922 4.1
    endloop
  endfacet
  facet normal 0 0 1
    outer loop
      vertex 62.5701 116.939 4.1
      vertex 63.3634 117.548 4.1
      vertex 62.8891 118.089 4.1
    endloop
  endfacet
  facet normal 0 0 1
    outer loop
      vertex 63.3634 117.548 4.1
      vertex 62.5701 116.939 4.1
      vertex 62.8971 116.45 4.1
    endloop
  endfacet
  facet normal 0 0 1
    outer loop
      vertex 62.182 117.382 4.1
      vertex 62.8891 118.089 4.1
      vertex 62.3482 118.563 4.1
    endloop
  endfacet
  facet normal 0 0 1
    outer loop
      vertex 62.8891 118.089 4.1
      vertex 62.182 117.382 4.1
      vertex 62.5701 116.939 4.1
    endloop
  endfacet
  facet normal 0 0 1
    outer loop
      vertex 61.7394 117.77 4.1
      vertex 62.3482 118.563 4.1
      vertex 61.75 118.963 4.1
    endloop
  endfacet
  facet normal 0 0 1
    outer loop
      vertex 62.3482 118.563 4.1
      vertex 61.7394 117.77 4.1
      vertex 62.182 117.382 4.1
    endloop
  endfacet
  facet normal 0 0 1
    outer loop
      vertex 61.75 118.963 4.1
      vertex 61.25 118.097 4.1
      vertex 61.7394 117.77 4.1
    endloop
  endfacet
  facet normal 0 0 1
    outer loop
      vertex 61.1048 119.281 4.1
      vertex 61.25 118.097 4.1
      vertex 61.75 118.963 4.1
    endloop
  endfacet
  facet normal 0 0 1
    outer loop
      vertex 61.1048 119.281 4.1
      vertex 60.7221 118.357 4.1
      vertex 61.25 118.097 4.1
    endloop
  endfacet
  facet normal 0 0 1
    outer loop
      vertex 60.4235 119.513 4.1
      vertex 60.7221 118.357 4.1
      vertex 61.1048 119.281 4.1
    endloop
  endfacet
  facet normal 0 0 1
    outer loop
      vertex 60.4235 119.513 4.1
      vertex 60.1647 118.547 4.1
      vertex 60.7221 118.357 4.1
    endloop
  endfacet
  facet normal 0 0 1
    outer loop
      vertex 59.7179 119.653 4.1
      vertex 60.1647 118.547 4.1
      vertex 60.4235 119.513 4.1
    endloop
  endfacet
  facet normal 0 0 1
    outer loop
      vertex 59.7179 119.653 4.1
      vertex 59.5874 118.661 4.1
      vertex 60.1647 118.547 4.1
    endloop
  endfacet
  facet normal 0 0 1
    outer loop
      vertex 59 119.7 4.1
      vertex 59.5874 118.661 4.1
      vertex 59.7179 119.653 4.1
    endloop
  endfacet
  facet normal 0 0 1
    outer loop
      vertex 59 119.7 4.1
      vertex 59 118.7 4.1
      vertex 59.5874 118.661 4.1
    endloop
  endfacet
  facet normal -0 0 1
    outer loop
      vertex 3 119.7 4.1
      vertex 59 118.7 4.1
      vertex 59 119.7 4.1
    endloop
  endfacet
  facet normal 0 0 1
    outer loop
      vertex 3 119.7 4.1
      vertex 3 118.7 4.1
      vertex 59 118.7 4.1
    endloop
  endfacet
  facet normal 0 0 1
    outer loop
      vertex 3 119.7 4.1
      vertex 2.41263 118.661 4.1
      vertex 3 118.7 4.1
    endloop
  endfacet
  facet normal -0 0 1
    outer loop
      vertex 2.2821 119.653 4.1
      vertex 2.41263 118.661 4.1
      vertex 3 119.7 4.1
    endloop
  endfacet
  facet normal 0 0 1
    outer loop
      vertex 2.2821 119.653 4.1
      vertex 1.83531 118.547 4.1
      vertex 2.41263 118.661 4.1
    endloop
  endfacet
  facet normal -0 0 1
    outer loop
      vertex 1.57649 119.513 4.1
      vertex 1.83531 118.547 4.1
      vertex 2.2821 119.653 4.1
    endloop
  endfacet
  facet normal 0 0 1
    outer loop
      vertex 1.57649 119.513 4.1
      vertex 1.27792 118.357 4.1
      vertex 1.83531 118.547 4.1
    endloop
  endfacet
  facet normal -0 0 1
    outer loop
      vertex 0.895248 119.281 4.1
      vertex 1.27792 118.357 4.1
      vertex 1.57649 119.513 4.1
    endloop
  endfacet
  facet normal 0 0 1
    outer loop
      vertex 0.895248 119.281 4.1
      vertex 0.75 118.097 4.1
      vertex 1.27792 118.357 4.1
    endloop
  endfacet
  facet normal -0 0 1
    outer loop
      vertex 0.25 118.963 4.1
      vertex 0.75 118.097 4.1
      vertex 0.895248 119.281 4.1
    endloop
  endfacet
  facet normal 0 0 1
    outer loop
      vertex 0.75 118.097 4.1
      vertex 0.25 118.963 4.1
      vertex 0.260574 117.77 4.1
    endloop
  endfacet
  facet normal -0 0 1
    outer loop
      vertex -0.34819 118.563 4.1
      vertex 0.260574 117.77 4.1
      vertex 0.25 118.963 4.1
    endloop
  endfacet
  facet normal 0 0 1
    outer loop
      vertex 0.260574 117.77 4.1
      vertex -0.34819 118.563 4.1
      vertex -0.181976 117.382 4.1
    endloop
  endfacet
  facet normal -0 0 1
    outer loop
      vertex -0.889084 118.089 4.1
      vertex -0.181976 117.382 4.1
      vertex -0.34819 118.563 4.1
    endloop
  endfacet
  facet normal 0 0 1
    outer loop
      vertex -0.181976 117.382 4.1
      vertex -0.889084 118.089 4.1
      vertex -0.570084 116.939 4.1
    endloop
  endfacet
  facet normal -0 0 1
    outer loop
      vertex -1.36345 117.548 4.1
      vertex -0.570084 116.939 4.1
      vertex -0.889084 118.089 4.1
    endloop
  endfacet
  facet normal 0 0 1
    outer loop
      vertex -0.570084 116.939 4.1
      vertex -1.36345 117.548 4.1
      vertex -0.89711 116.45 4.1
    endloop
  endfacet
  facet normal -0 0 1
    outer loop
      vertex -1.76314 116.95 4.1
      vertex -0.89711 116.45 4.1
      vertex -1.36345 117.548 4.1
    endloop
  endfacet
  facet normal 0 0 1
    outer loop
      vertex -0.89711 116.45 4.1
      vertex -1.76314 116.95 4.1
      vertex -1.15746 115.922 4.1
    endloop
  endfacet
  facet normal -0 0 1
    outer loop
      vertex -2.08134 116.305 4.1
      vertex -1.15746 115.922 4.1
      vertex -1.76314 116.95 4.1
    endloop
  endfacet
  facet normal 0 0 1
    outer loop
      vertex -1.15746 115.922 4.1
      vertex -2.08134 116.305 4.1
      vertex -1.34666 115.365 4.1
    endloop
  endfacet
  facet normal 0 0 1
    outer loop
      vertex -1.34666 115.365 4.1
      vertex -2.31259 115.624 4.1
      vertex -1.4615 114.787 4.1
    endloop
  endfacet
  facet normal -0 0 1
    outer loop
      vertex -2.31259 115.624 4.1
      vertex -1.34666 115.365 4.1
      vertex -2.08134 116.305 4.1
    endloop
  endfacet
  facet normal -0 0 1
    outer loop
      vertex 63.3467 1.83531 4.1
      vertex 64.3126 1.57649 4.1
      vertex 63.4615 2.41263 4.1
    endloop
  endfacet
  facet normal 0 0 1
    outer loop
      vertex 64.3126 1.57649 4.1
      vertex 63.3467 1.83531 4.1
      vertex 64.0813 0.895248 4.1
    endloop
  endfacet
  facet normal -0 0 1
    outer loop
      vertex 63.1575 1.27792 4.1
      vertex 64.0813 0.895248 4.1
      vertex 63.3467 1.83531 4.1
    endloop
  endfacet
  facet normal 0 0 1
    outer loop
      vertex 64.0813 0.895248 4.1
      vertex 63.1575 1.27792 4.1
      vertex 63.7631 0.25 4.1
    endloop
  endfacet
  facet normal -0 0 1
    outer loop
      vertex 62.8971 0.75 4.1
      vertex 63.7631 0.25 4.1
      vertex 63.1575 1.27792 4.1
    endloop
  endfacet
  facet normal 0 0 1
    outer loop
      vertex 63.7631 0.25 4.1
      vertex 62.8971 0.75 4.1
      vertex 63.3634 -0.34819 4.1
    endloop
  endfacet
  facet normal -0 0 1
    outer loop
      vertex 62.5701 0.260574 4.1
      vertex 63.3634 -0.34819 4.1
      vertex 62.8971 0.75 4.1
    endloop
  endfacet
  facet normal 0 0 1
    outer loop
      vertex 63.3634 -0.34819 4.1
      vertex 62.5701 0.260574 4.1
      vertex 62.8891 -0.889084 4.1
    endloop
  endfacet
  facet normal -0 0 1
    outer loop
      vertex 62.182 -0.181976 4.1
      vertex 62.8891 -0.889084 4.1
      vertex 62.5701 0.260574 4.1
    endloop
  endfacet
  facet normal 0 0 1
    outer loop
      vertex 62.8891 -0.889084 4.1
      vertex 62.182 -0.181976 4.1
      vertex 62.3482 -1.36345 4.1
    endloop
  endfacet
  facet normal -0 0 1
    outer loop
      vertex 61.7394 -0.570084 4.1
      vertex 62.3482 -1.36345 4.1
      vertex 62.182 -0.181976 4.1
    endloop
  endfacet
  facet normal 0 0 1
    outer loop
      vertex 62.3482 -1.36345 4.1
      vertex 61.7394 -0.570084 4.1
      vertex 61.75 -1.76314 4.1
    endloop
  endfacet
  facet normal -0 0 1
    outer loop
      vertex 61.25 -0.89711 4.1
      vertex 61.75 -1.76314 4.1
      vertex 61.7394 -0.570084 4.1
    endloop
  endfacet
  facet normal 0 0 1
    outer loop
      vertex 61.25 -0.89711 4.1
      vertex 61.1048 -2.08134 4.1
      vertex 61.75 -1.76314 4.1
    endloop
  endfacet
  facet normal -0 0 1
    outer loop
      vertex 60.7221 -1.15746 4.1
      vertex 61.1048 -2.08134 4.1
      vertex 61.25 -0.89711 4.1
    endloop
  endfacet
  facet normal 0 0 1
    outer loop
      vertex 60.7221 -1.15746 4.1
      vertex 60.4235 -2.31259 4.1
      vertex 61.1048 -2.08134 4.1
    endloop
  endfacet
  facet normal -0 0 1
    outer loop
      vertex 60.1647 -1.34666 4.1
      vertex 60.4235 -2.31259 4.1
      vertex 60.7221 -1.15746 4.1
    endloop
  endfacet
  facet normal 0 0 1
    outer loop
      vertex 60.1647 -1.34666 4.1
      vertex 59.7179 -2.45294 4.1
      vertex 60.4235 -2.31259 4.1
    endloop
  endfacet
  facet normal -0 0 1
    outer loop
      vertex 59.5874 -1.4615 4.1
      vertex 59.7179 -2.45294 4.1
      vertex 60.1647 -1.34666 4.1
    endloop
  endfacet
  facet normal -0 0 1
    outer loop
      vertex 59 -1.5 4.1
      vertex 59.7179 -2.45294 4.1
      vertex 59.5874 -1.4615 4.1
    endloop
  endfacet
  facet normal 0 0 1
    outer loop
      vertex 59 -1.5 4.1
      vertex 59 -2.5 4.1
      vertex 59.7179 -2.45294 4.1
    endloop
  endfacet
  facet normal -0 0 1
    outer loop
      vertex 3 -1.5 4.1
      vertex 59 -2.5 4.1
      vertex 59 -1.5 4.1
    endloop
  endfacet
  facet normal 0 0 1
    outer loop
      vertex 3 -1.5 4.1
      vertex 3 -2.5 4.1
      vertex 59 -2.5 4.1
    endloop
  endfacet
  facet normal 0 0 1
    outer loop
      vertex 2.41263 -1.4615 4.1
      vertex 3 -2.5 4.1
      vertex 3 -1.5 4.1
    endloop
  endfacet
  facet normal 0 0 1
    outer loop
      vertex 2.41263 -1.4615 4.1
      vertex 2.2821 -2.45294 4.1
      vertex 3 -2.5 4.1
    endloop
  endfacet
  facet normal 0 0 1
    outer loop
      vertex 1.83531 -1.34666 4.1
      vertex 2.2821 -2.45294 4.1
      vertex 2.41263 -1.4615 4.1
    endloop
  endfacet
  facet normal 0 0 1
    outer loop
      vertex 1.83531 -1.34666 4.1
      vertex 1.57649 -2.31259 4.1
      vertex 2.2821 -2.45294 4.1
    endloop
  endfacet
  facet normal 0 0 1
    outer loop
      vertex 1.27792 -1.15746 4.1
      vertex 1.57649 -2.31259 4.1
      vertex 1.83531 -1.34666 4.1
    endloop
  endfacet
  facet normal 0 0 1
    outer loop
      vertex 1.27792 -1.15746 4.1
      vertex 0.895248 -2.08134 4.1
      vertex 1.57649 -2.31259 4.1
    endloop
  endfacet
  facet normal 0 0 1
    outer loop
      vertex 0.75 -0.89711 4.1
      vertex 0.895248 -2.08134 4.1
      vertex 1.27792 -1.15746 4.1
    endloop
  endfacet
  facet normal 0 0 1
    outer loop
      vertex 0.25 -1.76314 4.1
      vertex 0.75 -0.89711 4.1
      vertex 0.260574 -0.570084 4.1
    endloop
  endfacet
  facet normal 0 0 1
    outer loop
      vertex 0.75 -0.89711 4.1
      vertex 0.25 -1.76314 4.1
      vertex 0.895248 -2.08134 4.1
    endloop
  endfacet
  facet normal 0 0 1
    outer loop
      vertex -0.34819 -1.36345 4.1
      vertex 0.260574 -0.570084 4.1
      vertex -0.181976 -0.181976 4.1
    endloop
  endfacet
  facet normal 0 0 1
    outer loop
      vertex 0.260574 -0.570084 4.1
      vertex -0.34819 -1.36345 4.1
      vertex 0.25 -1.76314 4.1
    endloop
  endfacet
  facet normal 0 0 1
    outer loop
      vertex -0.889084 -0.889084 4.1
      vertex -0.181976 -0.181976 4.1
      vertex -0.570084 0.260574 4.1
    endloop
  endfacet
  facet normal 0 0 1
    outer loop
      vertex -0.181976 -0.181976 4.1
      vertex -0.889084 -0.889084 4.1
      vertex -0.34819 -1.36345 4.1
    endloop
  endfacet
  facet normal 0 0 1
    outer loop
      vertex -1.36345 -0.34819 4.1
      vertex -0.570084 0.260574 4.1
      vertex -0.89711 0.75 4.1
    endloop
  endfacet
  facet normal 0 0 1
    outer loop
      vertex -1.76314 0.25 4.1
      vertex -0.89711 0.75 4.1
      vertex -1.15746 1.27792 4.1
    endloop
  endfacet
  facet normal 0 0 1
    outer loop
      vertex -2.08134 0.895248 4.1
      vertex -1.15746 1.27792 4.1
      vertex -1.34666 1.83531 4.1
    endloop
  endfacet
  facet normal 0 0 1
    outer loop
      vertex -0.570084 0.260574 4.1
      vertex -1.36345 -0.34819 4.1
      vertex -0.889084 -0.889084 4.1
    endloop
  endfacet
  facet normal 0 0 1
    outer loop
      vertex -2.31259 1.57649 4.1
      vertex -1.34666 1.83531 4.1
      vertex -1.4615 2.41263 4.1
    endloop
  endfacet
  facet normal 0 0 1
    outer loop
      vertex -2.45294 2.2821 4.1
      vertex -1.4615 2.41263 4.1
      vertex -1.5 3 4.1
    endloop
  endfacet
  facet normal 0 0 1
    outer loop
      vertex -0.89711 0.75 4.1
      vertex -1.76314 0.25 4.1
      vertex -1.36345 -0.34819 4.1
    endloop
  endfacet
  facet normal 0 0 1
    outer loop
      vertex -1.5 114.2 4.1
      vertex -2.5 114.2 4.1
      vertex -1.5 3 4.1
    endloop
  endfacet
  facet normal -0 0 1
    outer loop
      vertex -2.45294 114.918 4.1
      vertex -1.4615 114.787 4.1
      vertex -2.31259 115.624 4.1
    endloop
  endfacet
  facet normal 0 0 1
    outer loop
      vertex -2.5 3 4.1
      vertex -1.5 3 4.1
      vertex -2.5 114.2 4.1
    endloop
  endfacet
  facet normal 0 0 1
    outer loop
      vertex -1.4615 114.787 4.1
      vertex -2.45294 114.918 4.1
      vertex -1.5 114.2 4.1
    endloop
  endfacet
  facet normal 0 -0 1
    outer loop
      vertex -2.45294 2.2821 4.1
      vertex -1.5 3 4.1
      vertex -2.5 3 4.1
    endloop
  endfacet
  facet normal 0 0 1
    outer loop
      vertex -1.5 114.2 4.1
      vertex -2.45294 114.918 4.1
      vertex -2.5 114.2 4.1
    endloop
  endfacet
  facet normal 0 0 1
    outer loop
      vertex -1.15746 1.27792 4.1
      vertex -2.08134 0.895248 4.1
      vertex -1.76314 0.25 4.1
    endloop
  endfacet
  facet normal 0 0 1
    outer loop
      vertex -1.34666 1.83531 4.1
      vertex -2.31259 1.57649 4.1
      vertex -2.08134 0.895248 4.1
    endloop
  endfacet
  facet normal 0 0 1
    outer loop
      vertex -1.4615 2.41263 4.1
      vertex -2.45294 2.2821 4.1
      vertex -2.31259 1.57649 4.1
    endloop
  endfacet
  facet normal 0.195087 -0.980786 0
    outer loop
      vertex 59.7179 -2.45294 -10.4
      vertex 60.4235 -2.31259 4.1
      vertex 59.7179 -2.45294 4.1
    endloop
  endfacet
  facet normal 0.195087 -0.980786 0
    outer loop
      vertex 60.4235 -2.31259 4.1
      vertex 59.7179 -2.45294 -10.4
      vertex 60.4235 -2.31259 -10.4
    endloop
  endfacet
  facet normal 0.321414 -0.946939 0
    outer loop
      vertex 60.4235 -2.31259 -10.4
      vertex 61.1048 -2.08134 4.1
      vertex 60.4235 -2.31259 4.1
    endloop
  endfacet
  facet normal 0.321414 -0.946939 0
    outer loop
      vertex 61.1048 -2.08134 4.1
      vertex 60.4235 -2.31259 -10.4
      vertex 61.1048 -2.08134 -10.4
    endloop
  endfacet
  facet normal 0.442314 -0.89686 0
    outer loop
      vertex 61.1048 -2.08134 -10.4
      vertex 61.75 -1.76314 4.1
      vertex 61.1048 -2.08134 4.1
    endloop
  endfacet
  facet normal 0.442314 -0.89686 0
    outer loop
      vertex 61.75 -1.76314 4.1
      vertex 61.1048 -2.08134 -10.4
      vertex 61.75 -1.76314 -10.4
    endloop
  endfacet
  facet normal 0.555556 -0.831479 0
    outer loop
      vertex 61.75 -1.76314 -10.4
      vertex 62.3482 -1.36345 4.1
      vertex 61.75 -1.76314 4.1
    endloop
  endfacet
  facet normal 0.555556 -0.831479 0
    outer loop
      vertex 62.3482 -1.36345 4.1
      vertex 61.75 -1.76314 -10.4
      vertex 62.3482 -1.36345 -10.4
    endloop
  endfacet
  facet normal 0.659353 -0.751833 0
    outer loop
      vertex 62.3482 -1.36345 -10.4
      vertex 62.8891 -0.889084 4.1
      vertex 62.3482 -1.36345 4.1
    endloop
  endfacet
  facet normal 0.659353 -0.751833 0
    outer loop
      vertex 62.8891 -0.889084 4.1
      vertex 62.3482 -1.36345 -10.4
      vertex 62.8891 -0.889084 -10.4
    endloop
  endfacet
  facet normal 0.751875 -0.659305 0
    outer loop
      vertex 62.8891 -0.889084 4.1
      vertex 63.3634 -0.34819 -10.4
      vertex 63.3634 -0.34819 4.1
    endloop
  endfacet
  facet normal 0.751875 -0.659305 0
    outer loop
      vertex 63.3634 -0.34819 -10.4
      vertex 62.8891 -0.889084 4.1
      vertex 62.8891 -0.889084 -10.4
    endloop
  endfacet
  facet normal 0.831468 -0.555572 0
    outer loop
      vertex 63.3634 -0.34819 4.1
      vertex 63.7631 0.25 -10.4
      vertex 63.7631 0.25 4.1
    endloop
  endfacet
  facet normal 0.831468 -0.555572 0
    outer loop
      vertex 63.7631 0.25 -10.4
      vertex 63.3634 -0.34819 4.1
      vertex 63.3634 -0.34819 -10.4
    endloop
  endfacet
  facet normal 0.896873 -0.442287 0
    outer loop
      vertex 63.7631 0.25 4.1
      vertex 64.0813 0.895248 -10.4
      vertex 64.0813 0.895248 4.1
    endloop
  endfacet
  facet normal 0.896873 -0.442287 0
    outer loop
      vertex 64.0813 0.895248 -10.4
      vertex 63.7631 0.25 4.1
      vertex 63.7631 0.25 -10.4
    endloop
  endfacet
  facet normal 0.946909 -0.321501 0
    outer loop
      vertex 64.0813 0.895248 4.1
      vertex 64.3126 1.57649 -10.4
      vertex 64.3126 1.57649 4.1
    endloop
  endfacet
  facet normal 0.946909 -0.321501 0
    outer loop
      vertex 64.3126 1.57649 -10.4
      vertex 64.0813 0.895248 4.1
      vertex 64.0813 0.895248 -10.4
    endloop
  endfacet
  facet normal 0.9808 -0.195017 0
    outer loop
      vertex 64.3126 1.57649 4.1
      vertex 64.4529 2.2821 -10.4
      vertex 64.4529 2.2821 4.1
    endloop
  endfacet
  facet normal 0.9808 -0.195017 0
    outer loop
      vertex 64.4529 2.2821 -10.4
      vertex 64.3126 1.57649 4.1
      vertex 64.3126 1.57649 -10.4
    endloop
  endfacet
  facet normal 0.997855 -0.0654673 0
    outer loop
      vertex 64.4529 2.2821 4.1
      vertex 64.5 3 -10.4
      vertex 64.5 3 4.1
    endloop
  endfacet
  facet normal 0.997855 -0.0654673 0
    outer loop
      vertex 64.5 3 -10.4
      vertex 64.4529 2.2821 4.1
      vertex 64.4529 2.2821 -10.4
    endloop
  endfacet
  facet normal 1 -0 0
    outer loop
      vertex 64.5 3 4.1
      vertex 64.5 114.2 -10.4
      vertex 64.5 114.2 4.1
    endloop
  endfacet
  facet normal 1 0 0
    outer loop
      vertex 64.5 114.2 -10.4
      vertex 64.5 3 4.1
      vertex 64.5 3 -10.4
    endloop
  endfacet
  facet normal 0.997855 0.0654582 0
    outer loop
      vertex 64.5 114.2 4.1
      vertex 64.4529 114.918 -10.4
      vertex 64.4529 114.918 4.1
    endloop
  endfacet
  facet normal 0.997855 0.0654582 0
    outer loop
      vertex 64.4529 114.918 -10.4
      vertex 64.5 114.2 4.1
      vertex 64.5 114.2 -10.4
    endloop
  endfacet
  facet normal 0.98082 0.194914 0
    outer loop
      vertex 64.4529 114.918 4.1
      vertex 64.3126 115.624 -10.4
      vertex 64.3126 115.624 4.1
    endloop
  endfacet
  facet normal 0.98082 0.194914 0
    outer loop
      vertex 64.3126 115.624 -10.4
      vertex 64.4529 114.918 4.1
      vertex 64.4529 114.918 -10.4
    endloop
  endfacet
  facet normal 0.946874 0.321604 0
    outer loop
      vertex 64.3126 115.624 4.1
      vertex 64.0813 116.305 -10.4
      vertex 64.0813 116.305 4.1
    endloop
  endfacet
  facet normal 0.946874 0.321604 0
    outer loop
      vertex 64.0813 116.305 -10.4
      vertex 64.3126 115.624 4.1
      vertex 64.3126 115.624 -10.4
    endloop
  endfacet
  facet normal 0.896806 0.442424 0
    outer loop
      vertex 64.0813 116.305 4.1
      vertex 63.7631 116.95 -10.4
      vertex 63.7631 116.95 4.1
    endloop
  endfacet
  facet normal 0.896806 0.442424 0
    outer loop
      vertex 63.7631 116.95 -10.4
      vertex 64.0813 116.305 4.1
      vertex 64.0813 116.305 -10.4
    endloop
  endfacet
  facet normal 0.831387 0.555694 0
    outer loop
      vertex 63.7631 116.95 4.1
      vertex 63.3634 117.548 -10.4
      vertex 63.3634 117.548 4.1
    endloop
  endfacet
  facet normal 0.831387 0.555694 0
    outer loop
      vertex 63.3634 117.548 -10.4
      vertex 63.7631 116.95 4.1
      vertex 63.7631 116.95 -10.4
    endloop
  endfacet
  facet normal 0.751939 0.659232 0
    outer loop
      vertex 63.3634 117.548 4.1
      vertex 62.8891 118.089 -10.4
      vertex 62.8891 118.089 4.1
    endloop
  endfacet
  facet normal 0.751939 0.659232 0
    outer loop
      vertex 62.8891 118.089 -10.4
      vertex 63.3634 117.548 4.1
      vertex 63.3634 117.548 -10.4
    endloop
  endfacet
  facet normal 0.659066 0.752086 -0
    outer loop
      vertex 62.8891 118.089 -10.4
      vertex 62.3482 118.563 4.1
      vertex 62.8891 118.089 4.1
    endloop
  endfacet
  facet normal 0.659066 0.752086 0
    outer loop
      vertex 62.3482 118.563 4.1
      vertex 62.8891 118.089 -10.4
      vertex 62.3482 118.563 -10.4
    endloop
  endfacet
  facet normal 0.555854 0.83128 -0
    outer loop
      vertex 62.3482 118.563 -10.4
      vertex 61.75 118.963 4.1
      vertex 62.3482 118.563 4.1
    endloop
  endfacet
  facet normal 0.555854 0.83128 0
    outer loop
      vertex 61.75 118.963 4.1
      vertex 62.3482 118.563 -10.4
      vertex 61.75 118.963 -10.4
    endloop
  endfacet
  facet normal 0.44209 0.896971 -0
    outer loop
      vertex 61.75 118.963 -10.4
      vertex 61.1048 119.281 4.1
      vertex 61.75 118.963 4.1
    endloop
  endfacet
  facet normal 0.44209 0.896971 0
    outer loop
      vertex 61.1048 119.281 4.1
      vertex 61.75 118.963 -10.4
      vertex 61.1048 119.281 -10.4
    endloop
  endfacet
  facet normal 0.322349 0.946621 -0
    outer loop
      vertex 61.1048 119.281 -10.4
      vertex 60.4235 119.513 4.1
      vertex 61.1048 119.281 4.1
    endloop
  endfacet
  facet normal 0.322349 0.946621 0
    outer loop
      vertex 60.4235 119.513 4.1
      vertex 61.1048 119.281 -10.4
      vertex 60.4235 119.513 -10.4
    endloop
  endfacet
  facet normal 0.194619 0.980879 -0
    outer loop
      vertex 60.4235 119.513 -10.4
      vertex 59.7179 119.653 4.1
      vertex 60.4235 119.513 4.1
    endloop
  endfacet
  facet normal 0.194619 0.980879 0
    outer loop
      vertex 59.7179 119.653 4.1
      vertex 60.4235 119.513 -10.4
      vertex 59.7179 119.653 -10.4
    endloop
  endfacet
  facet normal 0.0653289 0.997864 -0
    outer loop
      vertex 59.7179 119.653 -10.4
      vertex 59 119.7 4.1
      vertex 59.7179 119.653 4.1
    endloop
  endfacet
  facet normal 0.0653289 0.997864 0
    outer loop
      vertex 59 119.7 4.1
      vertex 59.7179 119.653 -10.4
      vertex 59 119.7 -10.4
    endloop
  endfacet
  facet normal 0 1 -0
    outer loop
      vertex 59 119.7 -10.4
      vertex 3 119.7 4.1
      vertex 59 119.7 4.1
    endloop
  endfacet
  facet normal 0 1 0
    outer loop
      vertex 3 119.7 4.1
      vertex 59 119.7 -10.4
      vertex 3 119.7 -10.4
    endloop
  endfacet
  facet normal -0.0653289 0.997864 0
    outer loop
      vertex 3 119.7 -10.4
      vertex 2.2821 119.653 4.1
      vertex 3 119.7 4.1
    endloop
  endfacet
  facet normal -0.0653289 0.997864 0
    outer loop
      vertex 2.2821 119.653 4.1
      vertex 3 119.7 -10.4
      vertex 2.2821 119.653 -10.4
    endloop
  endfacet
  facet normal -0.194616 0.980879 0
    outer loop
      vertex 2.2821 119.653 -10.4
      vertex 1.57649 119.513 4.1
      vertex 2.2821 119.653 4.1
    endloop
  endfacet
  facet normal -0.194616 0.980879 0
    outer loop
      vertex 1.57649 119.513 4.1
      vertex 2.2821 119.653 -10.4
      vertex 1.57649 119.513 -10.4
    endloop
  endfacet
  facet normal -0.322373 0.946613 0
    outer loop
      vertex 1.57649 119.513 -10.4
      vertex 0.895248 119.281 4.1
      vertex 1.57649 119.513 4.1
    endloop
  endfacet
  facet normal -0.322373 0.946613 0
    outer loop
      vertex 0.895248 119.281 4.1
      vertex 1.57649 119.513 -10.4
      vertex 0.895248 119.281 -10.4
    endloop
  endfacet
  facet normal -0.442064 0.896984 0
    outer loop
      vertex 0.895248 119.281 -10.4
      vertex 0.25 118.963 4.1
      vertex 0.895248 119.281 4.1
    endloop
  endfacet
  facet normal -0.442064 0.896984 0
    outer loop
      vertex 0.25 118.963 4.1
      vertex 0.895248 119.281 -10.4
      vertex 0.25 118.963 -10.4
    endloop
  endfacet
  facet normal -0.555861 0.831276 0
    outer loop
      vertex 0.25 118.963 -10.4
      vertex -0.34819 118.563 4.1
      vertex 0.25 118.963 4.1
    endloop
  endfacet
  facet normal -0.555861 0.831276 0
    outer loop
      vertex -0.34819 118.563 4.1
      vertex 0.25 118.963 -10.4
      vertex -0.34819 118.563 -10.4
    endloop
  endfacet
  facet normal -0.65907 0.752082 0
    outer loop
      vertex -0.34819 118.563 -10.4
      vertex -0.889084 118.089 4.1
      vertex -0.34819 118.563 4.1
    endloop
  endfacet
  facet normal -0.65907 0.752082 0
    outer loop
      vertex -0.889084 118.089 4.1
      vertex -0.34819 118.563 -10.4
      vertex -0.889084 118.089 -10.4
    endloop
  endfacet
  facet normal -0.751894 0.659284 0
    outer loop
      vertex -1.36345 117.548 -10.4
      vertex -0.889084 118.089 4.1
      vertex -0.889084 118.089 -10.4
    endloop
  endfacet
  facet normal -0.751894 0.659284 0
    outer loop
      vertex -0.889084 118.089 4.1
      vertex -1.36345 117.548 -10.4
      vertex -1.36345 117.548 4.1
    endloop
  endfacet
  facet normal -0.831393 0.555685 0
    outer loop
      vertex -1.76314 116.95 -10.4
      vertex -1.36345 117.548 4.1
      vertex -1.36345 117.548 -10.4
    endloop
  endfacet
  facet normal -0.831393 0.555685 0
    outer loop
      vertex -1.36345 117.548 4.1
      vertex -1.76314 116.95 -10.4
      vertex -1.76314 116.95 4.1
    endloop
  endfacet
  facet normal -0.896806 0.442424 0
    outer loop
      vertex -2.08134 116.305 -10.4
      vertex -1.76314 116.95 4.1
      vertex -1.76314 116.95 -10.4
    endloop
  endfacet
  facet normal -0.896806 0.442424 0
    outer loop
      vertex -1.76314 116.95 4.1
      vertex -2.08134 116.305 -10.4
      vertex -2.08134 116.305 4.1
    endloop
  endfacet
  facet normal -0.946896 0.321541 0
    outer loop
      vertex -2.31259 115.624 -10.4
      vertex -2.08134 116.305 4.1
      vertex -2.08134 116.305 -10.4
    endloop
  endfacet
  facet normal -0.946896 0.321541 0
    outer loop
      vertex -2.08134 116.305 4.1
      vertex -2.31259 115.624 -10.4
      vertex -2.31259 115.624 4.1
    endloop
  endfacet
  facet normal -0.980807 0.194981 0
    outer loop
      vertex -2.45294 114.918 -10.4
      vertex -2.31259 115.624 4.1
      vertex -2.31259 115.624 -10.4
    endloop
  endfacet
  facet normal -0.980807 0.194981 0
    outer loop
      vertex -2.31259 115.624 4.1
      vertex -2.45294 114.918 -10.4
      vertex -2.45294 114.918 4.1
    endloop
  endfacet
  facet normal -0.997859 0.0654028 0
    outer loop
      vertex -2.5 114.2 -10.4
      vertex -2.45294 114.918 4.1
      vertex -2.45294 114.918 -10.4
    endloop
  endfacet
  facet normal -0.997859 0.0654028 0
    outer loop
      vertex -2.45294 114.918 4.1
      vertex -2.5 114.2 -10.4
      vertex -2.5 114.2 4.1
    endloop
  endfacet
  facet normal -1 0 0
    outer loop
      vertex -2.5 85.5 -1.7
      vertex -2.5 114.2 -10.4
      vertex -2.5 85.5 -9.7
    endloop
  endfacet
  facet normal -1 0 0
    outer loop
      vertex -2.5 114.2 -10.4
      vertex -2.5 73.5 -9.7
      vertex -2.5 85.5 -9.7
    endloop
  endfacet
  facet normal -1 -0 0
    outer loop
      vertex -2.5 73.5 -9.7
      vertex -2.5 3 -10.4
      vertex -2.5 73.5 -1.7
    endloop
  endfacet
  facet normal -1 0 0
    outer loop
      vertex -2.5 3 -10.4
      vertex -2.5 73.5 -9.7
      vertex -2.5 114.2 -10.4
    endloop
  endfacet
  facet normal -1 0 0
    outer loop
      vertex -2.5 114.2 -10.4
      vertex -2.5 85.5 -1.7
      vertex -2.5 114.2 4.1
    endloop
  endfacet
  facet normal -1 0 0
    outer loop
      vertex -2.5 73.5 -1.7
      vertex -2.5 114.2 4.1
      vertex -2.5 85.5 -1.7
    endloop
  endfacet
  facet normal -1 0 0
    outer loop
      vertex -2.5 3 4.1
      vertex -2.5 73.5 -1.7
      vertex -2.5 3 -10.4
    endloop
  endfacet
  facet normal -1 0 0
    outer loop
      vertex -2.5 73.5 -1.7
      vertex -2.5 3 4.1
      vertex -2.5 114.2 4.1
    endloop
  endfacet
  facet normal -0.997858 -0.0654119 0
    outer loop
      vertex -2.45294 2.2821 -10.4
      vertex -2.5 3 4.1
      vertex -2.5 3 -10.4
    endloop
  endfacet
  facet normal -0.997858 -0.0654119 0
    outer loop
      vertex -2.5 3 4.1
      vertex -2.45294 2.2821 -10.4
      vertex -2.45294 2.2821 4.1
    endloop
  endfacet
  facet normal -0.980786 -0.195084 0
    outer loop
      vertex -2.31259 1.57649 -10.4
      vertex -2.45294 2.2821 4.1
      vertex -2.45294 2.2821 -10.4
    endloop
  endfacet
  facet normal -0.980786 -0.195084 0
    outer loop
      vertex -2.45294 2.2821 4.1
      vertex -2.31259 1.57649 -10.4
      vertex -2.31259 1.57649 4.1
    endloop
  endfacet
  facet normal -0.94693 -0.321439 0
    outer loop
      vertex -2.08134 0.895248 -10.4
      vertex -2.31259 1.57649 4.1
      vertex -2.31259 1.57649 -10.4
    endloop
  endfacet
  facet normal -0.94693 -0.321439 0
    outer loop
      vertex -2.31259 1.57649 4.1
      vertex -2.08134 0.895248 -10.4
      vertex -2.08134 0.895248 4.1
    endloop
  endfacet
  facet normal -0.896873 -0.442287 0
    outer loop
      vertex -1.76314 0.25 -10.4
      vertex -2.08134 0.895248 4.1
      vertex -2.08134 0.895248 -10.4
    endloop
  endfacet
  facet normal -0.896873 -0.442287 0
    outer loop
      vertex -2.08134 0.895248 4.1
      vertex -1.76314 0.25 -10.4
      vertex -1.76314 0.25 4.1
    endloop
  endfacet
  facet normal -0.831475 -0.555563 0
    outer loop
      vertex -1.36345 -0.34819 -10.4
      vertex -1.76314 0.25 4.1
      vertex -1.76314 0.25 -10.4
    endloop
  endfacet
  facet normal -0.831475 -0.555563 0
    outer loop
      vertex -1.76314 0.25 4.1
      vertex -1.36345 -0.34819 -10.4
      vertex -1.36345 -0.34819 4.1
    endloop
  endfacet
  facet normal -0.75183 -0.659357 0
    outer loop
      vertex -0.889084 -0.889084 -10.4
      vertex -1.36345 -0.34819 4.1
      vertex -1.36345 -0.34819 -10.4
    endloop
  endfacet
  facet normal -0.75183 -0.659357 0
    outer loop
      vertex -1.36345 -0.34819 4.1
      vertex -0.889084 -0.889084 -10.4
      vertex -0.889084 -0.889084 4.1
    endloop
  endfacet
  facet normal -0.659357 -0.75183 0
    outer loop
      vertex -0.889084 -0.889084 -10.4
      vertex -0.34819 -1.36345 4.1
      vertex -0.889084 -0.889084 4.1
    endloop
  endfacet
  facet normal -0.659357 -0.75183 -0
    outer loop
      vertex -0.34819 -1.36345 4.1
      vertex -0.889084 -0.889084 -10.4
      vertex -0.34819 -1.36345 -10.4
    endloop
  endfacet
  facet normal -0.555563 -0.831475 0
    outer loop
      vertex -0.34819 -1.36345 -10.4
      vertex 0.25 -1.76314 4.1
      vertex -0.34819 -1.36345 4.1
    endloop
  endfacet
  facet normal -0.555563 -0.831475 -0
    outer loop
      vertex 0.25 -1.76314 4.1
      vertex -0.34819 -1.36345 -10.4
      vertex 0.25 -1.76314 -10.4
    endloop
  endfacet
  facet normal -0.442287 -0.896873 0
    outer loop
      vertex 0.25 -1.76314 -10.4
      vertex 0.895248 -2.08134 4.1
      vertex 0.25 -1.76314 4.1
    endloop
  endfacet
  facet normal -0.442287 -0.896873 -0
    outer loop
      vertex 0.895248 -2.08134 4.1
      vertex 0.25 -1.76314 -10.4
      vertex 0.895248 -2.08134 -10.4
    endloop
  endfacet
  facet normal -0.321439 -0.94693 0
    outer loop
      vertex 0.895248 -2.08134 -10.4
      vertex 1.57649 -2.31259 4.1
      vertex 0.895248 -2.08134 4.1
    endloop
  endfacet
  facet normal -0.321439 -0.94693 -0
    outer loop
      vertex 1.57649 -2.31259 4.1
      vertex 0.895248 -2.08134 -10.4
      vertex 1.57649 -2.31259 -10.4
    endloop
  endfacet
  facet normal -0.195084 -0.980786 0
    outer loop
      vertex 1.57649 -2.31259 -10.4
      vertex 2.2821 -2.45294 4.1
      vertex 1.57649 -2.31259 4.1
    endloop
  endfacet
  facet normal -0.195084 -0.980786 -0
    outer loop
      vertex 2.2821 -2.45294 4.1
      vertex 1.57649 -2.31259 -10.4
      vertex 2.2821 -2.45294 -10.4
    endloop
  endfacet
  facet normal -0.0654119 -0.997858 0
    outer loop
      vertex 2.2821 -2.45294 -10.4
      vertex 3 -2.5 4.1
      vertex 2.2821 -2.45294 4.1
    endloop
  endfacet
  facet normal -0.0654119 -0.997858 -0
    outer loop
      vertex 3 -2.5 4.1
      vertex 2.2821 -2.45294 -10.4
      vertex 3 -2.5 -10.4
    endloop
  endfacet
  facet normal 0 -1 0
    outer loop
      vertex 3 -2.5 -10.4
      vertex 59 -2.5 4.1
      vertex 3 -2.5 4.1
    endloop
  endfacet
  facet normal 0 -1 -0
    outer loop
      vertex 59 -2.5 4.1
      vertex 3 -2.5 -10.4
      vertex 59 -2.5 -10.4
    endloop
  endfacet
  facet normal 0.0654119 -0.997858 0
    outer loop
      vertex 59 -2.5 -10.4
      vertex 59.7179 -2.45294 4.1
      vertex 59 -2.5 4.1
    endloop
  endfacet
  facet normal 0.0654119 -0.997858 0
    outer loop
      vertex 59.7179 -2.45294 4.1
      vertex 59 -2.5 -10.4
      vertex 59.7179 -2.45294 -10.4
    endloop
  endfacet
  facet normal 0.0653911 0.99786 -0
    outer loop
      vertex 3 -0.5 -8.8
      vertex 2.54315 -0.470062 7.1
      vertex 3 -0.5 7.1
    endloop
  endfacet
  facet normal 0.0653911 0.99786 0
    outer loop
      vertex 2.54315 -0.470062 7.1
      vertex 3 -0.5 -8.8
      vertex 2.54315 -0.470062 -8.8
    endloop
  endfacet
  facet normal 0.19511 0.980781 -0
    outer loop
      vertex 2.54315 -0.470062 -8.8
      vertex 2.09413 -0.380737 7.1
      vertex 2.54315 -0.470062 7.1
    endloop
  endfacet
  facet normal 0.19511 0.980781 0
    outer loop
      vertex 2.09413 -0.380737 7.1
      vertex 2.54315 -0.470062 -8.8
      vertex 2.09413 -0.380737 -8.8
    endloop
  endfacet
  facet normal 0.321429 0.946934 -0
    outer loop
      vertex 2.09413 -0.380737 -8.8
      vertex 1.66061 -0.233582 7.1
      vertex 2.09413 -0.380737 7.1
    endloop
  endfacet
  facet normal 0.321429 0.946934 0
    outer loop
      vertex 1.66061 -0.233582 7.1
      vertex 2.09413 -0.380737 -8.8
      vertex 1.66061 -0.233582 -8.8
    endloop
  endfacet
  facet normal 0.442305 0.896865 -0
    outer loop
      vertex 1.66061 -0.233582 -8.8
      vertex 1.25 -0.0310822 7.1
      vertex 1.66061 -0.233582 7.1
    endloop
  endfacet
  facet normal 0.442305 0.896865 0
    outer loop
      vertex 1.25 -0.0310822 7.1
      vertex 1.66061 -0.233582 -8.8
      vertex 1.25 -0.0310822 -8.8
    endloop
  endfacet
  facet normal 0.55557 0.83147 -0
    outer loop
      vertex 1.25 -0.0310822 -8.8
      vertex 0.869339 0.223267 7.1
      vertex 1.25 -0.0310822 7.1
    endloop
  endfacet
  facet normal 0.55557 0.83147 0
    outer loop
      vertex 0.869339 0.223267 7.1
      vertex 1.25 -0.0310822 -8.8
      vertex 0.869339 0.223267 -8.8
    endloop
  endfacet
  facet normal 0.659348 0.751838 -0
    outer loop
      vertex 0.869339 0.223267 -8.8
      vertex 0.525131 0.525131 7.1
      vertex 0.869339 0.223267 7.1
    endloop
  endfacet
  facet normal 0.659348 0.751838 0
    outer loop
      vertex 0.525131 0.525131 7.1
      vertex 0.869339 0.223267 -8.8
      vertex 0.525131 0.525131 -8.8
    endloop
  endfacet
  facet normal 0.751838 0.659348 0
    outer loop
      vertex 0.525131 0.525131 7.1
      vertex 0.223267 0.869339 -8.8
      vertex 0.223267 0.869339 7.1
    endloop
  endfacet
  facet normal 0.751838 0.659348 0
    outer loop
      vertex 0.223267 0.869339 -8.8
      vertex 0.525131 0.525131 7.1
      vertex 0.525131 0.525131 -8.8
    endloop
  endfacet
  facet normal 0.83147 0.55557 0
    outer loop
      vertex 0.223267 0.869339 7.1
      vertex -0.0310822 1.25 -8.8
      vertex -0.0310822 1.25 7.1
    endloop
  endfacet
  facet normal 0.83147 0.55557 0
    outer loop
      vertex -0.0310822 1.25 -8.8
      vertex 0.223267 0.869339 7.1
      vertex 0.223267 0.869339 -8.8
    endloop
  endfacet
  facet normal 0.896865 0.442305 0
    outer loop
      vertex -0.0310822 1.25 7.1
      vertex -0.233582 1.66061 -8.8
      vertex -0.233582 1.66061 7.1
    endloop
  endfacet
  facet normal 0.896865 0.442305 0
    outer loop
      vertex -0.233582 1.66061 -8.8
      vertex -0.0310822 1.25 7.1
      vertex -0.0310822 1.25 -8.8
    endloop
  endfacet
  facet normal 0.946934 0.321429 0
    outer loop
      vertex -0.233582 1.66061 7.1
      vertex -0.380737 2.09413 -8.8
      vertex -0.380737 2.09413 7.1
    endloop
  endfacet
  facet normal 0.946934 0.321429 0
    outer loop
      vertex -0.380737 2.09413 -8.8
      vertex -0.233582 1.66061 7.1
      vertex -0.233582 1.66061 -8.8
    endloop
  endfacet
  facet normal 0.980781 0.19511 0
    outer loop
      vertex -0.380737 2.09413 7.1
      vertex -0.470062 2.54315 -8.8
      vertex -0.470062 2.54315 7.1
    endloop
  endfacet
  facet normal 0.980781 0.19511 0
    outer loop
      vertex -0.470062 2.54315 -8.8
      vertex -0.380737 2.09413 7.1
      vertex -0.380737 2.09413 -8.8
    endloop
  endfacet
  facet normal 0.99786 0.0653911 0
    outer loop
      vertex -0.470062 2.54315 7.1
      vertex -0.5 3 -8.8
      vertex -0.5 3 7.1
    endloop
  endfacet
  facet normal 0.99786 0.0653911 0
    outer loop
      vertex -0.5 3 -8.8
      vertex -0.470062 2.54315 7.1
      vertex -0.470062 2.54315 -8.8
    endloop
  endfacet
  facet normal 1 0 0
    outer loop
      vertex -0.5 114.2 7.1
      vertex -0.5 85.5 -1.7
      vertex -0.5 114.2 -8.8
    endloop
  endfacet
  facet normal 1 0 0
    outer loop
      vertex -0.5 114.2 7.1
      vertex -0.5 73.5 -1.7
      vertex -0.5 85.5 -1.7
    endloop
  endfacet
  facet normal 1 -0 0
    outer loop
      vertex -0.5 3 7.1
      vertex -0.5 73.5 -1.7
      vertex -0.5 114.2 7.1
    endloop
  endfacet
  facet normal 1 0 0
    outer loop
      vertex -0.5 3 -8.8
      vertex -0.5 73.5 -1.7
      vertex -0.5 3 7.1
    endloop
  endfacet
  facet normal 1 0 0
    outer loop
      vertex -0.5 73.5 -1.7
      vertex -0.5 3 -8.8
      vertex -0.5 73.5 -8.8
    endloop
  endfacet
  facet normal 1 0 0
    outer loop
      vertex -0.5 114.2 -8.8
      vertex -0.5 85.5 -1.7
      vertex -0.5 85.5 -8.8
    endloop
  endfacet
  facet normal 0.997861 -0.0653697 0
    outer loop
      vertex -0.5 114.2 7.1
      vertex -0.470062 114.657 -8.8
      vertex -0.470062 114.657 7.1
    endloop
  endfacet
  facet normal 0.997861 -0.0653697 0
    outer loop
      vertex -0.470062 114.657 -8.8
      vertex -0.5 114.2 7.1
      vertex -0.5 114.2 -8.8
    endloop
  endfacet
  facet normal 0.98078 -0.195118 0
    outer loop
      vertex -0.470062 114.657 7.1
      vertex -0.380737 115.106 -8.8
      vertex -0.380737 115.106 7.1
    endloop
  endfacet
  facet normal 0.98078 -0.195118 0
    outer loop
      vertex -0.380737 115.106 -8.8
      vertex -0.470062 114.657 7.1
      vertex -0.470062 114.657 -8.8
    endloop
  endfacet
  facet normal 0.946816 -0.321775 0
    outer loop
      vertex -0.380737 115.106 7.1
      vertex -0.233582 115.539 -8.8
      vertex -0.233582 115.539 7.1
    endloop
  endfacet
  facet normal 0.946816 -0.321775 0
    outer loop
      vertex -0.233582 115.539 -8.8
      vertex -0.380737 115.106 7.1
      vertex -0.380737 115.106 -8.8
    endloop
  endfacet
  facet normal 0.897031 -0.441967 0
    outer loop
      vertex -0.233582 115.539 7.1
      vertex -0.0310822 115.95 -8.8
      vertex -0.0310822 115.95 7.1
    endloop
  endfacet
  facet normal 0.897031 -0.441967 0
    outer loop
      vertex -0.0310822 115.95 -8.8
      vertex -0.233582 115.539 7.1
      vertex -0.233582 115.539 -8.8
    endloop
  endfacet
  facet normal 0.831698 -0.555228 0
    outer loop
      vertex -0.0310822 115.95 7.1
      vertex 0.223267 116.331 -8.8
      vertex 0.223267 116.331 7.1
    endloop
  endfacet
  facet normal 0.831698 -0.555228 0
    outer loop
      vertex 0.223267 116.331 -8.8
      vertex -0.0310822 115.95 7.1
      vertex -0.0310822 115.95 -8.8
    endloop
  endfacet
  facet normal 0.75164 -0.659573 0
    outer loop
      vertex 0.223267 116.331 7.1
      vertex 0.525131 116.675 -8.8
      vertex 0.525131 116.675 7.1
    endloop
  endfacet
  facet normal 0.75164 -0.659573 0
    outer loop
      vertex 0.525131 116.675 -8.8
      vertex 0.223267 116.331 7.1
      vertex 0.223267 116.331 -8.8
    endloop
  endfacet
  facet normal 0.659516 -0.751691 0
    outer loop
      vertex 0.525131 116.675 -8.8
      vertex 0.869339 116.977 7.1
      vertex 0.525131 116.675 7.1
    endloop
  endfacet
  facet normal 0.659516 -0.751691 0
    outer loop
      vertex 0.869339 116.977 7.1
      vertex 0.525131 116.675 -8.8
      vertex 0.869339 116.977 -8.8
    endloop
  endfacet
  facet normal 0.555042 -0.831822 0
    outer loop
      vertex 0.869339 116.977 -8.8
      vertex 1.25 117.231 7.1
      vertex 0.869339 116.977 7.1
    endloop
  endfacet
  facet normal 0.555042 -0.831822 0
    outer loop
      vertex 1.25 117.231 7.1
      vertex 0.869339 116.977 -8.8
      vertex 1.25 117.231 -8.8
    endloop
  endfacet
  facet normal 0.443183 -0.896431 0
    outer loop
      vertex 1.25 117.231 -8.8
      vertex 1.66061 117.434 7.1
      vertex 1.25 117.231 7.1
    endloop
  endfacet
  facet normal 0.443183 -0.896431 0
    outer loop
      vertex 1.66061 117.434 7.1
      vertex 1.25 117.231 -8.8
      vertex 1.66061 117.434 -8.8
    endloop
  endfacet
  facet normal 0.321126 -0.947037 0
    outer loop
      vertex 1.66061 117.434 -8.8
      vertex 2.09413 117.581 7.1
      vertex 1.66061 117.434 7.1
    endloop
  endfacet
  facet normal 0.321126 -0.947037 0
    outer loop
      vertex 2.09413 117.581 7.1
      vertex 1.66061 117.434 -8.8
      vertex 2.09413 117.581 -8.8
    endloop
  endfacet
  facet normal 0.194427 -0.980917 0
    outer loop
      vertex 2.09413 117.581 -8.8
      vertex 2.54315 117.67 7.1
      vertex 2.09413 117.581 7.1
    endloop
  endfacet
  facet normal 0.194427 -0.980917 0
    outer loop
      vertex 2.54315 117.67 7.1
      vertex 2.09413 117.581 -8.8
      vertex 2.54315 117.67 -8.8
    endloop
  endfacet
  facet normal 0.0655259 -0.997851 0
    outer loop
      vertex 2.54315 117.67 -8.8
      vertex 3 117.7 7.1
      vertex 2.54315 117.67 7.1
    endloop
  endfacet
  facet normal 0.0655259 -0.997851 0
    outer loop
      vertex 3 117.7 7.1
      vertex 2.54315 117.67 -8.8
      vertex 3 117.7 -8.8
    endloop
  endfacet
  facet normal 0 -1 0
    outer loop
      vertex 3 117.7 -8.8
      vertex 59 117.7 7.1
      vertex 3 117.7 7.1
    endloop
  endfacet
  facet normal 0 -1 -0
    outer loop
      vertex 59 117.7 7.1
      vertex 3 117.7 -8.8
      vertex 59 117.7 -8.8
    endloop
  endfacet
  facet normal -0.0655331 -0.99785 0
    outer loop
      vertex 59 117.7 -8.8
      vertex 59.4568 117.67 7.1
      vertex 59 117.7 7.1
    endloop
  endfacet
  facet normal -0.0655331 -0.99785 -0
    outer loop
      vertex 59.4568 117.67 7.1
      vertex 59 117.7 -8.8
      vertex 59.4568 117.67 -8.8
    endloop
  endfacet
  facet normal -0.194394 -0.980924 0
    outer loop
      vertex 59.4568 117.67 -8.8
      vertex 59.9059 117.581 7.1
      vertex 59.4568 117.67 7.1
    endloop
  endfacet
  facet normal -0.194394 -0.980924 -0
    outer loop
      vertex 59.9059 117.581 7.1
      vertex 59.4568 117.67 -8.8
      vertex 59.9059 117.581 -8.8
    endloop
  endfacet
  facet normal -0.321139 -0.947032 0
    outer loop
      vertex 59.9059 117.581 -8.8
      vertex 60.3394 117.434 7.1
      vertex 59.9059 117.581 7.1
    endloop
  endfacet
  facet normal -0.321139 -0.947032 -0
    outer loop
      vertex 60.3394 117.434 7.1
      vertex 59.9059 117.581 -8.8
      vertex 60.3394 117.434 -8.8
    endloop
  endfacet
  facet normal -0.443192 -0.896427 0
    outer loop
      vertex 60.3394 117.434 -8.8
      vertex 60.75 117.231 7.1
      vertex 60.3394 117.434 7.1
    endloop
  endfacet
  facet normal -0.443192 -0.896427 -0
    outer loop
      vertex 60.75 117.231 7.1
      vertex 60.3394 117.434 -8.8
      vertex 60.75 117.231 -8.8
    endloop
  endfacet
  facet normal -0.555003 -0.831849 0
    outer loop
      vertex 60.75 117.231 -8.8
      vertex 61.1307 116.977 7.1
      vertex 60.75 117.231 7.1
    endloop
  endfacet
  facet normal -0.555003 -0.831849 -0
    outer loop
      vertex 61.1307 116.977 7.1
      vertex 60.75 117.231 -8.8
      vertex 61.1307 116.977 -8.8
    endloop
  endfacet
  facet normal -0.659524 -0.751683 0
    outer loop
      vertex 61.1307 116.977 -8.8
      vertex 61.4749 116.675 7.1
      vertex 61.1307 116.977 7.1
    endloop
  endfacet
  facet normal -0.659524 -0.751683 -0
    outer loop
      vertex 61.4749 116.675 7.1
      vertex 61.1307 116.977 -8.8
      vertex 61.4749 116.675 -8.8
    endloop
  endfacet
  facet normal -0.75171 -0.659494 0
    outer loop
      vertex 61.7767 116.331 -8.8
      vertex 61.4749 116.675 7.1
      vertex 61.4749 116.675 -8.8
    endloop
  endfacet
  facet normal -0.75171 -0.659494 0
    outer loop
      vertex 61.4749 116.675 7.1
      vertex 61.7767 116.331 -8.8
      vertex 61.7767 116.331 7.1
    endloop
  endfacet
  facet normal -0.831647 -0.555305 0
    outer loop
      vertex 62.0311 115.95 -8.8
      vertex 61.7767 116.331 7.1
      vertex 61.7767 116.331 -8.8
    endloop
  endfacet
  facet normal -0.831647 -0.555305 0
    outer loop
      vertex 61.7767 116.331 7.1
      vertex 62.0311 115.95 -8.8
      vertex 62.0311 115.95 7.1
    endloop
  endfacet
  facet normal -0.897031 -0.441968 0
    outer loop
      vertex 62.2336 115.539 -8.8
      vertex 62.0311 115.95 7.1
      vertex 62.0311 115.95 -8.8
    endloop
  endfacet
  facet normal -0.897031 -0.441968 0
    outer loop
      vertex 62.0311 115.95 7.1
      vertex 62.2336 115.539 -8.8
      vertex 62.2336 115.539 7.1
    endloop
  endfacet
  facet normal -0.946853 -0.321668 0
    outer loop
      vertex 62.3807 115.106 -8.8
      vertex 62.2336 115.539 7.1
      vertex 62.2336 115.539 -8.8
    endloop
  endfacet
  facet normal -0.946853 -0.321668 0
    outer loop
      vertex 62.2336 115.539 7.1
      vertex 62.3807 115.106 -8.8
      vertex 62.3807 115.106 7.1
    endloop
  endfacet
  facet normal -0.980748 -0.195276 0
    outer loop
      vertex 62.4701 114.657 -8.8
      vertex 62.3807 115.106 7.1
      vertex 62.3807 115.106 -8.8
    endloop
  endfacet
  facet normal -0.980748 -0.195276 0
    outer loop
      vertex 62.3807 115.106 7.1
      vertex 62.4701 114.657 -8.8
      vertex 62.4701 114.657 7.1
    endloop
  endfacet
  facet normal -0.997867 -0.0652871 0
    outer loop
      vertex 62.5 114.2 -8.8
      vertex 62.4701 114.657 7.1
      vertex 62.4701 114.657 -8.8
    endloop
  endfacet
  facet normal -0.997867 -0.0652871 0
    outer loop
      vertex 62.4701 114.657 7.1
      vertex 62.5 114.2 -8.8
      vertex 62.5 114.2 7.1
    endloop
  endfacet
  facet normal -1 0 0
    outer loop
      vertex 62.5 3 -8.8
      vertex 62.5 114.2 7.1
      vertex 62.5 114.2 -8.8
    endloop
  endfacet
  facet normal -1 -0 0
    outer loop
      vertex 62.5 114.2 7.1
      vertex 62.5 3 -8.8
      vertex 62.5 3 7.1
    endloop
  endfacet
  facet normal -0.997865 0.0653085 0
    outer loop
      vertex 62.4701 2.54315 -8.8
      vertex 62.5 3 7.1
      vertex 62.5 3 -8.8
    endloop
  endfacet
  facet normal -0.997865 0.0653085 0
    outer loop
      vertex 62.5 3 7.1
      vertex 62.4701 2.54315 -8.8
      vertex 62.4701 2.54315 7.1
    endloop
  endfacet
  facet normal -0.98075 0.195268 0
    outer loop
      vertex 62.3807 2.09413 -8.8
      vertex 62.4701 2.54315 7.1
      vertex 62.4701 2.54315 -8.8
    endloop
  endfacet
  facet normal -0.98075 0.195268 0
    outer loop
      vertex 62.4701 2.54315 7.1
      vertex 62.3807 2.09413 -8.8
      vertex 62.3807 2.09413 7.1
    endloop
  endfacet
  facet normal -0.94697 0.321322 0
    outer loop
      vertex 62.2336 1.66061 -8.8
      vertex 62.3807 2.09413 7.1
      vertex 62.3807 2.09413 -8.8
    endloop
  endfacet
  facet normal -0.94697 0.321322 0
    outer loop
      vertex 62.3807 2.09413 7.1
      vertex 62.2336 1.66061 -8.8
      vertex 62.2336 1.66061 7.1
    endloop
  endfacet
  facet normal -0.896864 0.442305 0
    outer loop
      vertex 62.0311 1.25 -8.8
      vertex 62.2336 1.66061 7.1
      vertex 62.2336 1.66061 -8.8
    endloop
  endfacet
  facet normal -0.896864 0.442305 0
    outer loop
      vertex 62.2336 1.66061 7.1
      vertex 62.0311 1.25 -8.8
      vertex 62.0311 1.25 7.1
    endloop
  endfacet
  facet normal -0.831419 0.555646 0
    outer loop
      vertex 61.7767 0.869339 -8.8
      vertex 62.0311 1.25 7.1
      vertex 62.0311 1.25 -8.8
    endloop
  endfacet
  facet normal -0.831419 0.555646 0
    outer loop
      vertex 62.0311 1.25 7.1
      vertex 61.7767 0.869339 -8.8
      vertex 61.7767 0.869339 7.1
    endloop
  endfacet
  facet normal -0.751907 0.659269 0
    outer loop
      vertex 61.4749 0.525131 -8.8
      vertex 61.7767 0.869339 7.1
      vertex 61.7767 0.869339 -8.8
    endloop
  endfacet
  facet normal -0.751907 0.659269 0
    outer loop
      vertex 61.7767 0.869339 7.1
      vertex 61.4749 0.525131 -8.8
      vertex 61.4749 0.525131 7.1
    endloop
  endfacet
  facet normal -0.659357 0.75183 0
    outer loop
      vertex 61.4749 0.525131 -8.8
      vertex 61.1307 0.223267 7.1
      vertex 61.4749 0.525131 7.1
    endloop
  endfacet
  facet normal -0.659357 0.75183 0
    outer loop
      vertex 61.1307 0.223267 7.1
      vertex 61.4749 0.525131 -8.8
      vertex 61.1307 0.223267 -8.8
    endloop
  endfacet
  facet normal -0.55553 0.831496 0
    outer loop
      vertex 61.1307 0.223267 -8.8
      vertex 60.75 -0.0310822 7.1
      vertex 61.1307 0.223267 7.1
    endloop
  endfacet
  facet normal -0.55553 0.831496 0
    outer loop
      vertex 60.75 -0.0310822 7.1
      vertex 61.1307 0.223267 -8.8
      vertex 60.75 -0.0310822 -8.8
    endloop
  endfacet
  facet normal -0.442314 0.89686 0
    outer loop
      vertex 60.75 -0.0310822 -8.8
      vertex 60.3394 -0.233582 7.1
      vertex 60.75 -0.0310822 7.1
    endloop
  endfacet
  facet normal -0.442314 0.89686 0
    outer loop
      vertex 60.3394 -0.233582 7.1
      vertex 60.75 -0.0310822 -8.8
      vertex 60.3394 -0.233582 -8.8
    endloop
  endfacet
  facet normal -0.321443 0.946929 0
    outer loop
      vertex 60.3394 -0.233582 -8.8
      vertex 59.9059 -0.380737 7.1
      vertex 60.3394 -0.233582 7.1
    endloop
  endfacet
  facet normal -0.321443 0.946929 0
    outer loop
      vertex 59.9059 -0.380737 7.1
      vertex 60.3394 -0.233582 -8.8
      vertex 59.9059 -0.380737 -8.8
    endloop
  endfacet
  facet normal -0.195077 0.980788 0
    outer loop
      vertex 59.9059 -0.380737 -8.8
      vertex 59.4568 -0.470062 7.1
      vertex 59.9059 -0.380737 7.1
    endloop
  endfacet
  facet normal -0.195077 0.980788 0
    outer loop
      vertex 59.4568 -0.470062 7.1
      vertex 59.9059 -0.380737 -8.8
      vertex 59.4568 -0.470062 -8.8
    endloop
  endfacet
  facet normal -0.0653982 0.997859 0
    outer loop
      vertex 59.4568 -0.470062 -8.8
      vertex 59 -0.5 7.1
      vertex 59.4568 -0.470062 7.1
    endloop
  endfacet
  facet normal -0.0653982 0.997859 0
    outer loop
      vertex 59 -0.5 7.1
      vertex 59.4568 -0.470062 -8.8
      vertex 59 -0.5 -8.8
    endloop
  endfacet
  facet normal 0 1 -0
    outer loop
      vertex 59 -0.5 -8.8
      vertex 3 -0.5 7.1
      vertex 59 -0.5 7.1
    endloop
  endfacet
  facet normal 0 1 0
    outer loop
      vertex 3 -0.5 7.1
      vertex 59 -0.5 -8.8
      vertex 3 -0.5 -8.8
    endloop
  endfacet
  facet normal 0 0 1
    outer loop
      vertex 62.5 114.2 7.1
      vertex 63.5 114.2 7.1
      vertex 63.4615 114.787 7.1
    endloop
  endfacet
  facet normal 0 0 1
    outer loop
      vertex 63.5 114.2 7.1
      vertex 62.5 114.2 7.1
      vertex 63.5 3 7.1
    endloop
  endfacet
  facet normal 0 0 1
    outer loop
      vertex 62.4701 114.657 7.1
      vertex 63.4615 114.787 7.1
      vertex 63.3467 115.365 7.1
    endloop
  endfacet
  facet normal 0 0 1
    outer loop
      vertex 62.5 3 7.1
      vertex 63.5 3 7.1
      vertex 62.5 114.2 7.1
    endloop
  endfacet
  facet normal 0 0 1
    outer loop
      vertex 62.3807 115.106 7.1
      vertex 63.3467 115.365 7.1
      vertex 63.1575 115.922 7.1
    endloop
  endfacet
  facet normal 0 0 1
    outer loop
      vertex 63.5 3 7.1
      vertex 62.5 3 7.1
      vertex 63.4615 2.41263 7.1
    endloop
  endfacet
  facet normal 0 0 1
    outer loop
      vertex 62.2336 115.539 7.1
      vertex 63.1575 115.922 7.1
      vertex 62.8971 116.45 7.1
    endloop
  endfacet
  facet normal -0 0 1
    outer loop
      vertex 62.4701 2.54315 7.1
      vertex 63.4615 2.41263 7.1
      vertex 62.5 3 7.1
    endloop
  endfacet
  facet normal 0 0 1
    outer loop
      vertex 62.0311 115.95 7.1
      vertex 62.8971 116.45 7.1
      vertex 62.5701 116.939 7.1
    endloop
  endfacet
  facet normal 0 0 1
    outer loop
      vertex 63.4615 2.41263 7.1
      vertex 62.4701 2.54315 7.1
      vertex 63.3467 1.83531 7.1
    endloop
  endfacet
  facet normal -0 0 1
    outer loop
      vertex 62.3807 2.09413 7.1
      vertex 63.3467 1.83531 7.1
      vertex 62.4701 2.54315 7.1
    endloop
  endfacet
  facet normal 0 0 1
    outer loop
      vertex 63.4615 114.787 7.1
      vertex 62.4701 114.657 7.1
      vertex 62.5 114.2 7.1
    endloop
  endfacet
  facet normal 0 0 1
    outer loop
      vertex 63.3467 115.365 7.1
      vertex 62.3807 115.106 7.1
      vertex 62.4701 114.657 7.1
    endloop
  endfacet
  facet normal 0 0 1
    outer loop
      vertex 63.1575 115.922 7.1
      vertex 62.2336 115.539 7.1
      vertex 62.3807 115.106 7.1
    endloop
  endfacet
  facet normal 0 0 1
    outer loop
      vertex 61.7767 116.331 7.1
      vertex 62.5701 116.939 7.1
      vertex 62.182 117.382 7.1
    endloop
  endfacet
  facet normal 0 0 1
    outer loop
      vertex 62.8971 116.45 7.1
      vertex 62.0311 115.95 7.1
      vertex 62.2336 115.539 7.1
    endloop
  endfacet
  facet normal 0 0 1
    outer loop
      vertex 62.5701 116.939 7.1
      vertex 61.7767 116.331 7.1
      vertex 62.0311 115.95 7.1
    endloop
  endfacet
  facet normal 0 0 1
    outer loop
      vertex 61.4749 116.675 7.1
      vertex 62.182 117.382 7.1
      vertex 61.7394 117.77 7.1
    endloop
  endfacet
  facet normal 0 0 1
    outer loop
      vertex 62.182 117.382 7.1
      vertex 61.4749 116.675 7.1
      vertex 61.7767 116.331 7.1
    endloop
  endfacet
  facet normal 0 0 1
    outer loop
      vertex 61.1307 116.977 7.1
      vertex 61.7394 117.77 7.1
      vertex 61.25 118.097 7.1
    endloop
  endfacet
  facet normal 0 0 1
    outer loop
      vertex 61.7394 117.77 7.1
      vertex 61.1307 116.977 7.1
      vertex 61.4749 116.675 7.1
    endloop
  endfacet
  facet normal 0 0 1
    outer loop
      vertex 61.25 118.097 7.1
      vertex 60.75 117.231 7.1
      vertex 61.1307 116.977 7.1
    endloop
  endfacet
  facet normal 0 0 1
    outer loop
      vertex 60.7221 118.357 7.1
      vertex 60.75 117.231 7.1
      vertex 61.25 118.097 7.1
    endloop
  endfacet
  facet normal 0 0 1
    outer loop
      vertex 60.7221 118.357 7.1
      vertex 60.3394 117.434 7.1
      vertex 60.75 117.231 7.1
    endloop
  endfacet
  facet normal 0 0 1
    outer loop
      vertex 60.1647 118.547 7.1
      vertex 60.3394 117.434 7.1
      vertex 60.7221 118.357 7.1
    endloop
  endfacet
  facet normal 0 0 1
    outer loop
      vertex 60.1647 118.547 7.1
      vertex 59.9059 117.581 7.1
      vertex 60.3394 117.434 7.1
    endloop
  endfacet
  facet normal 0 0 1
    outer loop
      vertex 59.5874 118.661 7.1
      vertex 59.9059 117.581 7.1
      vertex 60.1647 118.547 7.1
    endloop
  endfacet
  facet normal 0 0 1
    outer loop
      vertex 59.5874 118.661 7.1
      vertex 59.4568 117.67 7.1
      vertex 59.9059 117.581 7.1
    endloop
  endfacet
  facet normal 0 0 1
    outer loop
      vertex 59 118.7 7.1
      vertex 59.4568 117.67 7.1
      vertex 59.5874 118.661 7.1
    endloop
  endfacet
  facet normal 0 0 1
    outer loop
      vertex 59 118.7 7.1
      vertex 59 117.7 7.1
      vertex 59.4568 117.67 7.1
    endloop
  endfacet
  facet normal -0 0 1
    outer loop
      vertex 3 118.7 7.1
      vertex 59 117.7 7.1
      vertex 59 118.7 7.1
    endloop
  endfacet
  facet normal 0 0 1
    outer loop
      vertex 3 118.7 7.1
      vertex 3 117.7 7.1
      vertex 59 117.7 7.1
    endloop
  endfacet
  facet normal 0 0 1
    outer loop
      vertex 3 118.7 7.1
      vertex 2.54315 117.67 7.1
      vertex 3 117.7 7.1
    endloop
  endfacet
  facet normal -0 0 1
    outer loop
      vertex 2.41263 118.661 7.1
      vertex 2.54315 117.67 7.1
      vertex 3 118.7 7.1
    endloop
  endfacet
  facet normal 0 0 1
    outer loop
      vertex 2.41263 118.661 7.1
      vertex 2.09413 117.581 7.1
      vertex 2.54315 117.67 7.1
    endloop
  endfacet
  facet normal -0 0 1
    outer loop
      vertex 1.83531 118.547 7.1
      vertex 2.09413 117.581 7.1
      vertex 2.41263 118.661 7.1
    endloop
  endfacet
  facet normal 0 0 1
    outer loop
      vertex 1.83531 118.547 7.1
      vertex 1.66061 117.434 7.1
      vertex 2.09413 117.581 7.1
    endloop
  endfacet
  facet normal -0 0 1
    outer loop
      vertex 1.27792 118.357 7.1
      vertex 1.66061 117.434 7.1
      vertex 1.83531 118.547 7.1
    endloop
  endfacet
  facet normal 0 0 1
    outer loop
      vertex 1.27792 118.357 7.1
      vertex 1.25 117.231 7.1
      vertex 1.66061 117.434 7.1
    endloop
  endfacet
  facet normal -0 0 1
    outer loop
      vertex 0.75 118.097 7.1
      vertex 1.25 117.231 7.1
      vertex 1.27792 118.357 7.1
    endloop
  endfacet
  facet normal 0 0 1
    outer loop
      vertex 1.25 117.231 7.1
      vertex 0.75 118.097 7.1
      vertex 0.869339 116.977 7.1
    endloop
  endfacet
  facet normal -0 0 1
    outer loop
      vertex 0.260574 117.77 7.1
      vertex 0.869339 116.977 7.1
      vertex 0.75 118.097 7.1
    endloop
  endfacet
  facet normal 0 0 1
    outer loop
      vertex 0.869339 116.977 7.1
      vertex 0.260574 117.77 7.1
      vertex 0.525131 116.675 7.1
    endloop
  endfacet
  facet normal -0 0 1
    outer loop
      vertex -0.181976 117.382 7.1
      vertex 0.525131 116.675 7.1
      vertex 0.260574 117.77 7.1
    endloop
  endfacet
  facet normal 0 0 1
    outer loop
      vertex 0.525131 116.675 7.1
      vertex -0.181976 117.382 7.1
      vertex 0.223267 116.331 7.1
    endloop
  endfacet
  facet normal -0 0 1
    outer loop
      vertex -0.570084 116.939 7.1
      vertex 0.223267 116.331 7.1
      vertex -0.181976 117.382 7.1
    endloop
  endfacet
  facet normal 0 0 1
    outer loop
      vertex 0.223267 116.331 7.1
      vertex -0.570084 116.939 7.1
      vertex -0.0310822 115.95 7.1
    endloop
  endfacet
  facet normal -0 0 1
    outer loop
      vertex -0.89711 116.45 7.1
      vertex -0.0310822 115.95 7.1
      vertex -0.570084 116.939 7.1
    endloop
  endfacet
  facet normal 0 0 1
    outer loop
      vertex -0.0310822 115.95 7.1
      vertex -0.89711 116.45 7.1
      vertex -0.233582 115.539 7.1
    endloop
  endfacet
  facet normal -0 0 1
    outer loop
      vertex -1.34666 115.365 7.1
      vertex -0.380737 115.106 7.1
      vertex -1.15746 115.922 7.1
    endloop
  endfacet
  facet normal 0 0 1
    outer loop
      vertex -0.233582 115.539 7.1
      vertex -1.15746 115.922 7.1
      vertex -0.380737 115.106 7.1
    endloop
  endfacet
  facet normal -0 0 1
    outer loop
      vertex -1.15746 115.922 7.1
      vertex -0.233582 115.539 7.1
      vertex -0.89711 116.45 7.1
    endloop
  endfacet
  facet normal 0 0 1
    outer loop
      vertex 63.3467 1.83531 7.1
      vertex 62.3807 2.09413 7.1
      vertex 63.1575 1.27792 7.1
    endloop
  endfacet
  facet normal -0 0 1
    outer loop
      vertex 62.2336 1.66061 7.1
      vertex 63.1575 1.27792 7.1
      vertex 62.3807 2.09413 7.1
    endloop
  endfacet
  facet normal 0 0 1
    outer loop
      vertex 63.1575 1.27792 7.1
      vertex 62.2336 1.66061 7.1
      vertex 62.8971 0.75 7.1
    endloop
  endfacet
  facet normal -0 0 1
    outer loop
      vertex 62.0311 1.25 7.1
      vertex 62.8971 0.75 7.1
      vertex 62.2336 1.66061 7.1
    endloop
  endfacet
  facet normal 0 0 1
    outer loop
      vertex 62.8971 0.75 7.1
      vertex 62.0311 1.25 7.1
      vertex 62.5701 0.260574 7.1
    endloop
  endfacet
  facet normal -0 0 1
    outer loop
      vertex 61.7767 0.869339 7.1
      vertex 62.5701 0.260574 7.1
      vertex 62.0311 1.25 7.1
    endloop
  endfacet
  facet normal 0 0 1
    outer loop
      vertex 62.5701 0.260574 7.1
      vertex 61.7767 0.869339 7.1
      vertex 62.182 -0.181976 7.1
    endloop
  endfacet
  facet normal -0 0 1
    outer loop
      vertex 61.4749 0.525131 7.1
      vertex 62.182 -0.181976 7.1
      vertex 61.7767 0.869339 7.1
    endloop
  endfacet
  facet normal 0 0 1
    outer loop
      vertex 62.182 -0.181976 7.1
      vertex 61.4749 0.525131 7.1
      vertex 61.7394 -0.570084 7.1
    endloop
  endfacet
  facet normal -0 0 1
    outer loop
      vertex 61.1307 0.223267 7.1
      vertex 61.7394 -0.570084 7.1
      vertex 61.4749 0.525131 7.1
    endloop
  endfacet
  facet normal 0 0 1
    outer loop
      vertex 61.7394 -0.570084 7.1
      vertex 61.1307 0.223267 7.1
      vertex 61.25 -0.89711 7.1
    endloop
  endfacet
  facet normal -0 0 1
    outer loop
      vertex 60.75 -0.0310822 7.1
      vertex 61.25 -0.89711 7.1
      vertex 61.1307 0.223267 7.1
    endloop
  endfacet
  facet normal 0 0 1
    outer loop
      vertex 60.75 -0.0310822 7.1
      vertex 60.7221 -1.15746 7.1
      vertex 61.25 -0.89711 7.1
    endloop
  endfacet
  facet normal -0 0 1
    outer loop
      vertex 60.3394 -0.233582 7.1
      vertex 60.7221 -1.15746 7.1
      vertex 60.75 -0.0310822 7.1
    endloop
  endfacet
  facet normal 0 0 1
    outer loop
      vertex 60.3394 -0.233582 7.1
      vertex 60.1647 -1.34666 7.1
      vertex 60.7221 -1.15746 7.1
    endloop
  endfacet
  facet normal -0 0 1
    outer loop
      vertex 59.9059 -0.380737 7.1
      vertex 60.1647 -1.34666 7.1
      vertex 60.3394 -0.233582 7.1
    endloop
  endfacet
  facet normal 0 0 1
    outer loop
      vertex 59.9059 -0.380737 7.1
      vertex 59.5874 -1.4615 7.1
      vertex 60.1647 -1.34666 7.1
    endloop
  endfacet
  facet normal -0 0 1
    outer loop
      vertex 59.4568 -0.470062 7.1
      vertex 59.5874 -1.4615 7.1
      vertex 59.9059 -0.380737 7.1
    endloop
  endfacet
  facet normal -0 0 1
    outer loop
      vertex 59 -0.5 7.1
      vertex 59.5874 -1.4615 7.1
      vertex 59.4568 -0.470062 7.1
    endloop
  endfacet
  facet normal 0 0 1
    outer loop
      vertex 59 -0.5 7.1
      vertex 59 -1.5 7.1
      vertex 59.5874 -1.4615 7.1
    endloop
  endfacet
  facet normal -0 0 1
    outer loop
      vertex 3 -0.5 7.1
      vertex 59 -1.5 7.1
      vertex 59 -0.5 7.1
    endloop
  endfacet
  facet normal 0 0 1
    outer loop
      vertex 3 -0.5 7.1
      vertex 3 -1.5 7.1
      vertex 59 -1.5 7.1
    endloop
  endfacet
  facet normal 0 0 1
    outer loop
      vertex 2.54315 -0.470062 7.1
      vertex 3 -1.5 7.1
      vertex 3 -0.5 7.1
    endloop
  endfacet
  facet normal 0 0 1
    outer loop
      vertex 2.54315 -0.470062 7.1
      vertex 2.41263 -1.4615 7.1
      vertex 3 -1.5 7.1
    endloop
  endfacet
  facet normal 0 0 1
    outer loop
      vertex 2.09413 -0.380737 7.1
      vertex 2.41263 -1.4615 7.1
      vertex 2.54315 -0.470062 7.1
    endloop
  endfacet
  facet normal 0 0 1
    outer loop
      vertex 2.09413 -0.380737 7.1
      vertex 1.83531 -1.34666 7.1
      vertex 2.41263 -1.4615 7.1
    endloop
  endfacet
  facet normal 0 0 1
    outer loop
      vertex 1.66061 -0.233582 7.1
      vertex 1.83531 -1.34666 7.1
      vertex 2.09413 -0.380737 7.1
    endloop
  endfacet
  facet normal 0 0 1
    outer loop
      vertex 1.66061 -0.233582 7.1
      vertex 1.27792 -1.15746 7.1
      vertex 1.83531 -1.34666 7.1
    endloop
  endfacet
  facet normal 0 0 1
    outer loop
      vertex 1.25 -0.0310822 7.1
      vertex 1.27792 -1.15746 7.1
      vertex 1.66061 -0.233582 7.1
    endloop
  endfacet
  facet normal 0 0 1
    outer loop
      vertex 0.75 -0.89711 7.1
      vertex 1.25 -0.0310822 7.1
      vertex 0.869339 0.223267 7.1
    endloop
  endfacet
  facet normal 0 0 1
    outer loop
      vertex 1.25 -0.0310822 7.1
      vertex 0.75 -0.89711 7.1
      vertex 1.27792 -1.15746 7.1
    endloop
  endfacet
  facet normal 0 0 1
    outer loop
      vertex 0.260574 -0.570084 7.1
      vertex 0.869339 0.223267 7.1
      vertex 0.525131 0.525131 7.1
    endloop
  endfacet
  facet normal 0 0 1
    outer loop
      vertex 0.869339 0.223267 7.1
      vertex 0.260574 -0.570084 7.1
      vertex 0.75 -0.89711 7.1
    endloop
  endfacet
  facet normal 0 0 1
    outer loop
      vertex -0.181976 -0.181976 7.1
      vertex 0.525131 0.525131 7.1
      vertex 0.223267 0.869339 7.1
    endloop
  endfacet
  facet normal 0 0 1
    outer loop
      vertex -0.570084 0.260574 7.1
      vertex 0.223267 0.869339 7.1
      vertex -0.0310822 1.25 7.1
    endloop
  endfacet
  facet normal 0 0 1
    outer loop
      vertex 0.525131 0.525131 7.1
      vertex -0.181976 -0.181976 7.1
      vertex 0.260574 -0.570084 7.1
    endloop
  endfacet
  facet normal 0 0 1
    outer loop
      vertex -0.89711 0.75 7.1
      vertex -0.0310822 1.25 7.1
      vertex -0.233582 1.66061 7.1
    endloop
  endfacet
  facet normal 0 0 1
    outer loop
      vertex -1.15746 1.27792 7.1
      vertex -0.233582 1.66061 7.1
      vertex -0.380737 2.09413 7.1
    endloop
  endfacet
  facet normal 0 0 1
    outer loop
      vertex -1.34666 1.83531 7.1
      vertex -0.380737 2.09413 7.1
      vertex -0.470062 2.54315 7.1
    endloop
  endfacet
  facet normal 0 0 1
    outer loop
      vertex 0.223267 0.869339 7.1
      vertex -0.570084 0.260574 7.1
      vertex -0.181976 -0.181976 7.1
    endloop
  endfacet
  facet normal 0 0 1
    outer loop
      vertex -1.4615 2.41263 7.1
      vertex -0.470062 2.54315 7.1
      vertex -0.5 3 7.1
    endloop
  endfacet
  facet normal 0 0 1
    outer loop
      vertex -0.5 114.2 7.1
      vertex -1.5 114.2 7.1
      vertex -0.5 3 7.1
    endloop
  endfacet
  facet normal 0 0 1
    outer loop
      vertex -0.380737 115.106 7.1
      vertex -1.34666 115.365 7.1
      vertex -0.470062 114.657 7.1
    endloop
  endfacet
  facet normal 0 0 1
    outer loop
      vertex -1.5 3 7.1
      vertex -0.5 3 7.1
      vertex -1.5 114.2 7.1
    endloop
  endfacet
  facet normal -0 0 1
    outer loop
      vertex -1.4615 114.787 7.1
      vertex -0.470062 114.657 7.1
      vertex -1.34666 115.365 7.1
    endloop
  endfacet
  facet normal 0 -0 1
    outer loop
      vertex -1.4615 2.41263 7.1
      vertex -0.5 3 7.1
      vertex -1.5 3 7.1
    endloop
  endfacet
  facet normal 0 0 1
    outer loop
      vertex -0.470062 114.657 7.1
      vertex -1.4615 114.787 7.1
      vertex -0.5 114.2 7.1
    endloop
  endfacet
  facet normal 0 0 1
    outer loop
      vertex -0.0310822 1.25 7.1
      vertex -0.89711 0.75 7.1
      vertex -0.570084 0.260574 7.1
    endloop
  endfacet
  facet normal 0 0 1
    outer loop
      vertex -0.5 114.2 7.1
      vertex -1.4615 114.787 7.1
      vertex -1.5 114.2 7.1
    endloop
  endfacet
  facet normal 0 0 1
    outer loop
      vertex -0.233582 1.66061 7.1
      vertex -1.15746 1.27792 7.1
      vertex -0.89711 0.75 7.1
    endloop
  endfacet
  facet normal 0 0 1
    outer loop
      vertex -0.380737 2.09413 7.1
      vertex -1.34666 1.83531 7.1
      vertex -1.15746 1.27792 7.1
    endloop
  endfacet
  facet normal 0 0 1
    outer loop
      vertex -0.470062 2.54315 7.1
      vertex -1.4615 2.41263 7.1
      vertex -1.34666 1.83531 7.1
    endloop
  endfacet
  facet normal 0.195103 -0.980783 0
    outer loop
      vertex 59.5874 -1.4615 4.1
      vertex 60.1647 -1.34666 7.1
      vertex 59.5874 -1.4615 7.1
    endloop
  endfacet
  facet normal 0.195103 -0.980783 0
    outer loop
      vertex 60.1647 -1.34666 7.1
      vertex 59.5874 -1.4615 4.1
      vertex 60.1647 -1.34666 4.1
    endloop
  endfacet
  facet normal 0.321421 -0.946936 0
    outer loop
      vertex 60.1647 -1.34666 4.1
      vertex 60.7221 -1.15746 7.1
      vertex 60.1647 -1.34666 7.1
    endloop
  endfacet
  facet normal 0.321421 -0.946936 0
    outer loop
      vertex 60.7221 -1.15746 7.1
      vertex 60.1647 -1.34666 4.1
      vertex 60.7221 -1.15746 4.1
    endloop
  endfacet
  facet normal 0.442314 -0.89686 0
    outer loop
      vertex 60.7221 -1.15746 4.1
      vertex 61.25 -0.89711 7.1
      vertex 60.7221 -1.15746 7.1
    endloop
  endfacet
  facet normal 0.442314 -0.89686 0
    outer loop
      vertex 61.25 -0.89711 7.1
      vertex 60.7221 -1.15746 4.1
      vertex 61.25 -0.89711 4.1
    endloop
  endfacet
  facet normal 0.555593 -0.831454 0
    outer loop
      vertex 61.25 -0.89711 4.1
      vertex 61.7394 -0.570084 7.1
      vertex 61.25 -0.89711 7.1
    endloop
  endfacet
  facet normal 0.555593 -0.831454 0
    outer loop
      vertex 61.7394 -0.570084 7.1
      vertex 61.25 -0.89711 4.1
      vertex 61.7394 -0.570084 4.1
    endloop
  endfacet
  facet normal 0.659306 -0.751875 0
    outer loop
      vertex 61.7394 -0.570084 4.1
      vertex 62.182 -0.181976 7.1
      vertex 61.7394 -0.570084 7.1
    endloop
  endfacet
  facet normal 0.659306 -0.751875 0
    outer loop
      vertex 62.182 -0.181976 7.1
      vertex 61.7394 -0.570084 4.1
      vertex 62.182 -0.181976 4.1
    endloop
  endfacet
  facet normal 0.751845 -0.65934 0
    outer loop
      vertex 62.182 -0.181976 7.1
      vertex 62.5701 0.260574 4.1
      vertex 62.5701 0.260574 7.1
    endloop
  endfacet
  facet normal 0.751845 -0.65934 0
    outer loop
      vertex 62.5701 0.260574 4.1
      vertex 62.182 -0.181976 7.1
      vertex 62.182 -0.181976 4.1
    endloop
  endfacet
  facet normal 0.831488 -0.555542 0
    outer loop
      vertex 62.5701 0.260574 7.1
      vertex 62.8971 0.75 4.1
      vertex 62.8971 0.75 7.1
    endloop
  endfacet
  facet normal 0.831488 -0.555542 0
    outer loop
      vertex 62.8971 0.75 4.1
      vertex 62.5701 0.260574 7.1
      vertex 62.5701 0.260574 4.1
    endloop
  endfacet
  facet normal 0.896833 -0.442369 0
    outer loop
      vertex 62.8971 0.75 7.1
      vertex 63.1575 1.27792 4.1
      vertex 63.1575 1.27792 7.1
    endloop
  endfacet
  facet normal 0.896833 -0.442369 0
    outer loop
      vertex 63.1575 1.27792 4.1
      vertex 62.8971 0.75 7.1
      vertex 62.8971 0.75 4.1
    endloop
  endfacet
  facet normal 0.946934 -0.321427 0
    outer loop
      vertex 63.1575 1.27792 7.1
      vertex 63.3467 1.83531 4.1
      vertex 63.3467 1.83531 7.1
    endloop
  endfacet
  facet normal 0.946934 -0.321427 0
    outer loop
      vertex 63.3467 1.83531 4.1
      vertex 63.1575 1.27792 7.1
      vertex 63.1575 1.27792 4.1
    endloop
  endfacet
  facet normal 0.980797 -0.195031 0
    outer loop
      vertex 63.3467 1.83531 7.1
      vertex 63.4615 2.41263 4.1
      vertex 63.4615 2.41263 7.1
    endloop
  endfacet
  facet normal 0.980797 -0.195031 0
    outer loop
      vertex 63.4615 2.41263 4.1
      vertex 63.3467 1.83531 7.1
      vertex 63.3467 1.83531 4.1
    endloop
  endfacet
  facet normal 0.997859 -0.0654061 0
    outer loop
      vertex 63.4615 2.41263 7.1
      vertex 63.5 3 4.1
      vertex 63.5 3 7.1
    endloop
  endfacet
  facet normal 0.997859 -0.0654061 0
    outer loop
      vertex 63.5 3 4.1
      vertex 63.4615 2.41263 7.1
      vertex 63.4615 2.41263 4.1
    endloop
  endfacet
  facet normal 1 0 0
    outer loop
      vertex 63.5 114.2 7.1
      vertex 63.5 73.6 6.05
      vertex 63.5 114.2 4.1
    endloop
  endfacet
  facet normal 1 0 0
    outer loop
      vertex 63.5 114.2 7.1
      vertex 63.5 43.6 6.05
      vertex 63.5 73.6 6.05
    endloop
  endfacet
  facet normal 1 0 0
    outer loop
      vertex 63.5 43.6 6.05
      vertex 63.5 3 7.1
      vertex 63.5 43.6 5.15
    endloop
  endfacet
  facet normal 1 -0 0
    outer loop
      vertex 63.5 3 7.1
      vertex 63.5 43.6 6.05
      vertex 63.5 114.2 7.1
    endloop
  endfacet
  facet normal 1 -0 0
    outer loop
      vertex 63.5 73.6 5.15
      vertex 63.5 114.2 4.1
      vertex 63.5 73.6 6.05
    endloop
  endfacet
  facet normal 1 -0 0
    outer loop
      vertex 63.5 43.6 5.15
      vertex 63.5 114.2 4.1
      vertex 63.5 73.6 5.15
    endloop
  endfacet
  facet normal 1 0 0
    outer loop
      vertex 63.5 43.6 5.15
      vertex 63.5 3 4.1
      vertex 63.5 114.2 4.1
    endloop
  endfacet
  facet normal 1 0 0
    outer loop
      vertex 63.5 3 4.1
      vertex 63.5 43.6 5.15
      vertex 63.5 3 7.1
    endloop
  endfacet
  facet normal 0.997856 0.0654471 0
    outer loop
      vertex 63.5 114.2 7.1
      vertex 63.4615 114.787 4.1
      vertex 63.4615 114.787 7.1
    endloop
  endfacet
  facet normal 0.997856 0.0654471 0
    outer loop
      vertex 63.4615 114.787 4.1
      vertex 63.5 114.2 7.1
      vertex 63.5 114.2 4.1
    endloop
  endfacet
  facet normal 0.980841 0.194811 0
    outer loop
      vertex 63.4615 114.787 7.1
      vertex 63.3467 115.365 4.1
      vertex 63.3467 115.365 7.1
    endloop
  endfacet
  facet normal 0.980841 0.194811 0
    outer loop
      vertex 63.3467 115.365 4.1
      vertex 63.4615 114.787 7.1
      vertex 63.4615 114.787 4.1
    endloop
  endfacet
  facet normal 0.946866 0.321628 0
    outer loop
      vertex 63.3467 115.365 7.1
      vertex 63.1575 115.922 4.1
      vertex 63.1575 115.922 7.1
    endloop
  endfacet
  facet normal 0.946866 0.321628 0
    outer loop
      vertex 63.1575 115.922 4.1
      vertex 63.3467 115.365 7.1
      vertex 63.3467 115.365 4.1
    endloop
  endfacet
  facet normal 0.89686 0.442315 0
    outer loop
      vertex 63.1575 115.922 7.1
      vertex 62.8971 116.45 4.1
      vertex 62.8971 116.45 7.1
    endloop
  endfacet
  facet normal 0.89686 0.442315 0
    outer loop
      vertex 62.8971 116.45 4.1
      vertex 63.1575 115.922 7.1
      vertex 63.1575 115.922 4.1
    endloop
  endfacet
  facet normal 0.831265 0.555877 0
    outer loop
      vertex 62.8971 116.45 7.1
      vertex 62.5701 116.939 4.1
      vertex 62.5701 116.939 7.1
    endloop
  endfacet
  facet normal 0.831265 0.555877 0
    outer loop
      vertex 62.5701 116.939 4.1
      vertex 62.8971 116.45 7.1
      vertex 62.8971 116.45 4.1
    endloop
  endfacet
  facet normal 0.752177 0.658961 0
    outer loop
      vertex 62.5701 116.939 7.1
      vertex 62.182 117.382 4.1
      vertex 62.182 117.382 7.1
    endloop
  endfacet
  facet normal 0.752177 0.658961 0
    outer loop
      vertex 62.182 117.382 4.1
      vertex 62.5701 116.939 7.1
      vertex 62.5701 116.939 4.1
    endloop
  endfacet
  facet normal 0.659202 0.751966 -0
    outer loop
      vertex 62.182 117.382 4.1
      vertex 61.7394 117.77 7.1
      vertex 62.182 117.382 7.1
    endloop
  endfacet
  facet normal 0.659202 0.751966 0
    outer loop
      vertex 61.7394 117.77 7.1
      vertex 62.182 117.382 4.1
      vertex 61.7394 117.77 4.1
    endloop
  endfacet
  facet normal 0.555562 0.831475 -0
    outer loop
      vertex 61.7394 117.77 4.1
      vertex 61.25 118.097 7.1
      vertex 61.7394 117.77 7.1
    endloop
  endfacet
  facet normal 0.555562 0.831475 0
    outer loop
      vertex 61.25 118.097 7.1
      vertex 61.7394 117.77 4.1
      vertex 61.25 118.097 4.1
    endloop
  endfacet
  facet normal 0.441836 0.897096 -0
    outer loop
      vertex 61.25 118.097 4.1
      vertex 60.7221 118.357 7.1
      vertex 61.25 118.097 7.1
    endloop
  endfacet
  facet normal 0.441836 0.897096 0
    outer loop
      vertex 60.7221 118.357 7.1
      vertex 61.25 118.097 4.1
      vertex 60.7221 118.357 4.1
    endloop
  endfacet
  facet normal 0.322639 0.946522 -0
    outer loop
      vertex 60.7221 118.357 4.1
      vertex 60.1647 118.547 7.1
      vertex 60.7221 118.357 7.1
    endloop
  endfacet
  facet normal 0.322639 0.946522 0
    outer loop
      vertex 60.1647 118.547 7.1
      vertex 60.7221 118.357 4.1
      vertex 60.1647 118.547 4.1
    endloop
  endfacet
  facet normal 0.19373 0.981055 -0
    outer loop
      vertex 60.1647 118.547 4.1
      vertex 59.5874 118.661 7.1
      vertex 60.1647 118.547 7.1
    endloop
  endfacet
  facet normal 0.19373 0.981055 0
    outer loop
      vertex 59.5874 118.661 7.1
      vertex 60.1647 118.547 4.1
      vertex 59.5874 118.661 4.1
    endloop
  endfacet
  facet normal 0.0662484 0.997803 -0
    outer loop
      vertex 59.5874 118.661 4.1
      vertex 59 118.7 7.1
      vertex 59.5874 118.661 7.1
    endloop
  endfacet
  facet normal 0.0662484 0.997803 0
    outer loop
      vertex 59 118.7 7.1
      vertex 59.5874 118.661 4.1
      vertex 59 118.7 4.1
    endloop
  endfacet
  facet normal 0 1 -0
    outer loop
      vertex 59 118.7 4.1
      vertex 3 118.7 7.1
      vertex 59 118.7 7.1
    endloop
  endfacet
  facet normal 0 1 0
    outer loop
      vertex 3 118.7 7.1
      vertex 59 118.7 4.1
      vertex 3 118.7 4.1
    endloop
  endfacet
  facet normal -0.0662518 0.997803 0
    outer loop
      vertex 3 118.7 4.1
      vertex 2.41263 118.661 7.1
      vertex 3 118.7 7.1
    endloop
  endfacet
  facet normal -0.0662518 0.997803 0
    outer loop
      vertex 2.41263 118.661 7.1
      vertex 3 118.7 4.1
      vertex 2.41263 118.661 4.1
    endloop
  endfacet
  facet normal -0.193723 0.981056 0
    outer loop
      vertex 2.41263 118.661 4.1
      vertex 1.83531 118.547 7.1
      vertex 2.41263 118.661 7.1
    endloop
  endfacet
  facet normal -0.193723 0.981056 0
    outer loop
      vertex 1.83531 118.547 7.1
      vertex 2.41263 118.661 4.1
      vertex 1.83531 118.547 4.1
    endloop
  endfacet
  facet normal -0.322645 0.94652 0
    outer loop
      vertex 1.83531 118.547 4.1
      vertex 1.27792 118.357 7.1
      vertex 1.83531 118.547 7.1
    endloop
  endfacet
  facet normal -0.322645 0.94652 0
    outer loop
      vertex 1.27792 118.357 7.1
      vertex 1.83531 118.547 4.1
      vertex 1.27792 118.357 4.1
    endloop
  endfacet
  facet normal -0.441822 0.897103 0
    outer loop
      vertex 1.27792 118.357 4.1
      vertex 0.75 118.097 7.1
      vertex 1.27792 118.357 7.1
    endloop
  endfacet
  facet normal -0.441822 0.897103 0
    outer loop
      vertex 0.75 118.097 7.1
      vertex 1.27792 118.357 4.1
      vertex 0.75 118.097 4.1
    endloop
  endfacet
  facet normal -0.555542 0.831488 0
    outer loop
      vertex 0.75 118.097 4.1
      vertex 0.260574 117.77 7.1
      vertex 0.75 118.097 7.1
    endloop
  endfacet
  facet normal -0.555542 0.831488 0
    outer loop
      vertex 0.260574 117.77 7.1
      vertex 0.75 118.097 4.1
      vertex 0.260574 117.77 4.1
    endloop
  endfacet
  facet normal -0.659244 0.751929 0
    outer loop
      vertex 0.260574 117.77 4.1
      vertex -0.181976 117.382 7.1
      vertex 0.260574 117.77 7.1
    endloop
  endfacet
  facet normal -0.659244 0.751929 0
    outer loop
      vertex -0.181976 117.382 7.1
      vertex 0.260574 117.77 4.1
      vertex -0.181976 117.382 4.1
    endloop
  endfacet
  facet normal -0.75217 0.658969 0
    outer loop
      vertex -0.570084 116.939 4.1
      vertex -0.181976 117.382 7.1
      vertex -0.181976 117.382 4.1
    endloop
  endfacet
  facet normal -0.75217 0.658969 0
    outer loop
      vertex -0.181976 117.382 7.1
      vertex -0.570084 116.939 4.1
      vertex -0.570084 116.939 7.1
    endloop
  endfacet
  facet normal -0.831244 0.555907 0
    outer loop
      vertex -0.89711 116.45 4.1
      vertex -0.570084 116.939 7.1
      vertex -0.570084 116.939 4.1
    endloop
  endfacet
  facet normal -0.831244 0.555907 0
    outer loop
      vertex -0.570084 116.939 7.1
      vertex -0.89711 116.45 4.1
      vertex -0.89711 116.45 7.1
    endloop
  endfacet
  facet normal -0.896893 0.442247 0
    outer loop
      vertex -1.15746 115.922 4.1
      vertex -0.89711 116.45 7.1
      vertex -0.89711 116.45 4.1
    endloop
  endfacet
  facet normal -0.896893 0.442247 0
    outer loop
      vertex -0.89711 116.45 7.1
      vertex -1.15746 115.922 4.1
      vertex -1.15746 115.922 7.1
    endloop
  endfacet
  facet normal -0.946866 0.321628 0
    outer loop
      vertex -1.34666 115.365 4.1
      vertex -1.15746 115.922 7.1
      vertex -1.15746 115.922 4.1
    endloop
  endfacet
  facet normal -0.946866 0.321628 0
    outer loop
      vertex -1.15746 115.922 7.1
      vertex -1.34666 115.365 4.1
      vertex -1.34666 115.365 7.1
    endloop
  endfacet
  facet normal -0.980828 0.194876 0
    outer loop
      vertex -1.4615 114.787 4.1
      vertex -1.34666 115.365 7.1
      vertex -1.34666 115.365 4.1
    endloop
  endfacet
  facet normal -0.980828 0.194876 0
    outer loop
      vertex -1.34666 115.365 7.1
      vertex -1.4615 114.787 4.1
      vertex -1.4615 114.787 7.1
    endloop
  endfacet
  facet normal -0.997856 0.0654471 0
    outer loop
      vertex -1.5 114.2 4.1
      vertex -1.4615 114.787 7.1
      vertex -1.4615 114.787 4.1
    endloop
  endfacet
  facet normal -0.997856 0.0654471 0
    outer loop
      vertex -1.4615 114.787 7.1
      vertex -1.5 114.2 4.1
      vertex -1.5 114.2 7.1
    endloop
  endfacet
  facet normal -1 0 0
    outer loop
      vertex -1.5 114.2 4.1
      vertex -1.5 73.6 5.15
      vertex -1.5 114.2 7.1
    endloop
  endfacet
  facet normal -1 0 0
    outer loop
      vertex -1.5 114.2 4.1
      vertex -1.5 43.6 5.15
      vertex -1.5 73.6 5.15
    endloop
  endfacet
  facet normal -1 -0 0
    outer loop
      vertex -1.5 43.6 5.15
      vertex -1.5 3 4.1
      vertex -1.5 43.6 6.05
    endloop
  endfacet
  facet normal -1 0 0
    outer loop
      vertex -1.5 3 4.1
      vertex -1.5 43.6 5.15
      vertex -1.5 114.2 4.1
    endloop
  endfacet
  facet normal -1 0 0
    outer loop
      vertex -1.5 73.6 6.05
      vertex -1.5 114.2 7.1
      vertex -1.5 73.6 5.15
    endloop
  endfacet
  facet normal -1 0 0
    outer loop
      vertex -1.5 43.6 6.05
      vertex -1.5 114.2 7.1
      vertex -1.5 73.6 6.05
    endloop
  endfacet
  facet normal -1 0 0
    outer loop
      vertex -1.5 43.6 6.05
      vertex -1.5 3 7.1
      vertex -1.5 114.2 7.1
    endloop
  endfacet
  facet normal -1 0 0
    outer loop
      vertex -1.5 3 7.1
      vertex -1.5 43.6 6.05
      vertex -1.5 3 4.1
    endloop
  endfacet
  facet normal -0.997859 -0.0654061 0
    outer loop
      vertex -1.4615 2.41263 4.1
      vertex -1.5 3 7.1
      vertex -1.5 3 4.1
    endloop
  endfacet
  facet normal -0.997859 -0.0654061 0
    outer loop
      vertex -1.5 3 7.1
      vertex -1.4615 2.41263 4.1
      vertex -1.4615 2.41263 7.1
    endloop
  endfacet
  facet normal -0.980784 -0.195097 0
    outer loop
      vertex -1.34666 1.83531 4.1
      vertex -1.4615 2.41263 7.1
      vertex -1.4615 2.41263 4.1
    endloop
  endfacet
  facet normal -0.980784 -0.195097 0
    outer loop
      vertex -1.4615 2.41263 7.1
      vertex -1.34666 1.83531 4.1
      vertex -1.34666 1.83531 7.1
    endloop
  endfacet
  facet normal -0.946934 -0.321427 0
    outer loop
      vertex -1.15746 1.27792 4.1
      vertex -1.34666 1.83531 7.1
      vertex -1.34666 1.83531 4.1
    endloop
  endfacet
  facet normal -0.946934 -0.321427 0
    outer loop
      vertex -1.34666 1.83531 7.1
      vertex -1.15746 1.27792 4.1
      vertex -1.15746 1.27792 7.1
    endloop
  endfacet
  facet normal -0.896867 -0.442301 0
    outer loop
      vertex -0.89711 0.75 4.1
      vertex -1.15746 1.27792 7.1
      vertex -1.15746 1.27792 4.1
    endloop
  endfacet
  facet normal -0.896867 -0.442301 0
    outer loop
      vertex -1.15746 1.27792 7.1
      vertex -0.89711 0.75 4.1
      vertex -0.89711 0.75 7.1
    endloop
  endfacet
  facet normal -0.831468 -0.555573 0
    outer loop
      vertex -0.570084 0.260574 4.1
      vertex -0.89711 0.75 7.1
      vertex -0.89711 0.75 4.1
    endloop
  endfacet
  facet normal -0.831468 -0.555573 0
    outer loop
      vertex -0.89711 0.75 7.1
      vertex -0.570084 0.260574 4.1
      vertex -0.570084 0.260574 7.1
    endloop
  endfacet
  facet normal -0.751838 -0.659348 0
    outer loop
      vertex -0.181976 -0.181976 4.1
      vertex -0.570084 0.260574 7.1
      vertex -0.570084 0.260574 4.1
    endloop
  endfacet
  facet normal -0.751838 -0.659348 0
    outer loop
      vertex -0.570084 0.260574 7.1
      vertex -0.181976 -0.181976 4.1
      vertex -0.181976 -0.181976 7.1
    endloop
  endfacet
  facet normal -0.659348 -0.751838 0
    outer loop
      vertex -0.181976 -0.181976 4.1
      vertex 0.260574 -0.570084 7.1
      vertex -0.181976 -0.181976 7.1
    endloop
  endfacet
  facet normal -0.659348 -0.751838 -0
    outer loop
      vertex 0.260574 -0.570084 7.1
      vertex -0.181976 -0.181976 4.1
      vertex 0.260574 -0.570084 4.1
    endloop
  endfacet
  facet normal -0.555573 -0.831468 0
    outer loop
      vertex 0.260574 -0.570084 4.1
      vertex 0.75 -0.89711 7.1
      vertex 0.260574 -0.570084 7.1
    endloop
  endfacet
  facet normal -0.555573 -0.831468 -0
    outer loop
      vertex 0.75 -0.89711 7.1
      vertex 0.260574 -0.570084 4.1
      vertex 0.75 -0.89711 4.1
    endloop
  endfacet
  facet normal -0.442301 -0.896867 0
    outer loop
      vertex 0.75 -0.89711 4.1
      vertex 1.27792 -1.15746 7.1
      vertex 0.75 -0.89711 7.1
    endloop
  endfacet
  facet normal -0.442301 -0.896867 -0
    outer loop
      vertex 1.27792 -1.15746 7.1
      vertex 0.75 -0.89711 4.1
      vertex 1.27792 -1.15746 4.1
    endloop
  endfacet
  facet normal -0.321427 -0.946934 0
    outer loop
      vertex 1.27792 -1.15746 4.1
      vertex 1.83531 -1.34666 7.1
      vertex 1.27792 -1.15746 7.1
    endloop
  endfacet
  facet normal -0.321427 -0.946934 -0
    outer loop
      vertex 1.83531 -1.34666 7.1
      vertex 1.27792 -1.15746 4.1
      vertex 1.83531 -1.34666 4.1
    endloop
  endfacet
  facet normal -0.195097 -0.980784 0
    outer loop
      vertex 1.83531 -1.34666 4.1
      vertex 2.41263 -1.4615 7.1
      vertex 1.83531 -1.34666 7.1
    endloop
  endfacet
  facet normal -0.195097 -0.980784 -0
    outer loop
      vertex 2.41263 -1.4615 7.1
      vertex 1.83531 -1.34666 4.1
      vertex 2.41263 -1.4615 4.1
    endloop
  endfacet
  facet normal -0.0654061 -0.997859 0
    outer loop
      vertex 2.41263 -1.4615 4.1
      vertex 3 -1.5 7.1
      vertex 2.41263 -1.4615 7.1
    endloop
  endfacet
  facet normal -0.0654061 -0.997859 -0
    outer loop
      vertex 3 -1.5 7.1
      vertex 2.41263 -1.4615 4.1
      vertex 3 -1.5 4.1
    endloop
  endfacet
  facet normal 0 -1 0
    outer loop
      vertex 3 -1.5 4.1
      vertex 59 -1.5 7.1
      vertex 3 -1.5 7.1
    endloop
  endfacet
  facet normal 0 -1 -0
    outer loop
      vertex 59 -1.5 7.1
      vertex 3 -1.5 4.1
      vertex 59 -1.5 4.1
    endloop
  endfacet
  facet normal 0.0654027 -0.997859 0
    outer loop
      vertex 59 -1.5 4.1
      vertex 59.5874 -1.4615 7.1
      vertex 59 -1.5 7.1
    endloop
  endfacet
  facet normal 0.0654027 -0.997859 0
    outer loop
      vertex 59.5874 -1.4615 7.1
      vertex 59 -1.5 4.1
      vertex 59.5874 -1.4615 4.1
    endloop
  endfacet
  facet normal -0.89686 -0.442314 0
    outer loop
      vertex 4.20104 97.4975 -7.8
      vertex 4.12583 97.65 0
      vertex 4.12583 97.65 -7.8
    endloop
  endfacet
  facet normal -0.89686 -0.442314 0
    outer loop
      vertex 4.12583 97.65 0
      vertex 4.20104 97.4975 -7.8
      vertex 4.20104 97.4975 0
    endloop
  endfacet
  facet normal 0 0 1
    outer loop
      vertex 4.28888 97.1697 -7.8
      vertex 4.28888 96.8303 -7.8
      vertex 4.3 97 -7.8
    endloop
  endfacet
  facet normal 0 0 1
    outer loop
      vertex 4.2557 97.3365 -7.8
      vertex 4.28888 96.8303 -7.8
      vertex 4.28888 97.1697 -7.8
    endloop
  endfacet
  facet normal 0 0 1
    outer loop
      vertex 4.2557 97.3365 -7.8
      vertex 4.2557 96.6635 -7.8
      vertex 4.28888 96.8303 -7.8
    endloop
  endfacet
  facet normal 0 0 1
    outer loop
      vertex 4.20104 97.4975 -7.8
      vertex 4.2557 96.6635 -7.8
      vertex 4.2557 97.3365 -7.8
    endloop
  endfacet
  facet normal 0 0 1
    outer loop
      vertex 4.20104 97.4975 -7.8
      vertex 4.20104 96.5025 -7.8
      vertex 4.2557 96.6635 -7.8
    endloop
  endfacet
  facet normal 0 0 1
    outer loop
      vertex 4.12583 97.65 -7.8
      vertex 4.20104 96.5025 -7.8
      vertex 4.20104 97.4975 -7.8
    endloop
  endfacet
  facet normal 0 0 1
    outer loop
      vertex 4.12583 97.65 -7.8
      vertex 4.12583 96.35 -7.8
      vertex 4.20104 96.5025 -7.8
    endloop
  endfacet
  facet normal 0 0 1
    outer loop
      vertex 4.03136 97.7914 -7.8
      vertex 4.12583 96.35 -7.8
      vertex 4.12583 97.65 -7.8
    endloop
  endfacet
  facet normal 0 0 1
    outer loop
      vertex 4.03136 97.7914 -7.8
      vertex 4.03136 96.2086 -7.8
      vertex 4.12583 96.35 -7.8
    endloop
  endfacet
  facet normal 0 0 1
    outer loop
      vertex 3.91924 97.9192 -7.8
      vertex 4.03136 96.2086 -7.8
      vertex 4.03136 97.7914 -7.8
    endloop
  endfacet
  facet normal 0 0 1
    outer loop
      vertex 3.91924 97.9192 -7.8
      vertex 3.91924 96.0808 -7.8
      vertex 4.03136 96.2086 -7.8
    endloop
  endfacet
  facet normal 0 0 1
    outer loop
      vertex 3.79139 98.0314 -7.8
      vertex 3.91924 96.0808 -7.8
      vertex 3.91924 97.9192 -7.8
    endloop
  endfacet
  facet normal 0 0 1
    outer loop
      vertex 3.79139 98.0314 -7.8
      vertex 3.79139 95.9686 -7.8
      vertex 3.91924 96.0808 -7.8
    endloop
  endfacet
  facet normal 0 0 1
    outer loop
      vertex 3.65 98.1258 -7.8
      vertex 3.79139 95.9686 -7.8
      vertex 3.79139 98.0314 -7.8
    endloop
  endfacet
  facet normal 0 0 1
    outer loop
      vertex 3.65 98.1258 -7.8
      vertex 3.65 95.8742 -7.8
      vertex 3.79139 95.9686 -7.8
    endloop
  endfacet
  facet normal 0 0 1
    outer loop
      vertex 3.49749 98.201 -7.8
      vertex 3.65 95.8742 -7.8
      vertex 3.65 98.1258 -7.8
    endloop
  endfacet
  facet normal 0 0 1
    outer loop
      vertex 3.49749 98.201 -7.8
      vertex 3.49749 95.799 -7.8
      vertex 3.65 95.8742 -7.8
    endloop
  endfacet
  facet normal 0 0 1
    outer loop
      vertex 3.33646 98.2557 -7.8
      vertex 3.49749 95.799 -7.8
      vertex 3.49749 98.201 -7.8
    endloop
  endfacet
  facet normal 0 0 1
    outer loop
      vertex 3.33646 98.2557 -7.8
      vertex 3.33646 95.7443 -7.8
      vertex 3.49749 95.799 -7.8
    endloop
  endfacet
  facet normal 0 0 1
    outer loop
      vertex 3.16968 98.2889 -7.8
      vertex 3.33646 95.7443 -7.8
      vertex 3.33646 98.2557 -7.8
    endloop
  endfacet
  facet normal 0 0 1
    outer loop
      vertex 3.16968 98.2889 -7.8
      vertex 3.16968 95.7111 -7.8
      vertex 3.33646 95.7443 -7.8
    endloop
  endfacet
  facet normal 0 0 1
    outer loop
      vertex 3 98.3 -7.8
      vertex 3.16968 95.7111 -7.8
      vertex 3.16968 98.2889 -7.8
    endloop
  endfacet
  facet normal 0 0 1
    outer loop
      vertex 3 98.3 -7.8
      vertex 3 95.7 -7.8
      vertex 3.16968 95.7111 -7.8
    endloop
  endfacet
  facet normal -0 0 1
    outer loop
      vertex 2.83032 98.2889 -7.8
      vertex 3 95.7 -7.8
      vertex 3 98.3 -7.8
    endloop
  endfacet
  facet normal 0 0 1
    outer loop
      vertex 2.83032 98.2889 -7.8
      vertex 2.83032 95.7111 -7.8
      vertex 3 95.7 -7.8
    endloop
  endfacet
  facet normal -0 0 1
    outer loop
      vertex 2.66354 98.2557 -7.8
      vertex 2.83032 95.7111 -7.8
      vertex 2.83032 98.2889 -7.8
    endloop
  endfacet
  facet normal 0 0 1
    outer loop
      vertex 2.66354 98.2557 -7.8
      vertex 2.66354 95.7443 -7.8
      vertex 2.83032 95.7111 -7.8
    endloop
  endfacet
  facet normal -0 0 1
    outer loop
      vertex 2.50251 98.201 -7.8
      vertex 2.66354 95.7443 -7.8
      vertex 2.66354 98.2557 -7.8
    endloop
  endfacet
  facet normal 0 0 1
    outer loop
      vertex 2.50251 98.201 -7.8
      vertex 2.50251 95.799 -7.8
      vertex 2.66354 95.7443 -7.8
    endloop
  endfacet
  facet normal -0 0 1
    outer loop
      vertex 2.35 98.1258 -7.8
      vertex 2.50251 95.799 -7.8
      vertex 2.50251 98.201 -7.8
    endloop
  endfacet
  facet normal 0 0 1
    outer loop
      vertex 2.35 98.1258 -7.8
      vertex 2.35 95.8742 -7.8
      vertex 2.50251 95.799 -7.8
    endloop
  endfacet
  facet normal -0 0 1
    outer loop
      vertex 2.20861 98.0314 -7.8
      vertex 2.35 95.8742 -7.8
      vertex 2.35 98.1258 -7.8
    endloop
  endfacet
  facet normal 0 0 1
    outer loop
      vertex 2.20861 98.0314 -7.8
      vertex 2.20861 95.9686 -7.8
      vertex 2.35 95.8742 -7.8
    endloop
  endfacet
  facet normal -0 0 1
    outer loop
      vertex 2.08076 97.9192 -7.8
      vertex 2.20861 95.9686 -7.8
      vertex 2.20861 98.0314 -7.8
    endloop
  endfacet
  facet normal 0 0 1
    outer loop
      vertex 2.08076 97.9192 -7.8
      vertex 2.08076 96.0808 -7.8
      vertex 2.20861 95.9686 -7.8
    endloop
  endfacet
  facet normal -0 0 1
    outer loop
      vertex 1.96864 97.7914 -7.8
      vertex 2.08076 96.0808 -7.8
      vertex 2.08076 97.9192 -7.8
    endloop
  endfacet
  facet normal 0 0 1
    outer loop
      vertex 1.96864 97.7914 -7.8
      vertex 1.96864 96.2086 -7.8
      vertex 2.08076 96.0808 -7.8
    endloop
  endfacet
  facet normal -0 0 1
    outer loop
      vertex 1.87417 97.65 -7.8
      vertex 1.96864 96.2086 -7.8
      vertex 1.96864 97.7914 -7.8
    endloop
  endfacet
  facet normal 0 0 1
    outer loop
      vertex 1.87417 97.65 -7.8
      vertex 1.87417 96.35 -7.8
      vertex 1.96864 96.2086 -7.8
    endloop
  endfacet
  facet normal -0 0 1
    outer loop
      vertex 1.79896 97.4975 -7.8
      vertex 1.87417 96.35 -7.8
      vertex 1.87417 97.65 -7.8
    endloop
  endfacet
  facet normal 0 0 1
    outer loop
      vertex 1.79896 97.4975 -7.8
      vertex 1.79896 96.5025 -7.8
      vertex 1.87417 96.35 -7.8
    endloop
  endfacet
  facet normal -0 0 1
    outer loop
      vertex 1.7443 97.3365 -7.8
      vertex 1.79896 96.5025 -7.8
      vertex 1.79896 97.4975 -7.8
    endloop
  endfacet
  facet normal 0 0 1
    outer loop
      vertex 1.7443 97.3365 -7.8
      vertex 1.7443 96.6635 -7.8
      vertex 1.79896 96.5025 -7.8
    endloop
  endfacet
  facet normal -0 0 1
    outer loop
      vertex 1.71112 97.1697 -7.8
      vertex 1.7443 96.6635 -7.8
      vertex 1.7443 97.3365 -7.8
    endloop
  endfacet
  facet normal 0 0 1
    outer loop
      vertex 1.71112 97.1697 -7.8
      vertex 1.71112 96.8303 -7.8
      vertex 1.7443 96.6635 -7.8
    endloop
  endfacet
  facet normal 0 -0 1
    outer loop
      vertex 1.71112 96.8303 -7.8
      vertex 1.71112 97.1697 -7.8
      vertex 1.7 97 -7.8
    endloop
  endfacet
  facet normal -0.831498 -0.555528 0
    outer loop
      vertex 4.12583 97.65 -7.8
      vertex 4.03136 97.7914 0
      vertex 4.03136 97.7914 -7.8
    endloop
  endfacet
  facet normal -0.831498 -0.555528 0
    outer loop
      vertex 4.03136 97.7914 0
      vertex 4.12583 97.65 -7.8
      vertex 4.12583 97.65 0
    endloop
  endfacet
  facet normal -0.321638 -0.946863 0
    outer loop
      vertex 3.33646 98.2557 -7.8
      vertex 3.49749 98.201 0
      vertex 3.33646 98.2557 0
    endloop
  endfacet
  facet normal -0.321638 -0.946863 -0
    outer loop
      vertex 3.49749 98.201 0
      vertex 3.33646 98.2557 -7.8
      vertex 3.49749 98.201 -7.8
    endloop
  endfacet
  facet normal 0.442243 -0.896895 0
    outer loop
      vertex 2.35 98.1258 -7.8
      vertex 2.50251 98.201 0
      vertex 2.35 98.1258 0
    endloop
  endfacet
  facet normal 0.442243 -0.896895 0
    outer loop
      vertex 2.50251 98.201 0
      vertex 2.35 98.1258 -7.8
      vertex 2.50251 98.201 -7.8
    endloop
  endfacet
  facet normal 0.946916 -0.321481 0
    outer loop
      vertex 1.7443 97.3365 0
      vertex 1.79896 97.4975 -7.8
      vertex 1.79896 97.4975 0
    endloop
  endfacet
  facet normal 0.946916 -0.321481 0
    outer loop
      vertex 1.79896 97.4975 -7.8
      vertex 1.7443 97.3365 0
      vertex 1.7443 97.3365 -7.8
    endloop
  endfacet
  facet normal 0.0652777 -0.997867 0
    outer loop
      vertex 2.83032 98.2889 -7.8
      vertex 3 98.3 0
      vertex 2.83032 98.2889 0
    endloop
  endfacet
  facet normal 0.0652777 -0.997867 0
    outer loop
      vertex 3 98.3 0
      vertex 2.83032 98.2889 -7.8
      vertex 3 98.3 -7.8
    endloop
  endfacet
  facet normal -0.442243 -0.896895 0
    outer loop
      vertex 3.49749 98.201 -7.8
      vertex 3.65 98.1258 0
      vertex 3.49749 98.201 0
    endloop
  endfacet
  facet normal -0.442243 -0.896895 -0
    outer loop
      vertex 3.65 98.1258 0
      vertex 3.49749 98.201 -7.8
      vertex 3.65 98.1258 -7.8
    endloop
  endfacet
  facet normal 0.99786 0.0653872 0
    outer loop
      vertex 1.71112 96.8303 0
      vertex 1.7 97 -7.8
      vertex 1.7 97 0
    endloop
  endfacet
  facet normal 0.99786 0.0653872 0
    outer loop
      vertex 1.7 97 -7.8
      vertex 1.71112 96.8303 0
      vertex 1.71112 96.8303 -7.8
    endloop
  endfacet
  facet normal 0.831498 -0.555528 0
    outer loop
      vertex 1.87417 97.65 0
      vertex 1.96864 97.7914 -7.8
      vertex 1.96864 97.7914 0
    endloop
  endfacet
  facet normal 0.831498 -0.555528 0
    outer loop
      vertex 1.96864 97.7914 -7.8
      vertex 1.87417 97.65 0
      vertex 1.87417 97.65 -7.8
    endloop
  endfacet
  facet normal 0.55527 -0.83167 0
    outer loop
      vertex 2.20861 98.0314 -7.8
      vertex 2.35 98.1258 0
      vertex 2.20861 98.0314 0
    endloop
  endfacet
  facet normal 0.55527 -0.83167 0
    outer loop
      vertex 2.35 98.1258 0
      vertex 2.20861 98.0314 -7.8
      vertex 2.35 98.1258 -7.8
    endloop
  endfacet
  facet normal 0.321638 -0.946863 0
    outer loop
      vertex 2.50251 98.201 -7.8
      vertex 2.66354 98.2557 0
      vertex 2.50251 98.201 0
    endloop
  endfacet
  facet normal 0.321638 -0.946863 0
    outer loop
      vertex 2.66354 98.2557 0
      vertex 2.50251 98.201 -7.8
      vertex 2.66354 98.2557 -7.8
    endloop
  endfacet
  facet normal -0.99786 -0.0653872 0
    outer loop
      vertex 4.3 97 -7.8
      vertex 4.28888 97.1697 0
      vertex 4.28888 97.1697 -7.8
    endloop
  endfacet
  facet normal -0.99786 -0.0653872 0
    outer loop
      vertex 4.28888 97.1697 0
      vertex 4.3 97 -7.8
      vertex 4.3 97 0
    endloop
  endfacet
  facet normal -0.946916 0.321481 0
    outer loop
      vertex 4.20104 96.5025 -7.8
      vertex 4.2557 96.6635 0
      vertex 4.2557 96.6635 -7.8
    endloop
  endfacet
  facet normal -0.946916 0.321481 0
    outer loop
      vertex 4.2557 96.6635 0
      vertex 4.20104 96.5025 -7.8
      vertex 4.20104 96.5025 0
    endloop
  endfacet
  facet normal 0.55527 0.83167 -0
    outer loop
      vertex 2.35 95.8742 -7.8
      vertex 2.20861 95.9686 0
      vertex 2.35 95.8742 0
    endloop
  endfacet
  facet normal 0.55527 0.83167 0
    outer loop
      vertex 2.20861 95.9686 0
      vertex 2.35 95.8742 -7.8
      vertex 2.20861 95.9686 -7.8
    endloop
  endfacet
  facet normal 0.831498 0.555528 0
    outer loop
      vertex 1.96864 96.2086 0
      vertex 1.87417 96.35 -7.8
      vertex 1.87417 96.35 0
    endloop
  endfacet
  facet normal 0.831498 0.555528 0
    outer loop
      vertex 1.87417 96.35 -7.8
      vertex 1.96864 96.2086 0
      vertex 1.96864 96.2086 -7.8
    endloop
  endfacet
  facet normal -0.55527 0.83167 0
    outer loop
      vertex 3.79139 95.9686 -7.8
      vertex 3.65 95.8742 0
      vertex 3.79139 95.9686 0
    endloop
  endfacet
  facet normal -0.55527 0.83167 0
    outer loop
      vertex 3.65 95.8742 0
      vertex 3.79139 95.9686 -7.8
      vertex 3.65 95.8742 -7.8
    endloop
  endfacet
  facet normal -0.980784 -0.195098 0
    outer loop
      vertex 4.28888 97.1697 -7.8
      vertex 4.2557 97.3365 0
      vertex 4.2557 97.3365 -7.8
    endloop
  endfacet
  facet normal -0.980784 -0.195098 0
    outer loop
      vertex 4.2557 97.3365 0
      vertex 4.28888 97.1697 -7.8
      vertex 4.28888 97.1697 0
    endloop
  endfacet
  facet normal -0.946916 -0.321481 0
    outer loop
      vertex 4.2557 97.3365 -7.8
      vertex 4.20104 97.4975 0
      vertex 4.20104 97.4975 -7.8
    endloop
  endfacet
  facet normal -0.946916 -0.321481 0
    outer loop
      vertex 4.20104 97.4975 0
      vertex 4.2557 97.3365 -7.8
      vertex 4.2557 97.3365 0
    endloop
  endfacet
  facet normal -0.659607 -0.751611 0
    outer loop
      vertex 3.79139 98.0314 -7.8
      vertex 3.91924 97.9192 0
      vertex 3.79139 98.0314 0
    endloop
  endfacet
  facet normal -0.659607 -0.751611 -0
    outer loop
      vertex 3.91924 97.9192 0
      vertex 3.79139 98.0314 -7.8
      vertex 3.91924 97.9192 -7.8
    endloop
  endfacet
  facet normal -0.195234 -0.980757 0
    outer loop
      vertex 3.16968 98.2889 -7.8
      vertex 3.33646 98.2557 0
      vertex 3.16968 98.2889 0
    endloop
  endfacet
  facet normal -0.195234 -0.980757 -0
    outer loop
      vertex 3.33646 98.2557 0
      vertex 3.16968 98.2889 -7.8
      vertex 3.33646 98.2557 -7.8
    endloop
  endfacet
  facet normal -0.0652777 -0.997867 0
    outer loop
      vertex 3 98.3 -7.8
      vertex 3.16968 98.2889 0
      vertex 3 98.3 0
    endloop
  endfacet
  facet normal -0.0652777 -0.997867 -0
    outer loop
      vertex 3.16968 98.2889 0
      vertex 3 98.3 -7.8
      vertex 3.16968 98.2889 -7.8
    endloop
  endfacet
  facet normal -0.55527 -0.83167 0
    outer loop
      vertex 3.65 98.1258 -7.8
      vertex 3.79139 98.0314 0
      vertex 3.65 98.1258 0
    endloop
  endfacet
  facet normal -0.55527 -0.83167 -0
    outer loop
      vertex 3.79139 98.0314 0
      vertex 3.65 98.1258 -7.8
      vertex 3.79139 98.0314 -7.8
    endloop
  endfacet
  facet normal 0.980784 -0.195098 0
    outer loop
      vertex 1.71112 97.1697 0
      vertex 1.7443 97.3365 -7.8
      vertex 1.7443 97.3365 0
    endloop
  endfacet
  facet normal 0.980784 -0.195098 0
    outer loop
      vertex 1.7443 97.3365 -7.8
      vertex 1.71112 97.1697 0
      vertex 1.71112 97.1697 -7.8
    endloop
  endfacet
  facet normal 0.99786 -0.0653872 0
    outer loop
      vertex 1.7 97 0
      vertex 1.71112 97.1697 -7.8
      vertex 1.71112 97.1697 0
    endloop
  endfacet
  facet normal 0.99786 -0.0653872 0
    outer loop
      vertex 1.71112 97.1697 -7.8
      vertex 1.7 97 0
      vertex 1.7 97 -7.8
    endloop
  endfacet
  facet normal 0.89686 -0.442314 0
    outer loop
      vertex 1.79896 97.4975 0
      vertex 1.87417 97.65 -7.8
      vertex 1.87417 97.65 0
    endloop
  endfacet
  facet normal 0.89686 -0.442314 0
    outer loop
      vertex 1.87417 97.65 -7.8
      vertex 1.79896 97.4975 0
      vertex 1.79896 97.4975 -7.8
    endloop
  endfacet
  facet normal 0.195234 -0.980757 0
    outer loop
      vertex 2.66354 98.2557 -7.8
      vertex 2.83032 98.2889 0
      vertex 2.66354 98.2557 0
    endloop
  endfacet
  facet normal 0.195234 -0.980757 0
    outer loop
      vertex 2.83032 98.2889 0
      vertex 2.66354 98.2557 -7.8
      vertex 2.83032 98.2889 -7.8
    endloop
  endfacet
  facet normal 0.659607 -0.751611 0
    outer loop
      vertex 2.08076 97.9192 -7.8
      vertex 2.20861 98.0314 0
      vertex 2.08076 97.9192 0
    endloop
  endfacet
  facet normal 0.659607 -0.751611 0
    outer loop
      vertex 2.20861 98.0314 0
      vertex 2.08076 97.9192 -7.8
      vertex 2.20861 98.0314 -7.8
    endloop
  endfacet
  facet normal 0.751716 -0.659487 0
    outer loop
      vertex 1.96864 97.7914 0
      vertex 2.08076 97.9192 -7.8
      vertex 2.08076 97.9192 0
    endloop
  endfacet
  facet normal 0.751716 -0.659487 0
    outer loop
      vertex 2.08076 97.9192 -7.8
      vertex 1.96864 97.7914 0
      vertex 1.96864 97.7914 -7.8
    endloop
  endfacet
  facet normal -0.99786 0.0653872 0
    outer loop
      vertex 4.28888 96.8303 -7.8
      vertex 4.3 97 0
      vertex 4.3 97 -7.8
    endloop
  endfacet
  facet normal -0.99786 0.0653872 0
    outer loop
      vertex 4.3 97 0
      vertex 4.28888 96.8303 -7.8
      vertex 4.28888 96.8303 0
    endloop
  endfacet
  facet normal -0.831498 0.555528 0
    outer loop
      vertex 4.03136 96.2086 -7.8
      vertex 4.12583 96.35 0
      vertex 4.12583 96.35 -7.8
    endloop
  endfacet
  facet normal -0.831498 0.555528 0
    outer loop
      vertex 4.12583 96.35 0
      vertex 4.03136 96.2086 -7.8
      vertex 4.03136 96.2086 0
    endloop
  endfacet
  facet normal -0.0652777 0.997867 0
    outer loop
      vertex 3.16968 95.7111 -7.8
      vertex 3 95.7 0
      vertex 3.16968 95.7111 0
    endloop
  endfacet
  facet normal -0.0652777 0.997867 0
    outer loop
      vertex 3 95.7 0
      vertex 3.16968 95.7111 -7.8
      vertex 3 95.7 -7.8
    endloop
  endfacet
  facet normal 0.89686 0.442314 0
    outer loop
      vertex 1.87417 96.35 0
      vertex 1.79896 96.5025 -7.8
      vertex 1.79896 96.5025 0
    endloop
  endfacet
  facet normal 0.89686 0.442314 0
    outer loop
      vertex 1.79896 96.5025 -7.8
      vertex 1.87417 96.35 0
      vertex 1.87417 96.35 -7.8
    endloop
  endfacet
  facet normal 0.751716 0.659487 0
    outer loop
      vertex 2.08076 96.0808 0
      vertex 1.96864 96.2086 -7.8
      vertex 1.96864 96.2086 0
    endloop
  endfacet
  facet normal 0.751716 0.659487 0
    outer loop
      vertex 1.96864 96.2086 -7.8
      vertex 2.08076 96.0808 0
      vertex 2.08076 96.0808 -7.8
    endloop
  endfacet
  facet normal -0.195234 0.980757 0
    outer loop
      vertex 3.33646 95.7443 -7.8
      vertex 3.16968 95.7111 0
      vertex 3.33646 95.7443 0
    endloop
  endfacet
  facet normal -0.195234 0.980757 0
    outer loop
      vertex 3.16968 95.7111 0
      vertex 3.33646 95.7443 -7.8
      vertex 3.16968 95.7111 -7.8
    endloop
  endfacet
  facet normal -0.751716 -0.659487 0
    outer loop
      vertex 4.03136 97.7914 -7.8
      vertex 3.91924 97.9192 0
      vertex 3.91924 97.9192 -7.8
    endloop
  endfacet
  facet normal -0.751716 -0.659487 0
    outer loop
      vertex 3.91924 97.9192 0
      vertex 4.03136 97.7914 -7.8
      vertex 4.03136 97.7914 0
    endloop
  endfacet
  facet normal -0.980784 0.195098 0
    outer loop
      vertex 4.2557 96.6635 -7.8
      vertex 4.28888 96.8303 0
      vertex 4.28888 96.8303 -7.8
    endloop
  endfacet
  facet normal -0.980784 0.195098 0
    outer loop
      vertex 4.28888 96.8303 0
      vertex 4.2557 96.6635 -7.8
      vertex 4.2557 96.6635 0
    endloop
  endfacet
  facet normal 0.659607 0.751611 -0
    outer loop
      vertex 2.20861 95.9686 -7.8
      vertex 2.08076 96.0808 0
      vertex 2.20861 95.9686 0
    endloop
  endfacet
  facet normal 0.659607 0.751611 0
    outer loop
      vertex 2.08076 96.0808 0
      vertex 2.20861 95.9686 -7.8
      vertex 2.08076 96.0808 -7.8
    endloop
  endfacet
  facet normal -0.442243 0.896895 0
    outer loop
      vertex 3.65 95.8742 -7.8
      vertex 3.49749 95.799 0
      vertex 3.65 95.8742 0
    endloop
  endfacet
  facet normal -0.442243 0.896895 0
    outer loop
      vertex 3.49749 95.799 0
      vertex 3.65 95.8742 -7.8
      vertex 3.49749 95.799 -7.8
    endloop
  endfacet
  facet normal -0.321638 0.946863 0
    outer loop
      vertex 3.49749 95.799 -7.8
      vertex 3.33646 95.7443 0
      vertex 3.49749 95.799 0
    endloop
  endfacet
  facet normal -0.321638 0.946863 0
    outer loop
      vertex 3.33646 95.7443 0
      vertex 3.49749 95.799 -7.8
      vertex 3.33646 95.7443 -7.8
    endloop
  endfacet
  facet normal -0.659607 0.751611 0
    outer loop
      vertex 3.91924 96.0808 -7.8
      vertex 3.79139 95.9686 0
      vertex 3.91924 96.0808 0
    endloop
  endfacet
  facet normal -0.659607 0.751611 0
    outer loop
      vertex 3.79139 95.9686 0
      vertex 3.91924 96.0808 -7.8
      vertex 3.79139 95.9686 -7.8
    endloop
  endfacet
  facet normal -0.89686 0.442314 0
    outer loop
      vertex 4.12583 96.35 -7.8
      vertex 4.20104 96.5025 0
      vertex 4.20104 96.5025 -7.8
    endloop
  endfacet
  facet normal -0.89686 0.442314 0
    outer loop
      vertex 4.20104 96.5025 0
      vertex 4.12583 96.35 -7.8
      vertex 4.12583 96.35 0
    endloop
  endfacet
  facet normal 0.321638 0.946863 -0
    outer loop
      vertex 2.66354 95.7443 -7.8
      vertex 2.50251 95.799 0
      vertex 2.66354 95.7443 0
    endloop
  endfacet
  facet normal 0.321638 0.946863 0
    outer loop
      vertex 2.50251 95.799 0
      vertex 2.66354 95.7443 -7.8
      vertex 2.50251 95.799 -7.8
    endloop
  endfacet
  facet normal 0.0652777 0.997867 -0
    outer loop
      vertex 3 95.7 -7.8
      vertex 2.83032 95.7111 0
      vertex 3 95.7 0
    endloop
  endfacet
  facet normal 0.0652777 0.997867 0
    outer loop
      vertex 2.83032 95.7111 0
      vertex 3 95.7 -7.8
      vertex 2.83032 95.7111 -7.8
    endloop
  endfacet
  facet normal 0.946916 0.321481 0
    outer loop
      vertex 1.79896 96.5025 0
      vertex 1.7443 96.6635 -7.8
      vertex 1.7443 96.6635 0
    endloop
  endfacet
  facet normal 0.946916 0.321481 0
    outer loop
      vertex 1.7443 96.6635 -7.8
      vertex 1.79896 96.5025 0
      vertex 1.79896 96.5025 -7.8
    endloop
  endfacet
  facet normal 0.980784 0.195098 0
    outer loop
      vertex 1.7443 96.6635 0
      vertex 1.71112 96.8303 -7.8
      vertex 1.71112 96.8303 0
    endloop
  endfacet
  facet normal 0.980784 0.195098 0
    outer loop
      vertex 1.71112 96.8303 -7.8
      vertex 1.7443 96.6635 0
      vertex 1.7443 96.6635 -7.8
    endloop
  endfacet
  facet normal -0.751716 0.659487 0
    outer loop
      vertex 3.91924 96.0808 -7.8
      vertex 4.03136 96.2086 0
      vertex 4.03136 96.2086 -7.8
    endloop
  endfacet
  facet normal -0.751716 0.659487 0
    outer loop
      vertex 4.03136 96.2086 0
      vertex 3.91924 96.0808 -7.8
      vertex 3.91924 96.0808 0
    endloop
  endfacet
  facet normal 0.442243 0.896895 -0
    outer loop
      vertex 2.50251 95.799 -7.8
      vertex 2.35 95.8742 0
      vertex 2.50251 95.799 0
    endloop
  endfacet
  facet normal 0.442243 0.896895 0
    outer loop
      vertex 2.35 95.8742 0
      vertex 2.50251 95.799 -7.8
      vertex 2.35 95.8742 -7.8
    endloop
  endfacet
  facet normal 0.195234 0.980757 -0
    outer loop
      vertex 2.83032 95.7111 -7.8
      vertex 2.66354 95.7443 0
      vertex 2.83032 95.7111 0
    endloop
  endfacet
  facet normal 0.195234 0.980757 0
    outer loop
      vertex 2.66354 95.7443 0
      vertex 2.83032 95.7111 -7.8
      vertex 2.66354 95.7443 -7.8
    endloop
  endfacet
  facet normal -0.997868 -0.0652701 0
    outer loop
      vertex 60.3 97 -7.8
      vertex 60.2889 97.1697 0
      vertex 60.2889 97.1697 -7.8
    endloop
  endfacet
  facet normal -0.997868 -0.0652701 0
    outer loop
      vertex 60.2889 97.1697 0
      vertex 60.3 97 -7.8
      vertex 60.3 97 0
    endloop
  endfacet
  facet normal 0.0652701 -0.997868 0
    outer loop
      vertex 58.8303 98.2889 -7.8
      vertex 59 98.3 0
      vertex 58.8303 98.2889 0
    endloop
  endfacet
  facet normal 0.0652701 -0.997868 0
    outer loop
      vertex 59 98.3 0
      vertex 58.8303 98.2889 -7.8
      vertex 59 98.3 -7.8
    endloop
  endfacet
  facet normal -0.0652701 0.997868 0
    outer loop
      vertex 59.1697 95.7111 -7.8
      vertex 59 95.7 0
      vertex 59.1697 95.7111 0
    endloop
  endfacet
  facet normal -0.0652701 0.997868 0
    outer loop
      vertex 59 95.7 0
      vertex 59.1697 95.7111 -7.8
      vertex 59 95.7 -7.8
    endloop
  endfacet
  facet normal -0.659753 -0.751483 0
    outer loop
      vertex 59.7914 98.0314 -7.8
      vertex 59.9192 97.9192 0
      vertex 59.7914 98.0314 0
    endloop
  endfacet
  facet normal -0.659753 -0.751483 -0
    outer loop
      vertex 59.9192 97.9192 0
      vertex 59.7914 98.0314 -7.8
      vertex 59.9192 97.9192 -7.8
    endloop
  endfacet
  facet normal 0.751483 -0.659753 0
    outer loop
      vertex 57.9686 97.7914 0
      vertex 58.0808 97.9192 -7.8
      vertex 58.0808 97.9192 0
    endloop
  endfacet
  facet normal 0.751483 -0.659753 0
    outer loop
      vertex 58.0808 97.9192 -7.8
      vertex 57.9686 97.7914 0
      vertex 57.9686 97.7914 -7.8
    endloop
  endfacet
  facet normal 0.442267 -0.896884 0
    outer loop
      vertex 58.35 98.1258 -7.8
      vertex 58.5025 98.201 0
      vertex 58.35 98.1258 0
    endloop
  endfacet
  facet normal 0.442267 -0.896884 0
    outer loop
      vertex 58.5025 98.201 0
      vertex 58.35 98.1258 -7.8
      vertex 58.5025 98.201 -7.8
    endloop
  endfacet
  facet normal -0.896884 -0.442267 0
    outer loop
      vertex 60.201 97.4975 -7.8
      vertex 60.1258 97.65 0
      vertex 60.1258 97.65 -7.8
    endloop
  endfacet
  facet normal -0.896884 -0.442267 0
    outer loop
      vertex 60.1258 97.65 0
      vertex 60.201 97.4975 -7.8
      vertex 60.201 97.4975 0
    endloop
  endfacet
  facet normal -0.831688 -0.555243 0
    outer loop
      vertex 60.1258 97.65 -7.8
      vertex 60.0314 97.7914 0
      vertex 60.0314 97.7914 -7.8
    endloop
  endfacet
  facet normal -0.831688 -0.555243 0
    outer loop
      vertex 60.0314 97.7914 0
      vertex 60.1258 97.65 -7.8
      vertex 60.1258 97.65 0
    endloop
  endfacet
  facet normal -0.321692 -0.946844 0
    outer loop
      vertex 59.3365 98.2557 -7.8
      vertex 59.4975 98.201 0
      vertex 59.3365 98.2557 0
    endloop
  endfacet
  facet normal -0.321692 -0.946844 -0
    outer loop
      vertex 59.4975 98.201 0
      vertex 59.3365 98.2557 -7.8
      vertex 59.4975 98.201 -7.8
    endloop
  endfacet
  facet normal -0.442267 -0.896884 0
    outer loop
      vertex 59.4975 98.201 -7.8
      vertex 59.65 98.1258 0
      vertex 59.4975 98.201 0
    endloop
  endfacet
  facet normal -0.442267 -0.896884 -0
    outer loop
      vertex 59.65 98.1258 0
      vertex 59.4975 98.201 -7.8
      vertex 59.65 98.1258 -7.8
    endloop
  endfacet
  facet normal 0.946844 -0.321692 0
    outer loop
      vertex 57.7443 97.3365 0
      vertex 57.799 97.4975 -7.8
      vertex 57.799 97.4975 0
    endloop
  endfacet
  facet normal 0.946844 -0.321692 0
    outer loop
      vertex 57.799 97.4975 -7.8
      vertex 57.7443 97.3365 0
      vertex 57.7443 97.3365 -7.8
    endloop
  endfacet
  facet normal 0 0 1
    outer loop
      vertex 60.2889 97.1697 -7.8
      vertex 60.2889 96.8303 -7.8
      vertex 60.3 97 -7.8
    endloop
  endfacet
  facet normal 0 0 1
    outer loop
      vertex 60.2557 97.3365 -7.8
      vertex 60.2889 96.8303 -7.8
      vertex 60.2889 97.1697 -7.8
    endloop
  endfacet
  facet normal 0 0 1
    outer loop
      vertex 60.2557 97.3365 -7.8
      vertex 60.2557 96.6635 -7.8
      vertex 60.2889 96.8303 -7.8
    endloop
  endfacet
  facet normal 0 0 1
    outer loop
      vertex 60.201 97.4975 -7.8
      vertex 60.2557 96.6635 -7.8
      vertex 60.2557 97.3365 -7.8
    endloop
  endfacet
  facet normal 0 0 1
    outer loop
      vertex 60.201 97.4975 -7.8
      vertex 60.201 96.5025 -7.8
      vertex 60.2557 96.6635 -7.8
    endloop
  endfacet
  facet normal 0 0 1
    outer loop
      vertex 60.1258 97.65 -7.8
      vertex 60.201 96.5025 -7.8
      vertex 60.201 97.4975 -7.8
    endloop
  endfacet
  facet normal 0 0 1
    outer loop
      vertex 60.1258 97.65 -7.8
      vertex 60.1258 96.35 -7.8
      vertex 60.201 96.5025 -7.8
    endloop
  endfacet
  facet normal 0 0 1
    outer loop
      vertex 60.0314 97.7914 -7.8
      vertex 60.1258 96.35 -7.8
      vertex 60.1258 97.65 -7.8
    endloop
  endfacet
  facet normal 0 0 1
    outer loop
      vertex 60.0314 97.7914 -7.8
      vertex 60.0314 96.2086 -7.8
      vertex 60.1258 96.35 -7.8
    endloop
  endfacet
  facet normal 0 0 1
    outer loop
      vertex 59.9192 97.9192 -7.8
      vertex 60.0314 96.2086 -7.8
      vertex 60.0314 97.7914 -7.8
    endloop
  endfacet
  facet normal 0 0 1
    outer loop
      vertex 59.9192 97.9192 -7.8
      vertex 59.9192 96.0808 -7.8
      vertex 60.0314 96.2086 -7.8
    endloop
  endfacet
  facet normal 0 0 1
    outer loop
      vertex 59.7914 98.0314 -7.8
      vertex 59.9192 96.0808 -7.8
      vertex 59.9192 97.9192 -7.8
    endloop
  endfacet
  facet normal 0 0 1
    outer loop
      vertex 59.7914 98.0314 -7.8
      vertex 59.7914 95.9686 -7.8
      vertex 59.9192 96.0808 -7.8
    endloop
  endfacet
  facet normal 0 0 1
    outer loop
      vertex 59.65 98.1258 -7.8
      vertex 59.7914 95.9686 -7.8
      vertex 59.7914 98.0314 -7.8
    endloop
  endfacet
  facet normal 0 0 1
    outer loop
      vertex 59.65 98.1258 -7.8
      vertex 59.65 95.8742 -7.8
      vertex 59.7914 95.9686 -7.8
    endloop
  endfacet
  facet normal 0 0 1
    outer loop
      vertex 59.4975 98.201 -7.8
      vertex 59.65 95.8742 -7.8
      vertex 59.65 98.1258 -7.8
    endloop
  endfacet
  facet normal 0 0 1
    outer loop
      vertex 59.4975 98.201 -7.8
      vertex 59.4975 95.799 -7.8
      vertex 59.65 95.8742 -7.8
    endloop
  endfacet
  facet normal 0 0 1
    outer loop
      vertex 59.3365 98.2557 -7.8
      vertex 59.4975 95.799 -7.8
      vertex 59.4975 98.201 -7.8
    endloop
  endfacet
  facet normal 0 0 1
    outer loop
      vertex 59.3365 98.2557 -7.8
      vertex 59.3365 95.7443 -7.8
      vertex 59.4975 95.799 -7.8
    endloop
  endfacet
  facet normal 0 0 1
    outer loop
      vertex 59.1697 98.2889 -7.8
      vertex 59.3365 95.7443 -7.8
      vertex 59.3365 98.2557 -7.8
    endloop
  endfacet
  facet normal 0 0 1
    outer loop
      vertex 59.1697 98.2889 -7.8
      vertex 59.1697 95.7111 -7.8
      vertex 59.3365 95.7443 -7.8
    endloop
  endfacet
  facet normal 0 0 1
    outer loop
      vertex 59 98.3 -7.8
      vertex 59.1697 95.7111 -7.8
      vertex 59.1697 98.2889 -7.8
    endloop
  endfacet
  facet normal 0 0 1
    outer loop
      vertex 59 98.3 -7.8
      vertex 59 95.7 -7.8
      vertex 59.1697 95.7111 -7.8
    endloop
  endfacet
  facet normal -0 0 1
    outer loop
      vertex 58.8303 98.2889 -7.8
      vertex 59 95.7 -7.8
      vertex 59 98.3 -7.8
    endloop
  endfacet
  facet normal 0 0 1
    outer loop
      vertex 58.8303 98.2889 -7.8
      vertex 58.8303 95.7111 -7.8
      vertex 59 95.7 -7.8
    endloop
  endfacet
  facet normal -0 0 1
    outer loop
      vertex 58.6635 98.2557 -7.8
      vertex 58.8303 95.7111 -7.8
      vertex 58.8303 98.2889 -7.8
    endloop
  endfacet
  facet normal 0 0 1
    outer loop
      vertex 58.6635 98.2557 -7.8
      vertex 58.6635 95.7443 -7.8
      vertex 58.8303 95.7111 -7.8
    endloop
  endfacet
  facet normal -0 0 1
    outer loop
      vertex 58.5025 98.201 -7.8
      vertex 58.6635 95.7443 -7.8
      vertex 58.6635 98.2557 -7.8
    endloop
  endfacet
  facet normal 0 0 1
    outer loop
      vertex 58.5025 98.201 -7.8
      vertex 58.5025 95.799 -7.8
      vertex 58.6635 95.7443 -7.8
    endloop
  endfacet
  facet normal -0 0 1
    outer loop
      vertex 58.35 98.1258 -7.8
      vertex 58.5025 95.799 -7.8
      vertex 58.5025 98.201 -7.8
    endloop
  endfacet
  facet normal 0 0 1
    outer loop
      vertex 58.35 98.1258 -7.8
      vertex 58.35 95.8742 -7.8
      vertex 58.5025 95.799 -7.8
    endloop
  endfacet
  facet normal -0 0 1
    outer loop
      vertex 58.2086 98.0314 -7.8
      vertex 58.35 95.8742 -7.8
      vertex 58.35 98.1258 -7.8
    endloop
  endfacet
  facet normal 0 0 1
    outer loop
      vertex 58.2086 98.0314 -7.8
      vertex 58.2086 95.9686 -7.8
      vertex 58.35 95.8742 -7.8
    endloop
  endfacet
  facet normal -0 0 1
    outer loop
      vertex 58.0808 97.9192 -7.8
      vertex 58.2086 95.9686 -7.8
      vertex 58.2086 98.0314 -7.8
    endloop
  endfacet
  facet normal 0 0 1
    outer loop
      vertex 58.0808 97.9192 -7.8
      vertex 58.0808 96.0808 -7.8
      vertex 58.2086 95.9686 -7.8
    endloop
  endfacet
  facet normal -0 0 1
    outer loop
      vertex 57.9686 97.7914 -7.8
      vertex 58.0808 96.0808 -7.8
      vertex 58.0808 97.9192 -7.8
    endloop
  endfacet
  facet normal 0 0 1
    outer loop
      vertex 57.9686 97.7914 -7.8
      vertex 57.9686 96.2086 -7.8
      vertex 58.0808 96.0808 -7.8
    endloop
  endfacet
  facet normal -0 0 1
    outer loop
      vertex 57.8742 97.65 -7.8
      vertex 57.9686 96.2086 -7.8
      vertex 57.9686 97.7914 -7.8
    endloop
  endfacet
  facet normal 0 0 1
    outer loop
      vertex 57.8742 97.65 -7.8
      vertex 57.8742 96.35 -7.8
      vertex 57.9686 96.2086 -7.8
    endloop
  endfacet
  facet normal -0 0 1
    outer loop
      vertex 57.799 97.4975 -7.8
      vertex 57.8742 96.35 -7.8
      vertex 57.8742 97.65 -7.8
    endloop
  endfacet
  facet normal 0 0 1
    outer loop
      vertex 57.799 97.4975 -7.8
      vertex 57.799 96.5025 -7.8
      vertex 57.8742 96.35 -7.8
    endloop
  endfacet
  facet normal -0 0 1
    outer loop
      vertex 57.7443 97.3365 -7.8
      vertex 57.799 96.5025 -7.8
      vertex 57.799 97.4975 -7.8
    endloop
  endfacet
  facet normal 0 0 1
    outer loop
      vertex 57.7443 97.3365 -7.8
      vertex 57.7443 96.6635 -7.8
      vertex 57.799 96.5025 -7.8
    endloop
  endfacet
  facet normal -0 0 1
    outer loop
      vertex 57.7111 97.1697 -7.8
      vertex 57.7443 96.6635 -7.8
      vertex 57.7443 97.3365 -7.8
    endloop
  endfacet
  facet normal 0 0 1
    outer loop
      vertex 57.7111 97.1697 -7.8
      vertex 57.7111 96.8303 -7.8
      vertex 57.7443 96.6635 -7.8
    endloop
  endfacet
  facet normal 0 -0 1
    outer loop
      vertex 57.7111 96.8303 -7.8
      vertex 57.7111 97.1697 -7.8
      vertex 57.7 97 -7.8
    endloop
  endfacet
  facet normal 0.555243 -0.831688 0
    outer loop
      vertex 58.2086 98.0314 -7.8
      vertex 58.35 98.1258 0
      vertex 58.2086 98.0314 0
    endloop
  endfacet
  facet normal 0.555243 -0.831688 0
    outer loop
      vertex 58.35 98.1258 0
      vertex 58.2086 98.0314 -7.8
      vertex 58.35 98.1258 -7.8
    endloop
  endfacet
  facet normal 0.321692 -0.946844 0
    outer loop
      vertex 58.5025 98.201 -7.8
      vertex 58.6635 98.2557 0
      vertex 58.5025 98.201 0
    endloop
  endfacet
  facet normal 0.321692 -0.946844 0
    outer loop
      vertex 58.6635 98.2557 0
      vertex 58.5025 98.201 -7.8
      vertex 58.6635 98.2557 -7.8
    endloop
  endfacet
  facet normal -0.980761 0.195211 0
    outer loop
      vertex 60.2557 96.6635 -7.8
      vertex 60.2889 96.8303 0
      vertex 60.2889 96.8303 -7.8
    endloop
  endfacet
  facet normal -0.980761 0.195211 0
    outer loop
      vertex 60.2889 96.8303 0
      vertex 60.2557 96.6635 -7.8
      vertex 60.2557 96.6635 0
    endloop
  endfacet
  facet normal -0.946844 -0.321692 0
    outer loop
      vertex 60.2557 97.3365 -7.8
      vertex 60.201 97.4975 0
      vertex 60.201 97.4975 -7.8
    endloop
  endfacet
  facet normal -0.946844 -0.321692 0
    outer loop
      vertex 60.201 97.4975 0
      vertex 60.2557 97.3365 -7.8
      vertex 60.2557 97.3365 0
    endloop
  endfacet
  facet normal -0.980761 -0.195211 0
    outer loop
      vertex 60.2889 97.1697 -7.8
      vertex 60.2557 97.3365 0
      vertex 60.2557 97.3365 -7.8
    endloop
  endfacet
  facet normal -0.980761 -0.195211 0
    outer loop
      vertex 60.2557 97.3365 0
      vertex 60.2889 97.1697 -7.8
      vertex 60.2889 97.1697 0
    endloop
  endfacet
  facet normal -0.751483 -0.659753 0
    outer loop
      vertex 60.0314 97.7914 -7.8
      vertex 59.9192 97.9192 0
      vertex 59.9192 97.9192 -7.8
    endloop
  endfacet
  facet normal -0.751483 -0.659753 0
    outer loop
      vertex 59.9192 97.9192 0
      vertex 60.0314 97.7914 -7.8
      vertex 60.0314 97.7914 0
    endloop
  endfacet
  facet normal -0.195211 -0.980761 0
    outer loop
      vertex 59.1697 98.2889 -7.8
      vertex 59.3365 98.2557 0
      vertex 59.1697 98.2889 0
    endloop
  endfacet
  facet normal -0.195211 -0.980761 -0
    outer loop
      vertex 59.3365 98.2557 0
      vertex 59.1697 98.2889 -7.8
      vertex 59.3365 98.2557 -7.8
    endloop
  endfacet
  facet normal -0.0652701 -0.997868 0
    outer loop
      vertex 59 98.3 -7.8
      vertex 59.1697 98.2889 0
      vertex 59 98.3 0
    endloop
  endfacet
  facet normal -0.0652701 -0.997868 -0
    outer loop
      vertex 59.1697 98.2889 0
      vertex 59 98.3 -7.8
      vertex 59.1697 98.2889 -7.8
    endloop
  endfacet
  facet normal -0.555243 -0.831688 0
    outer loop
      vertex 59.65 98.1258 -7.8
      vertex 59.7914 98.0314 0
      vertex 59.65 98.1258 0
    endloop
  endfacet
  facet normal -0.555243 -0.831688 -0
    outer loop
      vertex 59.7914 98.0314 0
      vertex 59.65 98.1258 -7.8
      vertex 59.7914 98.0314 -7.8
    endloop
  endfacet
  facet normal 0.896884 -0.442267 0
    outer loop
      vertex 57.799 97.4975 0
      vertex 57.8742 97.65 -7.8
      vertex 57.8742 97.65 0
    endloop
  endfacet
  facet normal 0.896884 -0.442267 0
    outer loop
      vertex 57.8742 97.65 -7.8
      vertex 57.799 97.4975 0
      vertex 57.799 97.4975 -7.8
    endloop
  endfacet
  facet normal 0.831688 -0.555243 0
    outer loop
      vertex 57.8742 97.65 0
      vertex 57.9686 97.7914 -7.8
      vertex 57.9686 97.7914 0
    endloop
  endfacet
  facet normal 0.831688 -0.555243 0
    outer loop
      vertex 57.9686 97.7914 -7.8
      vertex 57.8742 97.65 0
      vertex 57.8742 97.65 -7.8
    endloop
  endfacet
  facet normal 0.980761 -0.195211 0
    outer loop
      vertex 57.7111 97.1697 0
      vertex 57.7443 97.3365 -7.8
      vertex 57.7443 97.3365 0
    endloop
  endfacet
  facet normal 0.980761 -0.195211 0
    outer loop
      vertex 57.7443 97.3365 -7.8
      vertex 57.7111 97.1697 0
      vertex 57.7111 97.1697 -7.8
    endloop
  endfacet
  facet normal 0.997868 -0.0652701 0
    outer loop
      vertex 57.7 97 0
      vertex 57.7111 97.1697 -7.8
      vertex 57.7111 97.1697 0
    endloop
  endfacet
  facet normal 0.997868 -0.0652701 0
    outer loop
      vertex 57.7111 97.1697 -7.8
      vertex 57.7 97 0
      vertex 57.7 97 -7.8
    endloop
  endfacet
  facet normal 0.997868 0.0652701 0
    outer loop
      vertex 57.7111 96.8303 0
      vertex 57.7 97 -7.8
      vertex 57.7 97 0
    endloop
  endfacet
  facet normal 0.997868 0.0652701 0
    outer loop
      vertex 57.7 97 -7.8
      vertex 57.7111 96.8303 0
      vertex 57.7111 96.8303 -7.8
    endloop
  endfacet
  facet normal 0.659753 -0.751483 0
    outer loop
      vertex 58.0808 97.9192 -7.8
      vertex 58.2086 98.0314 0
      vertex 58.0808 97.9192 0
    endloop
  endfacet
  facet normal 0.659753 -0.751483 0
    outer loop
      vertex 58.2086 98.0314 0
      vertex 58.0808 97.9192 -7.8
      vertex 58.2086 98.0314 -7.8
    endloop
  endfacet
  facet normal 0.195211 -0.980761 0
    outer loop
      vertex 58.6635 98.2557 -7.8
      vertex 58.8303 98.2889 0
      vertex 58.6635 98.2557 0
    endloop
  endfacet
  facet normal 0.195211 -0.980761 0
    outer loop
      vertex 58.8303 98.2889 0
      vertex 58.6635 98.2557 -7.8
      vertex 58.8303 98.2889 -7.8
    endloop
  endfacet
  facet normal -0.997868 0.0652701 0
    outer loop
      vertex 60.2889 96.8303 -7.8
      vertex 60.3 97 0
      vertex 60.3 97 -7.8
    endloop
  endfacet
  facet normal -0.997868 0.0652701 0
    outer loop
      vertex 60.3 97 0
      vertex 60.2889 96.8303 -7.8
      vertex 60.2889 96.8303 0
    endloop
  endfacet
  facet normal -0.946844 0.321692 0
    outer loop
      vertex 60.201 96.5025 -7.8
      vertex 60.2557 96.6635 0
      vertex 60.2557 96.6635 -7.8
    endloop
  endfacet
  facet normal -0.946844 0.321692 0
    outer loop
      vertex 60.2557 96.6635 0
      vertex 60.201 96.5025 -7.8
      vertex 60.201 96.5025 0
    endloop
  endfacet
  facet normal 0.555243 0.831688 -0
    outer loop
      vertex 58.35 95.8742 -7.8
      vertex 58.2086 95.9686 0
      vertex 58.35 95.8742 0
    endloop
  endfacet
  facet normal 0.555243 0.831688 0
    outer loop
      vertex 58.2086 95.9686 0
      vertex 58.35 95.8742 -7.8
      vertex 58.2086 95.9686 -7.8
    endloop
  endfacet
  facet normal 0.831688 0.555243 0
    outer loop
      vertex 57.9686 96.2086 0
      vertex 57.8742 96.35 -7.8
      vertex 57.8742 96.35 0
    endloop
  endfacet
  facet normal 0.831688 0.555243 0
    outer loop
      vertex 57.8742 96.35 -7.8
      vertex 57.9686 96.2086 0
      vertex 57.9686 96.2086 -7.8
    endloop
  endfacet
  facet normal 0.751483 0.659753 0
    outer loop
      vertex 58.0808 96.0808 0
      vertex 57.9686 96.2086 -7.8
      vertex 57.9686 96.2086 0
    endloop
  endfacet
  facet normal 0.751483 0.659753 0
    outer loop
      vertex 57.9686 96.2086 -7.8
      vertex 58.0808 96.0808 0
      vertex 58.0808 96.0808 -7.8
    endloop
  endfacet
  facet normal -0.555243 0.831688 0
    outer loop
      vertex 59.7914 95.9686 -7.8
      vertex 59.65 95.8742 0
      vertex 59.7914 95.9686 0
    endloop
  endfacet
  facet normal -0.555243 0.831688 0
    outer loop
      vertex 59.65 95.8742 0
      vertex 59.7914 95.9686 -7.8
      vertex 59.65 95.8742 -7.8
    endloop
  endfacet
  facet normal 0.659753 0.751483 -0
    outer loop
      vertex 58.2086 95.9686 -7.8
      vertex 58.0808 96.0808 0
      vertex 58.2086 95.9686 0
    endloop
  endfacet
  facet normal 0.659753 0.751483 0
    outer loop
      vertex 58.0808 96.0808 0
      vertex 58.2086 95.9686 -7.8
      vertex 58.0808 96.0808 -7.8
    endloop
  endfacet
  facet normal 0.896884 0.442267 0
    outer loop
      vertex 57.8742 96.35 0
      vertex 57.799 96.5025 -7.8
      vertex 57.799 96.5025 0
    endloop
  endfacet
  facet normal 0.896884 0.442267 0
    outer loop
      vertex 57.799 96.5025 -7.8
      vertex 57.8742 96.35 0
      vertex 57.8742 96.35 -7.8
    endloop
  endfacet
  facet normal 0.980761 0.195211 0
    outer loop
      vertex 57.7443 96.6635 0
      vertex 57.7111 96.8303 -7.8
      vertex 57.7111 96.8303 0
    endloop
  endfacet
  facet normal 0.980761 0.195211 0
    outer loop
      vertex 57.7111 96.8303 -7.8
      vertex 57.7443 96.6635 0
      vertex 57.7443 96.6635 -7.8
    endloop
  endfacet
  facet normal -0.659753 0.751483 0
    outer loop
      vertex 59.9192 96.0808 -7.8
      vertex 59.7914 95.9686 0
      vertex 59.9192 96.0808 0
    endloop
  endfacet
  facet normal -0.659753 0.751483 0
    outer loop
      vertex 59.7914 95.9686 0
      vertex 59.9192 96.0808 -7.8
      vertex 59.7914 95.9686 -7.8
    endloop
  endfacet
  facet normal -0.442267 0.896884 0
    outer loop
      vertex 59.65 95.8742 -7.8
      vertex 59.4975 95.799 0
      vertex 59.65 95.8742 0
    endloop
  endfacet
  facet normal -0.442267 0.896884 0
    outer loop
      vertex 59.4975 95.799 0
      vertex 59.65 95.8742 -7.8
      vertex 59.4975 95.799 -7.8
    endloop
  endfacet
  facet normal -0.321692 0.946844 0
    outer loop
      vertex 59.4975 95.799 -7.8
      vertex 59.3365 95.7443 0
      vertex 59.4975 95.799 0
    endloop
  endfacet
  facet normal -0.321692 0.946844 0
    outer loop
      vertex 59.3365 95.7443 0
      vertex 59.4975 95.799 -7.8
      vertex 59.3365 95.7443 -7.8
    endloop
  endfacet
  facet normal -0.195211 0.980761 0
    outer loop
      vertex 59.3365 95.7443 -7.8
      vertex 59.1697 95.7111 0
      vertex 59.3365 95.7443 0
    endloop
  endfacet
  facet normal -0.195211 0.980761 0
    outer loop
      vertex 59.1697 95.7111 0
      vertex 59.3365 95.7443 -7.8
      vertex 59.1697 95.7111 -7.8
    endloop
  endfacet
  facet normal -0.896884 0.442267 0
    outer loop
      vertex 60.1258 96.35 -7.8
      vertex 60.201 96.5025 0
      vertex 60.201 96.5025 -7.8
    endloop
  endfacet
  facet normal -0.896884 0.442267 0
    outer loop
      vertex 60.201 96.5025 0
      vertex 60.1258 96.35 -7.8
      vertex 60.1258 96.35 0
    endloop
  endfacet
  facet normal -0.831688 0.555243 0
    outer loop
      vertex 60.0314 96.2086 -7.8
      vertex 60.1258 96.35 0
      vertex 60.1258 96.35 -7.8
    endloop
  endfacet
  facet normal -0.831688 0.555243 0
    outer loop
      vertex 60.1258 96.35 0
      vertex 60.0314 96.2086 -7.8
      vertex 60.0314 96.2086 0
    endloop
  endfacet
  facet normal 0.0652701 0.997868 -0
    outer loop
      vertex 59 95.7 -7.8
      vertex 58.8303 95.7111 0
      vertex 59 95.7 0
    endloop
  endfacet
  facet normal 0.0652701 0.997868 0
    outer loop
      vertex 58.8303 95.7111 0
      vertex 59 95.7 -7.8
      vertex 58.8303 95.7111 -7.8
    endloop
  endfacet
  facet normal 0.321692 0.946844 -0
    outer loop
      vertex 58.6635 95.7443 -7.8
      vertex 58.5025 95.799 0
      vertex 58.6635 95.7443 0
    endloop
  endfacet
  facet normal 0.321692 0.946844 0
    outer loop
      vertex 58.5025 95.799 0
      vertex 58.6635 95.7443 -7.8
      vertex 58.5025 95.799 -7.8
    endloop
  endfacet
  facet normal 0.946844 0.321692 0
    outer loop
      vertex 57.799 96.5025 0
      vertex 57.7443 96.6635 -7.8
      vertex 57.7443 96.6635 0
    endloop
  endfacet
  facet normal 0.946844 0.321692 0
    outer loop
      vertex 57.7443 96.6635 -7.8
      vertex 57.799 96.5025 0
      vertex 57.799 96.5025 -7.8
    endloop
  endfacet
  facet normal -0.751483 0.659753 0
    outer loop
      vertex 59.9192 96.0808 -7.8
      vertex 60.0314 96.2086 0
      vertex 60.0314 96.2086 -7.8
    endloop
  endfacet
  facet normal -0.751483 0.659753 0
    outer loop
      vertex 60.0314 96.2086 0
      vertex 59.9192 96.0808 -7.8
      vertex 59.9192 96.0808 0
    endloop
  endfacet
  facet normal 0.195211 0.980761 -0
    outer loop
      vertex 58.8303 95.7111 -7.8
      vertex 58.6635 95.7443 0
      vertex 58.8303 95.7111 0
    endloop
  endfacet
  facet normal 0.195211 0.980761 0
    outer loop
      vertex 58.6635 95.7443 0
      vertex 58.8303 95.7111 -7.8
      vertex 58.6635 95.7443 -7.8
    endloop
  endfacet
  facet normal 0.442267 0.896884 -0
    outer loop
      vertex 58.5025 95.799 -7.8
      vertex 58.35 95.8742 0
      vertex 58.5025 95.799 0
    endloop
  endfacet
  facet normal 0.442267 0.896884 0
    outer loop
      vertex 58.35 95.8742 0
      vertex 58.5025 95.799 -7.8
      vertex 58.35 95.8742 -7.8
    endloop
  endfacet
  facet normal -0.997859 -0.0653948 0
    outer loop
      vertex 4.8 3.5 -7.8
      vertex 4.78888 3.66968 0
      vertex 4.78888 3.66968 -7.8
    endloop
  endfacet
  facet normal -0.997859 -0.0653948 0
    outer loop
      vertex 4.78888 3.66968 0
      vertex 4.8 3.5 -7.8
      vertex 4.8 3.5 0
    endloop
  endfacet
  facet normal 0.0653948 -0.997859 0
    outer loop
      vertex 3.33032 4.78888 -7.8
      vertex 3.5 4.8 0
      vertex 3.33032 4.78888 0
    endloop
  endfacet
  facet normal 0.0653948 -0.997859 0
    outer loop
      vertex 3.5 4.8 0
      vertex 3.33032 4.78888 -7.8
      vertex 3.5 4.8 -7.8
    endloop
  endfacet
  facet normal -0.659341 -0.751844 0
    outer loop
      vertex 4.29139 4.53136 -7.8
      vertex 4.41924 4.41924 0
      vertex 4.29139 4.53136 0
    endloop
  endfacet
  facet normal -0.659341 -0.751844 -0
    outer loop
      vertex 4.41924 4.41924 0
      vertex 4.29139 4.53136 -7.8
      vertex 4.41924 4.41924 -7.8
    endloop
  endfacet
  facet normal 0.751844 -0.659341 0
    outer loop
      vertex 2.46864 4.29139 0
      vertex 2.58076 4.41924 -7.8
      vertex 2.58076 4.41924 0
    endloop
  endfacet
  facet normal 0.751844 -0.659341 0
    outer loop
      vertex 2.58076 4.41924 -7.8
      vertex 2.46864 4.29139 0
      vertex 2.46864 4.29139 -7.8
    endloop
  endfacet
  facet normal 0.442291 -0.896872 0
    outer loop
      vertex 2.85 4.62583 -7.8
      vertex 3.00251 4.70104 0
      vertex 2.85 4.62583 0
    endloop
  endfacet
  facet normal 0.442291 -0.896872 0
    outer loop
      vertex 3.00251 4.70104 0
      vertex 2.85 4.62583 -7.8
      vertex 3.00251 4.70104 -7.8
    endloop
  endfacet
  facet normal -0.83148 0.555555 0
    outer loop
      vertex 4.53136 2.70861 -7.8
      vertex 4.62583 2.85 0
      vertex 4.62583 2.85 -7.8
    endloop
  endfacet
  facet normal -0.83148 0.555555 0
    outer loop
      vertex 4.62583 2.85 0
      vertex 4.53136 2.70861 -7.8
      vertex 4.53136 2.70861 0
    endloop
  endfacet
  facet normal -0.896872 -0.442291 0
    outer loop
      vertex 4.70104 3.99749 -7.8
      vertex 4.62583 4.15 0
      vertex 4.62583 4.15 -7.8
    endloop
  endfacet
  facet normal -0.896872 -0.442291 0
    outer loop
      vertex 4.62583 4.15 0
      vertex 4.70104 3.99749 -7.8
      vertex 4.70104 3.99749 0
    endloop
  endfacet
  facet normal -0.83148 -0.555555 0
    outer loop
      vertex 4.62583 4.15 -7.8
      vertex 4.53136 4.29139 0
      vertex 4.53136 4.29139 -7.8
    endloop
  endfacet
  facet normal -0.83148 -0.555555 0
    outer loop
      vertex 4.53136 4.29139 0
      vertex 4.62583 4.15 -7.8
      vertex 4.62583 4.15 0
    endloop
  endfacet
  facet normal -0.321427 -0.946934 0
    outer loop
      vertex 3.83646 4.7557 -7.8
      vertex 3.99749 4.70104 0
      vertex 3.83646 4.7557 0
    endloop
  endfacet
  facet normal -0.321427 -0.946934 -0
    outer loop
      vertex 3.99749 4.70104 0
      vertex 3.83646 4.7557 -7.8
      vertex 3.99749 4.70104 -7.8
    endloop
  endfacet
  facet normal -0.555555 -0.83148 0
    outer loop
      vertex 4.15 4.62583 -7.8
      vertex 4.29139 4.53136 0
      vertex 4.15 4.62583 0
    endloop
  endfacet
  facet normal -0.555555 -0.83148 -0
    outer loop
      vertex 4.29139 4.53136 0
      vertex 4.15 4.62583 -7.8
      vertex 4.29139 4.53136 -7.8
    endloop
  endfacet
  facet normal 0.946934 -0.321427 0
    outer loop
      vertex 2.2443 3.83646 0
      vertex 2.29896 3.99749 -7.8
      vertex 2.29896 3.99749 0
    endloop
  endfacet
  facet normal 0.946934 -0.321427 0
    outer loop
      vertex 2.29896 3.99749 -7.8
      vertex 2.2443 3.83646 0
      vertex 2.2443 3.83646 -7.8
    endloop
  endfacet
  facet normal 0 0 1
    outer loop
      vertex 4.78888 3.66968 -7.8
      vertex 4.78888 3.33032 -7.8
      vertex 4.8 3.5 -7.8
    endloop
  endfacet
  facet normal 0 0 1
    outer loop
      vertex 4.7557 3.83646 -7.8
      vertex 4.78888 3.33032 -7.8
      vertex 4.78888 3.66968 -7.8
    endloop
  endfacet
  facet normal 0 0 1
    outer loop
      vertex 4.7557 3.83646 -7.8
      vertex 4.7557 3.16354 -7.8
      vertex 4.78888 3.33032 -7.8
    endloop
  endfacet
  facet normal 0 0 1
    outer loop
      vertex 4.70104 3.99749 -7.8
      vertex 4.7557 3.16354 -7.8
      vertex 4.7557 3.83646 -7.8
    endloop
  endfacet
  facet normal 0 0 1
    outer loop
      vertex 4.70104 3.99749 -7.8
      vertex 4.70104 3.00251 -7.8
      vertex 4.7557 3.16354 -7.8
    endloop
  endfacet
  facet normal 0 0 1
    outer loop
      vertex 4.62583 4.15 -7.8
      vertex 4.70104 3.00251 -7.8
      vertex 4.70104 3.99749 -7.8
    endloop
  endfacet
  facet normal 0 0 1
    outer loop
      vertex 4.62583 4.15 -7.8
      vertex 4.62583 2.85 -7.8
      vertex 4.70104 3.00251 -7.8
    endloop
  endfacet
  facet normal 0 0 1
    outer loop
      vertex 4.53136 4.29139 -7.8
      vertex 4.62583 2.85 -7.8
      vertex 4.62583 4.15 -7.8
    endloop
  endfacet
  facet normal 0 0 1
    outer loop
      vertex 4.53136 4.29139 -7.8
      vertex 4.53136 2.70861 -7.8
      vertex 4.62583 2.85 -7.8
    endloop
  endfacet
  facet normal 0 0 1
    outer loop
      vertex 4.41924 4.41924 -7.8
      vertex 4.53136 2.70861 -7.8
      vertex 4.53136 4.29139 -7.8
    endloop
  endfacet
  facet normal 0 0 1
    outer loop
      vertex 4.41924 4.41924 -7.8
      vertex 4.41924 2.58076 -7.8
      vertex 4.53136 2.70861 -7.8
    endloop
  endfacet
  facet normal 0 0 1
    outer loop
      vertex 4.29139 4.53136 -7.8
      vertex 4.41924 2.58076 -7.8
      vertex 4.41924 4.41924 -7.8
    endloop
  endfacet
  facet normal 0 0 1
    outer loop
      vertex 4.29139 4.53136 -7.8
      vertex 4.29139 2.46864 -7.8
      vertex 4.41924 2.58076 -7.8
    endloop
  endfacet
  facet normal 0 0 1
    outer loop
      vertex 4.15 4.62583 -7.8
      vertex 4.29139 2.46864 -7.8
      vertex 4.29139 4.53136 -7.8
    endloop
  endfacet
  facet normal 0 0 1
    outer loop
      vertex 4.15 4.62583 -7.8
      vertex 4.15 2.37417 -7.8
      vertex 4.29139 2.46864 -7.8
    endloop
  endfacet
  facet normal 0 0 1
    outer loop
      vertex 3.99749 4.70104 -7.8
      vertex 4.15 2.37417 -7.8
      vertex 4.15 4.62583 -7.8
    endloop
  endfacet
  facet normal 0 0 1
    outer loop
      vertex 3.99749 4.70104 -7.8
      vertex 3.99749 2.29896 -7.8
      vertex 4.15 2.37417 -7.8
    endloop
  endfacet
  facet normal 0 0 1
    outer loop
      vertex 3.83646 4.7557 -7.8
      vertex 3.99749 2.29896 -7.8
      vertex 3.99749 4.70104 -7.8
    endloop
  endfacet
  facet normal 0 0 1
    outer loop
      vertex 3.83646 4.7557 -7.8
      vertex 3.83646 2.2443 -7.8
      vertex 3.99749 2.29896 -7.8
    endloop
  endfacet
  facet normal 0 0 1
    outer loop
      vertex 3.66968 4.78888 -7.8
      vertex 3.83646 2.2443 -7.8
      vertex 3.83646 4.7557 -7.8
    endloop
  endfacet
  facet normal 0 0 1
    outer loop
      vertex 3.66968 4.78888 -7.8
      vertex 3.66968 2.21112 -7.8
      vertex 3.83646 2.2443 -7.8
    endloop
  endfacet
  facet normal 0 0 1
    outer loop
      vertex 3.5 4.8 -7.8
      vertex 3.66968 2.21112 -7.8
      vertex 3.66968 4.78888 -7.8
    endloop
  endfacet
  facet normal 0 0 1
    outer loop
      vertex 3.5 4.8 -7.8
      vertex 3.5 2.2 -7.8
      vertex 3.66968 2.21112 -7.8
    endloop
  endfacet
  facet normal -0 0 1
    outer loop
      vertex 3.33032 4.78888 -7.8
      vertex 3.5 2.2 -7.8
      vertex 3.5 4.8 -7.8
    endloop
  endfacet
  facet normal 0 0 1
    outer loop
      vertex 3.33032 4.78888 -7.8
      vertex 3.33032 2.21112 -7.8
      vertex 3.5 2.2 -7.8
    endloop
  endfacet
  facet normal -0 0 1
    outer loop
      vertex 3.16354 4.7557 -7.8
      vertex 3.33032 2.21112 -7.8
      vertex 3.33032 4.78888 -7.8
    endloop
  endfacet
  facet normal 0 0 1
    outer loop
      vertex 3.16354 4.7557 -7.8
      vertex 3.16354 2.2443 -7.8
      vertex 3.33032 2.21112 -7.8
    endloop
  endfacet
  facet normal -0 0 1
    outer loop
      vertex 3.00251 4.70104 -7.8
      vertex 3.16354 2.2443 -7.8
      vertex 3.16354 4.7557 -7.8
    endloop
  endfacet
  facet normal 0 0 1
    outer loop
      vertex 3.00251 4.70104 -7.8
      vertex 3.00251 2.29896 -7.8
      vertex 3.16354 2.2443 -7.8
    endloop
  endfacet
  facet normal -0 0 1
    outer loop
      vertex 2.85 4.62583 -7.8
      vertex 3.00251 2.29896 -7.8
      vertex 3.00251 4.70104 -7.8
    endloop
  endfacet
  facet normal 0 0 1
    outer loop
      vertex 2.85 4.62583 -7.8
      vertex 2.85 2.37417 -7.8
      vertex 3.00251 2.29896 -7.8
    endloop
  endfacet
  facet normal -0 0 1
    outer loop
      vertex 2.70861 4.53136 -7.8
      vertex 2.85 2.37417 -7.8
      vertex 2.85 4.62583 -7.8
    endloop
  endfacet
  facet normal 0 0 1
    outer loop
      vertex 2.70861 4.53136 -7.8
      vertex 2.70861 2.46864 -7.8
      vertex 2.85 2.37417 -7.8
    endloop
  endfacet
  facet normal -0 0 1
    outer loop
      vertex 2.58076 4.41924 -7.8
      vertex 2.70861 2.46864 -7.8
      vertex 2.70861 4.53136 -7.8
    endloop
  endfacet
  facet normal 0 0 1
    outer loop
      vertex 2.58076 4.41924 -7.8
      vertex 2.58076 2.58076 -7.8
      vertex 2.70861 2.46864 -7.8
    endloop
  endfacet
  facet normal -0 0 1
    outer loop
      vertex 2.46864 4.29139 -7.8
      vertex 2.58076 2.58076 -7.8
      vertex 2.58076 4.41924 -7.8
    endloop
  endfacet
  facet normal 0 0 1
    outer loop
      vertex 2.46864 4.29139 -7.8
      vertex 2.46864 2.70861 -7.8
      vertex 2.58076 2.58076 -7.8
    endloop
  endfacet
  facet normal -0 0 1
    outer loop
      vertex 2.37417 4.15 -7.8
      vertex 2.46864 2.70861 -7.8
      vertex 2.46864 4.29139 -7.8
    endloop
  endfacet
  facet normal 0 0 1
    outer loop
      vertex 2.37417 4.15 -7.8
      vertex 2.37417 2.85 -7.8
      vertex 2.46864 2.70861 -7.8
    endloop
  endfacet
  facet normal -0 0 1
    outer loop
      vertex 2.29896 3.99749 -7.8
      vertex 2.37417 2.85 -7.8
      vertex 2.37417 4.15 -7.8
    endloop
  endfacet
  facet normal 0 0 1
    outer loop
      vertex 2.29896 3.99749 -7.8
      vertex 2.29896 3.00251 -7.8
      vertex 2.37417 2.85 -7.8
    endloop
  endfacet
  facet normal -0 0 1
    outer loop
      vertex 2.2443 3.83646 -7.8
      vertex 2.29896 3.00251 -7.8
      vertex 2.29896 3.99749 -7.8
    endloop
  endfacet
  facet normal 0 0 1
    outer loop
      vertex 2.2443 3.83646 -7.8
      vertex 2.2443 3.16354 -7.8
      vertex 2.29896 3.00251 -7.8
    endloop
  endfacet
  facet normal -0 0 1
    outer loop
      vertex 2.21112 3.66968 -7.8
      vertex 2.2443 3.16354 -7.8
      vertex 2.2443 3.83646 -7.8
    endloop
  endfacet
  facet normal 0 0 1
    outer loop
      vertex 2.21112 3.66968 -7.8
      vertex 2.21112 3.33032 -7.8
      vertex 2.2443 3.16354 -7.8
    endloop
  endfacet
  facet normal 0 -0 1
    outer loop
      vertex 2.21112 3.33032 -7.8
      vertex 2.21112 3.66968 -7.8
      vertex 2.2 3.5 -7.8
    endloop
  endfacet
  facet normal 0.896872 -0.442291 0
    outer loop
      vertex 2.29896 3.99749 0
      vertex 2.37417 4.15 -7.8
      vertex 2.37417 4.15 0
    endloop
  endfacet
  facet normal 0.896872 -0.442291 0
    outer loop
      vertex 2.37417 4.15 -7.8
      vertex 2.29896 3.99749 0
      vertex 2.29896 3.99749 -7.8
    endloop
  endfacet
  facet normal 0.997859 -0.0653948 0
    outer loop
      vertex 2.2 3.5 0
      vertex 2.21112 3.66968 -7.8
      vertex 2.21112 3.66968 0
    endloop
  endfacet
  facet normal 0.997859 -0.0653948 0
    outer loop
      vertex 2.21112 3.66968 -7.8
      vertex 2.2 3.5 0
      vertex 2.2 3.5 -7.8
    endloop
  endfacet
  facet normal 0.555555 -0.83148 0
    outer loop
      vertex 2.70861 4.53136 -7.8
      vertex 2.85 4.62583 0
      vertex 2.70861 4.53136 0
    endloop
  endfacet
  facet normal 0.555555 -0.83148 0
    outer loop
      vertex 2.85 4.62583 0
      vertex 2.70861 4.53136 -7.8
      vertex 2.85 4.62583 -7.8
    endloop
  endfacet
  facet normal 0.195121 -0.980779 0
    outer loop
      vertex 3.16354 4.7557 -7.8
      vertex 3.33032 4.78888 0
      vertex 3.16354 4.7557 0
    endloop
  endfacet
  facet normal 0.195121 -0.980779 0
    outer loop
      vertex 3.33032 4.78888 0
      vertex 3.16354 4.7557 -7.8
      vertex 3.33032 4.78888 -7.8
    endloop
  endfacet
  facet normal -0.997859 0.0653948 0
    outer loop
      vertex 4.78888 3.33032 -7.8
      vertex 4.8 3.5 0
      vertex 4.8 3.5 -7.8
    endloop
  endfacet
  facet normal -0.997859 0.0653948 0
    outer loop
      vertex 4.8 3.5 0
      vertex 4.78888 3.33032 -7.8
      vertex 4.78888 3.33032 0
    endloop
  endfacet
  facet normal -0.195121 0.980779 0
    outer loop
      vertex 3.83646 2.2443 -7.8
      vertex 3.66968 2.21112 0
      vertex 3.83646 2.2443 0
    endloop
  endfacet
  facet normal -0.195121 0.980779 0
    outer loop
      vertex 3.66968 2.21112 0
      vertex 3.83646 2.2443 -7.8
      vertex 3.66968 2.21112 -7.8
    endloop
  endfacet
  facet normal -0.946934 -0.321427 0
    outer loop
      vertex 4.7557 3.83646 -7.8
      vertex 4.70104 3.99749 0
      vertex 4.70104 3.99749 -7.8
    endloop
  endfacet
  facet normal -0.946934 -0.321427 0
    outer loop
      vertex 4.70104 3.99749 0
      vertex 4.7557 3.83646 -7.8
      vertex 4.7557 3.83646 0
    endloop
  endfacet
  facet normal -0.980779 -0.195121 0
    outer loop
      vertex 4.78888 3.66968 -7.8
      vertex 4.7557 3.83646 0
      vertex 4.7557 3.83646 -7.8
    endloop
  endfacet
  facet normal -0.980779 -0.195121 0
    outer loop
      vertex 4.7557 3.83646 0
      vertex 4.78888 3.66968 -7.8
      vertex 4.78888 3.66968 0
    endloop
  endfacet
  facet normal -0.751844 -0.659341 0
    outer loop
      vertex 4.53136 4.29139 -7.8
      vertex 4.41924 4.41924 0
      vertex 4.41924 4.41924 -7.8
    endloop
  endfacet
  facet normal -0.751844 -0.659341 0
    outer loop
      vertex 4.41924 4.41924 0
      vertex 4.53136 4.29139 -7.8
      vertex 4.53136 4.29139 0
    endloop
  endfacet
  facet normal -0.195121 -0.980779 0
    outer loop
      vertex 3.66968 4.78888 -7.8
      vertex 3.83646 4.7557 0
      vertex 3.66968 4.78888 0
    endloop
  endfacet
  facet normal -0.195121 -0.980779 -0
    outer loop
      vertex 3.83646 4.7557 0
      vertex 3.66968 4.78888 -7.8
      vertex 3.83646 4.7557 -7.8
    endloop
  endfacet
  facet normal -0.0653948 -0.997859 0
    outer loop
      vertex 3.5 4.8 -7.8
      vertex 3.66968 4.78888 0
      vertex 3.5 4.8 0
    endloop
  endfacet
  facet normal -0.0653948 -0.997859 -0
    outer loop
      vertex 3.66968 4.78888 0
      vertex 3.5 4.8 -7.8
      vertex 3.66968 4.78888 -7.8
    endloop
  endfacet
  facet normal -0.442291 -0.896872 0
    outer loop
      vertex 3.99749 4.70104 -7.8
      vertex 4.15 4.62583 0
      vertex 3.99749 4.70104 0
    endloop
  endfacet
  facet normal -0.442291 -0.896872 -0
    outer loop
      vertex 4.15 4.62583 0
      vertex 3.99749 4.70104 -7.8
      vertex 4.15 4.62583 -7.8
    endloop
  endfacet
  facet normal 0.997859 0.0653948 0
    outer loop
      vertex 2.21112 3.33032 0
      vertex 2.2 3.5 -7.8
      vertex 2.2 3.5 0
    endloop
  endfacet
  facet normal 0.997859 0.0653948 0
    outer loop
      vertex 2.2 3.5 -7.8
      vertex 2.21112 3.33032 0
      vertex 2.21112 3.33032 -7.8
    endloop
  endfacet
  facet normal 0.980779 -0.195121 0
    outer loop
      vertex 2.21112 3.66968 0
      vertex 2.2443 3.83646 -7.8
      vertex 2.2443 3.83646 0
    endloop
  endfacet
  facet normal 0.980779 -0.195121 0
    outer loop
      vertex 2.2443 3.83646 -7.8
      vertex 2.21112 3.66968 0
      vertex 2.21112 3.66968 -7.8
    endloop
  endfacet
  facet normal 0.321427 -0.946934 0
    outer loop
      vertex 3.00251 4.70104 -7.8
      vertex 3.16354 4.7557 0
      vertex 3.00251 4.70104 0
    endloop
  endfacet
  facet normal 0.321427 -0.946934 0
    outer loop
      vertex 3.16354 4.7557 0
      vertex 3.00251 4.70104 -7.8
      vertex 3.16354 4.7557 -7.8
    endloop
  endfacet
  facet normal -0.555555 0.83148 0
    outer loop
      vertex 4.29139 2.46864 -7.8
      vertex 4.15 2.37417 0
      vertex 4.29139 2.46864 0
    endloop
  endfacet
  facet normal -0.555555 0.83148 0
    outer loop
      vertex 4.15 2.37417 0
      vertex 4.29139 2.46864 -7.8
      vertex 4.15 2.37417 -7.8
    endloop
  endfacet
  facet normal -0.946934 0.321427 0
    outer loop
      vertex 4.70104 3.00251 -7.8
      vertex 4.7557 3.16354 0
      vertex 4.7557 3.16354 -7.8
    endloop
  endfacet
  facet normal -0.946934 0.321427 0
    outer loop
      vertex 4.7557 3.16354 0
      vertex 4.70104 3.00251 -7.8
      vertex 4.70104 3.00251 0
    endloop
  endfacet
  facet normal -0.896872 0.442291 0
    outer loop
      vertex 4.62583 2.85 -7.8
      vertex 4.70104 3.00251 0
      vertex 4.70104 3.00251 -7.8
    endloop
  endfacet
  facet normal -0.896872 0.442291 0
    outer loop
      vertex 4.70104 3.00251 0
      vertex 4.62583 2.85 -7.8
      vertex 4.62583 2.85 0
    endloop
  endfacet
  facet normal 0.83148 0.555555 0
    outer loop
      vertex 2.46864 2.70861 0
      vertex 2.37417 2.85 -7.8
      vertex 2.37417 2.85 0
    endloop
  endfacet
  facet normal 0.83148 0.555555 0
    outer loop
      vertex 2.37417 2.85 -7.8
      vertex 2.46864 2.70861 0
      vertex 2.46864 2.70861 -7.8
    endloop
  endfacet
  facet normal 0.896872 0.442291 0
    outer loop
      vertex 2.37417 2.85 0
      vertex 2.29896 3.00251 -7.8
      vertex 2.29896 3.00251 0
    endloop
  endfacet
  facet normal 0.896872 0.442291 0
    outer loop
      vertex 2.29896 3.00251 -7.8
      vertex 2.37417 2.85 0
      vertex 2.37417 2.85 -7.8
    endloop
  endfacet
  facet normal -0.442291 0.896872 0
    outer loop
      vertex 4.15 2.37417 -7.8
      vertex 3.99749 2.29896 0
      vertex 4.15 2.37417 0
    endloop
  endfacet
  facet normal -0.442291 0.896872 0
    outer loop
      vertex 3.99749 2.29896 0
      vertex 4.15 2.37417 -7.8
      vertex 3.99749 2.29896 -7.8
    endloop
  endfacet
  facet normal -0.321427 0.946934 0
    outer loop
      vertex 3.99749 2.29896 -7.8
      vertex 3.83646 2.2443 0
      vertex 3.99749 2.29896 0
    endloop
  endfacet
  facet normal -0.321427 0.946934 0
    outer loop
      vertex 3.83646 2.2443 0
      vertex 3.99749 2.29896 -7.8
      vertex 3.83646 2.2443 -7.8
    endloop
  endfacet
  facet normal 0.83148 -0.555555 0
    outer loop
      vertex 2.37417 4.15 0
      vertex 2.46864 4.29139 -7.8
      vertex 2.46864 4.29139 0
    endloop
  endfacet
  facet normal 0.83148 -0.555555 0
    outer loop
      vertex 2.46864 4.29139 -7.8
      vertex 2.37417 4.15 0
      vertex 2.37417 4.15 -7.8
    endloop
  endfacet
  facet normal 0.659341 -0.751844 0
    outer loop
      vertex 2.58076 4.41924 -7.8
      vertex 2.70861 4.53136 0
      vertex 2.58076 4.41924 0
    endloop
  endfacet
  facet normal 0.659341 -0.751844 0
    outer loop
      vertex 2.70861 4.53136 0
      vertex 2.58076 4.41924 -7.8
      vertex 2.70861 4.53136 -7.8
    endloop
  endfacet
  facet normal -0.980779 0.195121 0
    outer loop
      vertex 4.7557 3.16354 -7.8
      vertex 4.78888 3.33032 0
      vertex 4.78888 3.33032 -7.8
    endloop
  endfacet
  facet normal -0.980779 0.195121 0
    outer loop
      vertex 4.78888 3.33032 0
      vertex 4.7557 3.16354 -7.8
      vertex 4.7557 3.16354 0
    endloop
  endfacet
  facet normal -0.0653948 0.997859 0
    outer loop
      vertex 3.66968 2.21112 -7.8
      vertex 3.5 2.2 0
      vertex 3.66968 2.21112 0
    endloop
  endfacet
  facet normal -0.0653948 0.997859 0
    outer loop
      vertex 3.5 2.2 0
      vertex 3.66968 2.21112 -7.8
      vertex 3.5 2.2 -7.8
    endloop
  endfacet
  facet normal 0.321427 0.946934 -0
    outer loop
      vertex 3.16354 2.2443 -7.8
      vertex 3.00251 2.29896 0
      vertex 3.16354 2.2443 0
    endloop
  endfacet
  facet normal 0.321427 0.946934 0
    outer loop
      vertex 3.00251 2.29896 0
      vertex 3.16354 2.2443 -7.8
      vertex 3.00251 2.29896 -7.8
    endloop
  endfacet
  facet normal 0.980779 0.195121 0
    outer loop
      vertex 2.2443 3.16354 0
      vertex 2.21112 3.33032 -7.8
      vertex 2.21112 3.33032 0
    endloop
  endfacet
  facet normal 0.980779 0.195121 0
    outer loop
      vertex 2.21112 3.33032 -7.8
      vertex 2.2443 3.16354 0
      vertex 2.2443 3.16354 -7.8
    endloop
  endfacet
  facet normal -0.659341 0.751844 0
    outer loop
      vertex 4.41924 2.58076 -7.8
      vertex 4.29139 2.46864 0
      vertex 4.41924 2.58076 0
    endloop
  endfacet
  facet normal -0.659341 0.751844 0
    outer loop
      vertex 4.29139 2.46864 0
      vertex 4.41924 2.58076 -7.8
      vertex 4.29139 2.46864 -7.8
    endloop
  endfacet
  facet normal 0.195121 0.980779 -0
    outer loop
      vertex 3.33032 2.21112 -7.8
      vertex 3.16354 2.2443 0
      vertex 3.33032 2.21112 0
    endloop
  endfacet
  facet normal 0.195121 0.980779 0
    outer loop
      vertex 3.16354 2.2443 0
      vertex 3.33032 2.21112 -7.8
      vertex 3.16354 2.2443 -7.8
    endloop
  endfacet
  facet normal 0.0653948 0.997859 -0
    outer loop
      vertex 3.5 2.2 -7.8
      vertex 3.33032 2.21112 0
      vertex 3.5 2.2 0
    endloop
  endfacet
  facet normal 0.0653948 0.997859 0
    outer loop
      vertex 3.33032 2.21112 0
      vertex 3.5 2.2 -7.8
      vertex 3.33032 2.21112 -7.8
    endloop
  endfacet
  facet normal 0.555555 0.83148 -0
    outer loop
      vertex 2.85 2.37417 -7.8
      vertex 2.70861 2.46864 0
      vertex 2.85 2.37417 0
    endloop
  endfacet
  facet normal 0.555555 0.83148 0
    outer loop
      vertex 2.70861 2.46864 0
      vertex 2.85 2.37417 -7.8
      vertex 2.70861 2.46864 -7.8
    endloop
  endfacet
  facet normal 0.659341 0.751844 -0
    outer loop
      vertex 2.70861 2.46864 -7.8
      vertex 2.58076 2.58076 0
      vertex 2.70861 2.46864 0
    endloop
  endfacet
  facet normal 0.659341 0.751844 0
    outer loop
      vertex 2.58076 2.58076 0
      vertex 2.70861 2.46864 -7.8
      vertex 2.58076 2.58076 -7.8
    endloop
  endfacet
  facet normal 0.751844 0.659341 0
    outer loop
      vertex 2.58076 2.58076 0
      vertex 2.46864 2.70861 -7.8
      vertex 2.46864 2.70861 0
    endloop
  endfacet
  facet normal 0.751844 0.659341 0
    outer loop
      vertex 2.46864 2.70861 -7.8
      vertex 2.58076 2.58076 0
      vertex 2.58076 2.58076 -7.8
    endloop
  endfacet
  facet normal 0.946934 0.321427 0
    outer loop
      vertex 2.29896 3.00251 0
      vertex 2.2443 3.16354 -7.8
      vertex 2.2443 3.16354 0
    endloop
  endfacet
  facet normal 0.946934 0.321427 0
    outer loop
      vertex 2.2443 3.16354 -7.8
      vertex 2.29896 3.00251 0
      vertex 2.29896 3.00251 -7.8
    endloop
  endfacet
  facet normal -0.751844 0.659341 0
    outer loop
      vertex 4.41924 2.58076 -7.8
      vertex 4.53136 2.70861 0
      vertex 4.53136 2.70861 -7.8
    endloop
  endfacet
  facet normal -0.751844 0.659341 0
    outer loop
      vertex 4.53136 2.70861 0
      vertex 4.41924 2.58076 -7.8
      vertex 4.41924 2.58076 0
    endloop
  endfacet
  facet normal 0.442291 0.896872 -0
    outer loop
      vertex 3.00251 2.29896 -7.8
      vertex 2.85 2.37417 0
      vertex 3.00251 2.29896 0
    endloop
  endfacet
  facet normal 0.442291 0.896872 0
    outer loop
      vertex 2.85 2.37417 0
      vertex 3.00251 2.29896 -7.8
      vertex 2.85 2.37417 -7.8
    endloop
  endfacet
  facet normal -0.997867 -0.0652777 0
    outer loop
      vertex 59.8 3.5 -7.8
      vertex 59.7889 3.66968 0
      vertex 59.7889 3.66968 -7.8
    endloop
  endfacet
  facet normal -0.997867 -0.0652777 0
    outer loop
      vertex 59.7889 3.66968 0
      vertex 59.8 3.5 -7.8
      vertex 59.8 3.5 0
    endloop
  endfacet
  facet normal 0.0653872 -0.99786 0
    outer loop
      vertex 58.3303 4.78888 -7.8
      vertex 58.5 4.8 0
      vertex 58.3303 4.78888 0
    endloop
  endfacet
  facet normal 0.0653872 -0.99786 0
    outer loop
      vertex 58.5 4.8 0
      vertex 58.3303 4.78888 -7.8
      vertex 58.5 4.8 -7.8
    endloop
  endfacet
  facet normal -0.659487 -0.751716 0
    outer loop
      vertex 59.2914 4.53136 -7.8
      vertex 59.4192 4.41924 0
      vertex 59.2914 4.53136 0
    endloop
  endfacet
  facet normal -0.659487 -0.751716 -0
    outer loop
      vertex 59.4192 4.41924 0
      vertex 59.2914 4.53136 -7.8
      vertex 59.4192 4.41924 -7.8
    endloop
  endfacet
  facet normal 0.751611 -0.659607 0
    outer loop
      vertex 57.4686 4.29139 0
      vertex 57.5808 4.41924 -7.8
      vertex 57.5808 4.41924 0
    endloop
  endfacet
  facet normal 0.751611 -0.659607 0
    outer loop
      vertex 57.5808 4.41924 -7.8
      vertex 57.4686 4.29139 0
      vertex 57.4686 4.29139 -7.8
    endloop
  endfacet
  facet normal 0.442314 -0.89686 0
    outer loop
      vertex 57.85 4.62583 -7.8
      vertex 58.0025 4.70104 0
      vertex 57.85 4.62583 0
    endloop
  endfacet
  facet normal 0.442314 -0.89686 0
    outer loop
      vertex 58.0025 4.70104 0
      vertex 57.85 4.62583 -7.8
      vertex 58.0025 4.70104 -7.8
    endloop
  endfacet
  facet normal -0.83167 0.55527 0
    outer loop
      vertex 59.5314 2.70861 -7.8
      vertex 59.6258 2.85 0
      vertex 59.6258 2.85 -7.8
    endloop
  endfacet
  facet normal -0.83167 0.55527 0
    outer loop
      vertex 59.6258 2.85 0
      vertex 59.5314 2.70861 -7.8
      vertex 59.5314 2.70861 0
    endloop
  endfacet
  facet normal -0.896895 -0.442243 0
    outer loop
      vertex 59.701 3.99749 -7.8
      vertex 59.6258 4.15 0
      vertex 59.6258 4.15 -7.8
    endloop
  endfacet
  facet normal -0.896895 -0.442243 0
    outer loop
      vertex 59.6258 4.15 0
      vertex 59.701 3.99749 -7.8
      vertex 59.701 3.99749 0
    endloop
  endfacet
  facet normal -0.83167 -0.55527 0
    outer loop
      vertex 59.6258 4.15 -7.8
      vertex 59.5314 4.29139 0
      vertex 59.5314 4.29139 -7.8
    endloop
  endfacet
  facet normal -0.83167 -0.55527 0
    outer loop
      vertex 59.5314 4.29139 0
      vertex 59.6258 4.15 -7.8
      vertex 59.6258 4.15 0
    endloop
  endfacet
  facet normal -0.321481 -0.946916 0
    outer loop
      vertex 58.8365 4.7557 -7.8
      vertex 58.9975 4.70104 0
      vertex 58.8365 4.7557 0
    endloop
  endfacet
  facet normal -0.321481 -0.946916 -0
    outer loop
      vertex 58.9975 4.70104 0
      vertex 58.8365 4.7557 -7.8
      vertex 58.9975 4.70104 -7.8
    endloop
  endfacet
  facet normal -0.555528 -0.831498 0
    outer loop
      vertex 59.15 4.62583 -7.8
      vertex 59.2914 4.53136 0
      vertex 59.15 4.62583 0
    endloop
  endfacet
  facet normal -0.555528 -0.831498 -0
    outer loop
      vertex 59.2914 4.53136 0
      vertex 59.15 4.62583 -7.8
      vertex 59.2914 4.53136 -7.8
    endloop
  endfacet
  facet normal 0.946863 -0.321638 0
    outer loop
      vertex 57.2443 3.83646 0
      vertex 57.299 3.99749 -7.8
      vertex 57.299 3.99749 0
    endloop
  endfacet
  facet normal 0.946863 -0.321638 0
    outer loop
      vertex 57.299 3.99749 -7.8
      vertex 57.2443 3.83646 0
      vertex 57.2443 3.83646 -7.8
    endloop
  endfacet
  facet normal 0 0 1
    outer loop
      vertex 59.7889 3.66968 -7.8
      vertex 59.7889 3.33032 -7.8
      vertex 59.8 3.5 -7.8
    endloop
  endfacet
  facet normal 0 0 1
    outer loop
      vertex 59.7557 3.83646 -7.8
      vertex 59.7889 3.33032 -7.8
      vertex 59.7889 3.66968 -7.8
    endloop
  endfacet
  facet normal 0 0 1
    outer loop
      vertex 59.7557 3.83646 -7.8
      vertex 59.7557 3.16354 -7.8
      vertex 59.7889 3.33032 -7.8
    endloop
  endfacet
  facet normal 0 0 1
    outer loop
      vertex 59.701 3.99749 -7.8
      vertex 59.7557 3.16354 -7.8
      vertex 59.7557 3.83646 -7.8
    endloop
  endfacet
  facet normal 0 0 1
    outer loop
      vertex 59.701 3.99749 -7.8
      vertex 59.701 3.00251 -7.8
      vertex 59.7557 3.16354 -7.8
    endloop
  endfacet
  facet normal 0 0 1
    outer loop
      vertex 59.6258 4.15 -7.8
      vertex 59.701 3.00251 -7.8
      vertex 59.701 3.99749 -7.8
    endloop
  endfacet
  facet normal 0 0 1
    outer loop
      vertex 59.6258 4.15 -7.8
      vertex 59.6258 2.85 -7.8
      vertex 59.701 3.00251 -7.8
    endloop
  endfacet
  facet normal 0 0 1
    outer loop
      vertex 59.5314 4.29139 -7.8
      vertex 59.6258 2.85 -7.8
      vertex 59.6258 4.15 -7.8
    endloop
  endfacet
  facet normal 0 0 1
    outer loop
      vertex 59.5314 4.29139 -7.8
      vertex 59.5314 2.70861 -7.8
      vertex 59.6258 2.85 -7.8
    endloop
  endfacet
  facet normal 0 0 1
    outer loop
      vertex 59.4192 4.41924 -7.8
      vertex 59.5314 2.70861 -7.8
      vertex 59.5314 4.29139 -7.8
    endloop
  endfacet
  facet normal 0 0 1
    outer loop
      vertex 59.4192 4.41924 -7.8
      vertex 59.4192 2.58076 -7.8
      vertex 59.5314 2.70861 -7.8
    endloop
  endfacet
  facet normal 0 0 1
    outer loop
      vertex 59.2914 4.53136 -7.8
      vertex 59.4192 2.58076 -7.8
      vertex 59.4192 4.41924 -7.8
    endloop
  endfacet
  facet normal 0 0 1
    outer loop
      vertex 59.2914 4.53136 -7.8
      vertex 59.2914 2.46864 -7.8
      vertex 59.4192 2.58076 -7.8
    endloop
  endfacet
  facet normal 0 0 1
    outer loop
      vertex 59.15 4.62583 -7.8
      vertex 59.2914 2.46864 -7.8
      vertex 59.2914 4.53136 -7.8
    endloop
  endfacet
  facet normal 0 0 1
    outer loop
      vertex 59.15 4.62583 -7.8
      vertex 59.15 2.37417 -7.8
      vertex 59.2914 2.46864 -7.8
    endloop
  endfacet
  facet normal 0 0 1
    outer loop
      vertex 58.9975 4.70104 -7.8
      vertex 59.15 2.37417 -7.8
      vertex 59.15 4.62583 -7.8
    endloop
  endfacet
  facet normal 0 0 1
    outer loop
      vertex 58.9975 4.70104 -7.8
      vertex 58.9975 2.29896 -7.8
      vertex 59.15 2.37417 -7.8
    endloop
  endfacet
  facet normal 0 0 1
    outer loop
      vertex 58.8365 4.7557 -7.8
      vertex 58.9975 2.29896 -7.8
      vertex 58.9975 4.70104 -7.8
    endloop
  endfacet
  facet normal 0 0 1
    outer loop
      vertex 58.8365 4.7557 -7.8
      vertex 58.8365 2.2443 -7.8
      vertex 58.9975 2.29896 -7.8
    endloop
  endfacet
  facet normal 0 0 1
    outer loop
      vertex 58.6697 4.78888 -7.8
      vertex 58.8365 2.2443 -7.8
      vertex 58.8365 4.7557 -7.8
    endloop
  endfacet
  facet normal 0 0 1
    outer loop
      vertex 58.6697 4.78888 -7.8
      vertex 58.6697 2.21112 -7.8
      vertex 58.8365 2.2443 -7.8
    endloop
  endfacet
  facet normal 0 0 1
    outer loop
      vertex 58.5 4.8 -7.8
      vertex 58.6697 2.21112 -7.8
      vertex 58.6697 4.78888 -7.8
    endloop
  endfacet
  facet normal 0 0 1
    outer loop
      vertex 58.5 4.8 -7.8
      vertex 58.5 2.2 -7.8
      vertex 58.6697 2.21112 -7.8
    endloop
  endfacet
  facet normal -0 0 1
    outer loop
      vertex 58.3303 4.78888 -7.8
      vertex 58.5 2.2 -7.8
      vertex 58.5 4.8 -7.8
    endloop
  endfacet
  facet normal 0 0 1
    outer loop
      vertex 58.3303 4.78888 -7.8
      vertex 58.3303 2.21112 -7.8
      vertex 58.5 2.2 -7.8
    endloop
  endfacet
  facet normal -0 0 1
    outer loop
      vertex 58.1635 4.7557 -7.8
      vertex 58.3303 2.21112 -7.8
      vertex 58.3303 4.78888 -7.8
    endloop
  endfacet
  facet normal 0 0 1
    outer loop
      vertex 58.1635 4.7557 -7.8
      vertex 58.1635 2.2443 -7.8
      vertex 58.3303 2.21112 -7.8
    endloop
  endfacet
  facet normal -0 0 1
    outer loop
      vertex 58.0025 4.70104 -7.8
      vertex 58.1635 2.2443 -7.8
      vertex 58.1635 4.7557 -7.8
    endloop
  endfacet
  facet normal 0 0 1
    outer loop
      vertex 58.0025 4.70104 -7.8
      vertex 58.0025 2.29896 -7.8
      vertex 58.1635 2.2443 -7.8
    endloop
  endfacet
  facet normal -0 0 1
    outer loop
      vertex 57.85 4.62583 -7.8
      vertex 58.0025 2.29896 -7.8
      vertex 58.0025 4.70104 -7.8
    endloop
  endfacet
  facet normal 0 0 1
    outer loop
      vertex 57.85 4.62583 -7.8
      vertex 57.85 2.37417 -7.8
      vertex 58.0025 2.29896 -7.8
    endloop
  endfacet
  facet normal -0 0 1
    outer loop
      vertex 57.7086 4.53136 -7.8
      vertex 57.85 2.37417 -7.8
      vertex 57.85 4.62583 -7.8
    endloop
  endfacet
  facet normal 0 0 1
    outer loop
      vertex 57.7086 4.53136 -7.8
      vertex 57.7086 2.46864 -7.8
      vertex 57.85 2.37417 -7.8
    endloop
  endfacet
  facet normal -0 0 1
    outer loop
      vertex 57.5808 4.41924 -7.8
      vertex 57.7086 2.46864 -7.8
      vertex 57.7086 4.53136 -7.8
    endloop
  endfacet
  facet normal 0 0 1
    outer loop
      vertex 57.5808 4.41924 -7.8
      vertex 57.5808 2.58076 -7.8
      vertex 57.7086 2.46864 -7.8
    endloop
  endfacet
  facet normal -0 0 1
    outer loop
      vertex 57.4686 4.29139 -7.8
      vertex 57.5808 2.58076 -7.8
      vertex 57.5808 4.41924 -7.8
    endloop
  endfacet
  facet normal 0 0 1
    outer loop
      vertex 57.4686 4.29139 -7.8
      vertex 57.4686 2.70861 -7.8
      vertex 57.5808 2.58076 -7.8
    endloop
  endfacet
  facet normal -0 0 1
    outer loop
      vertex 57.3742 4.15 -7.8
      vertex 57.4686 2.70861 -7.8
      vertex 57.4686 4.29139 -7.8
    endloop
  endfacet
  facet normal 0 0 1
    outer loop
      vertex 57.3742 4.15 -7.8
      vertex 57.3742 2.85 -7.8
      vertex 57.4686 2.70861 -7.8
    endloop
  endfacet
  facet normal -0 0 1
    outer loop
      vertex 57.299 3.99749 -7.8
      vertex 57.3742 2.85 -7.8
      vertex 57.3742 4.15 -7.8
    endloop
  endfacet
  facet normal 0 0 1
    outer loop
      vertex 57.299 3.99749 -7.8
      vertex 57.299 3.00251 -7.8
      vertex 57.3742 2.85 -7.8
    endloop
  endfacet
  facet normal -0 0 1
    outer loop
      vertex 57.2443 3.83646 -7.8
      vertex 57.299 3.00251 -7.8
      vertex 57.299 3.99749 -7.8
    endloop
  endfacet
  facet normal 0 0 1
    outer loop
      vertex 57.2443 3.83646 -7.8
      vertex 57.2443 3.16354 -7.8
      vertex 57.299 3.00251 -7.8
    endloop
  endfacet
  facet normal -0 0 1
    outer loop
      vertex 57.2111 3.66968 -7.8
      vertex 57.2443 3.16354 -7.8
      vertex 57.2443 3.83646 -7.8
    endloop
  endfacet
  facet normal 0 0 1
    outer loop
      vertex 57.2111 3.66968 -7.8
      vertex 57.2111 3.33032 -7.8
      vertex 57.2443 3.16354 -7.8
    endloop
  endfacet
  facet normal 0 -0 1
    outer loop
      vertex 57.2111 3.33032 -7.8
      vertex 57.2111 3.66968 -7.8
      vertex 57.2 3.5 -7.8
    endloop
  endfacet
  facet normal 0.896895 -0.442243 0
    outer loop
      vertex 57.299 3.99749 0
      vertex 57.3742 4.15 -7.8
      vertex 57.3742 4.15 0
    endloop
  endfacet
  facet normal 0.896895 -0.442243 0
    outer loop
      vertex 57.3742 4.15 -7.8
      vertex 57.299 3.99749 0
      vertex 57.299 3.99749 -7.8
    endloop
  endfacet
  facet normal 0.997867 -0.0652777 0
    outer loop
      vertex 57.2 3.5 0
      vertex 57.2111 3.66968 -7.8
      vertex 57.2111 3.66968 0
    endloop
  endfacet
  facet normal 0.997867 -0.0652777 0
    outer loop
      vertex 57.2111 3.66968 -7.8
      vertex 57.2 3.5 0
      vertex 57.2 3.5 -7.8
    endloop
  endfacet
  facet normal 0.555528 -0.831498 0
    outer loop
      vertex 57.7086 4.53136 -7.8
      vertex 57.85 4.62583 0
      vertex 57.7086 4.53136 0
    endloop
  endfacet
  facet normal 0.555528 -0.831498 0
    outer loop
      vertex 57.85 4.62583 0
      vertex 57.7086 4.53136 -7.8
      vertex 57.85 4.62583 -7.8
    endloop
  endfacet
  facet normal 0.195098 -0.980784 0
    outer loop
      vertex 58.1635 4.7557 -7.8
      vertex 58.3303 4.78888 0
      vertex 58.1635 4.7557 0
    endloop
  endfacet
  facet normal 0.195098 -0.980784 0
    outer loop
      vertex 58.3303 4.78888 0
      vertex 58.1635 4.7557 -7.8
      vertex 58.3303 4.78888 -7.8
    endloop
  endfacet
  facet normal -0.997867 0.0652777 0
    outer loop
      vertex 59.7889 3.33032 -7.8
      vertex 59.8 3.5 0
      vertex 59.8 3.5 -7.8
    endloop
  endfacet
  facet normal -0.997867 0.0652777 0
    outer loop
      vertex 59.8 3.5 0
      vertex 59.7889 3.33032 -7.8
      vertex 59.7889 3.33032 0
    endloop
  endfacet
  facet normal -0.195098 0.980784 0
    outer loop
      vertex 58.8365 2.2443 -7.8
      vertex 58.6697 2.21112 0
      vertex 58.8365 2.2443 0
    endloop
  endfacet
  facet normal -0.195098 0.980784 0
    outer loop
      vertex 58.6697 2.21112 0
      vertex 58.8365 2.2443 -7.8
      vertex 58.6697 2.21112 -7.8
    endloop
  endfacet
  facet normal -0.946863 -0.321638 0
    outer loop
      vertex 59.7557 3.83646 -7.8
      vertex 59.701 3.99749 0
      vertex 59.701 3.99749 -7.8
    endloop
  endfacet
  facet normal -0.946863 -0.321638 0
    outer loop
      vertex 59.701 3.99749 0
      vertex 59.7557 3.83646 -7.8
      vertex 59.7557 3.83646 0
    endloop
  endfacet
  facet normal -0.980757 -0.195234 0
    outer loop
      vertex 59.7889 3.66968 -7.8
      vertex 59.7557 3.83646 0
      vertex 59.7557 3.83646 -7.8
    endloop
  endfacet
  facet normal -0.980757 -0.195234 0
    outer loop
      vertex 59.7557 3.83646 0
      vertex 59.7889 3.66968 -7.8
      vertex 59.7889 3.66968 0
    endloop
  endfacet
  facet normal -0.751611 -0.659607 0
    outer loop
      vertex 59.5314 4.29139 -7.8
      vertex 59.4192 4.41924 0
      vertex 59.4192 4.41924 -7.8
    endloop
  endfacet
  facet normal -0.751611 -0.659607 0
    outer loop
      vertex 59.4192 4.41924 0
      vertex 59.5314 4.29139 -7.8
      vertex 59.5314 4.29139 0
    endloop
  endfacet
  facet normal -0.195098 -0.980784 0
    outer loop
      vertex 58.6697 4.78888 -7.8
      vertex 58.8365 4.7557 0
      vertex 58.6697 4.78888 0
    endloop
  endfacet
  facet normal -0.195098 -0.980784 -0
    outer loop
      vertex 58.8365 4.7557 0
      vertex 58.6697 4.78888 -7.8
      vertex 58.8365 4.7557 -7.8
    endloop
  endfacet
  facet normal -0.0653872 -0.99786 0
    outer loop
      vertex 58.5 4.8 -7.8
      vertex 58.6697 4.78888 0
      vertex 58.5 4.8 0
    endloop
  endfacet
  facet normal -0.0653872 -0.99786 -0
    outer loop
      vertex 58.6697 4.78888 0
      vertex 58.5 4.8 -7.8
      vertex 58.6697 4.78888 -7.8
    endloop
  endfacet
  facet normal -0.442314 -0.89686 0
    outer loop
      vertex 58.9975 4.70104 -7.8
      vertex 59.15 4.62583 0
      vertex 58.9975 4.70104 0
    endloop
  endfacet
  facet normal -0.442314 -0.89686 -0
    outer loop
      vertex 59.15 4.62583 0
      vertex 58.9975 4.70104 -7.8
      vertex 59.15 4.62583 -7.8
    endloop
  endfacet
  facet normal 0.83167 -0.55527 0
    outer loop
      vertex 57.3742 4.15 0
      vertex 57.4686 4.29139 -7.8
      vertex 57.4686 4.29139 0
    endloop
  endfacet
  facet normal 0.83167 -0.55527 0
    outer loop
      vertex 57.4686 4.29139 -7.8
      vertex 57.3742 4.15 0
      vertex 57.3742 4.15 -7.8
    endloop
  endfacet
  facet normal 0.997867 0.0652777 0
    outer loop
      vertex 57.2111 3.33032 0
      vertex 57.2 3.5 -7.8
      vertex 57.2 3.5 0
    endloop
  endfacet
  facet normal 0.997867 0.0652777 0
    outer loop
      vertex 57.2 3.5 -7.8
      vertex 57.2111 3.33032 0
      vertex 57.2111 3.33032 -7.8
    endloop
  endfacet
  facet normal 0.659487 -0.751716 0
    outer loop
      vertex 57.5808 4.41924 -7.8
      vertex 57.7086 4.53136 0
      vertex 57.5808 4.41924 0
    endloop
  endfacet
  facet normal 0.659487 -0.751716 0
    outer loop
      vertex 57.7086 4.53136 0
      vertex 57.5808 4.41924 -7.8
      vertex 57.7086 4.53136 -7.8
    endloop
  endfacet
  facet normal 0.321481 -0.946916 0
    outer loop
      vertex 58.0025 4.70104 -7.8
      vertex 58.1635 4.7557 0
      vertex 58.0025 4.70104 0
    endloop
  endfacet
  facet normal 0.321481 -0.946916 0
    outer loop
      vertex 58.1635 4.7557 0
      vertex 58.0025 4.70104 -7.8
      vertex 58.1635 4.7557 -7.8
    endloop
  endfacet
  facet normal -0.555528 0.831498 0
    outer loop
      vertex 59.2914 2.46864 -7.8
      vertex 59.15 2.37417 0
      vertex 59.2914 2.46864 0
    endloop
  endfacet
  facet normal -0.555528 0.831498 0
    outer loop
      vertex 59.15 2.37417 0
      vertex 59.2914 2.46864 -7.8
      vertex 59.15 2.37417 -7.8
    endloop
  endfacet
  facet normal -0.946863 0.321638 0
    outer loop
      vertex 59.701 3.00251 -7.8
      vertex 59.7557 3.16354 0
      vertex 59.7557 3.16354 -7.8
    endloop
  endfacet
  facet normal -0.946863 0.321638 0
    outer loop
      vertex 59.7557 3.16354 0
      vertex 59.701 3.00251 -7.8
      vertex 59.701 3.00251 0
    endloop
  endfacet
  facet normal -0.896895 0.442243 0
    outer loop
      vertex 59.6258 2.85 -7.8
      vertex 59.701 3.00251 0
      vertex 59.701 3.00251 -7.8
    endloop
  endfacet
  facet normal -0.896895 0.442243 0
    outer loop
      vertex 59.701 3.00251 0
      vertex 59.6258 2.85 -7.8
      vertex 59.6258 2.85 0
    endloop
  endfacet
  facet normal 0.751611 0.659607 0
    outer loop
      vertex 57.5808 2.58076 0
      vertex 57.4686 2.70861 -7.8
      vertex 57.4686 2.70861 0
    endloop
  endfacet
  facet normal 0.751611 0.659607 0
    outer loop
      vertex 57.4686 2.70861 -7.8
      vertex 57.5808 2.58076 0
      vertex 57.5808 2.58076 -7.8
    endloop
  endfacet
  facet normal 0.83167 0.55527 0
    outer loop
      vertex 57.4686 2.70861 0
      vertex 57.3742 2.85 -7.8
      vertex 57.3742 2.85 0
    endloop
  endfacet
  facet normal 0.83167 0.55527 0
    outer loop
      vertex 57.3742 2.85 -7.8
      vertex 57.4686 2.70861 0
      vertex 57.4686 2.70861 -7.8
    endloop
  endfacet
  facet normal 0.896895 0.442243 0
    outer loop
      vertex 57.3742 2.85 0
      vertex 57.299 3.00251 -7.8
      vertex 57.299 3.00251 0
    endloop
  endfacet
  facet normal 0.896895 0.442243 0
    outer loop
      vertex 57.299 3.00251 -7.8
      vertex 57.3742 2.85 0
      vertex 57.3742 2.85 -7.8
    endloop
  endfacet
  facet normal -0.442314 0.89686 0
    outer loop
      vertex 59.15 2.37417 -7.8
      vertex 58.9975 2.29896 0
      vertex 59.15 2.37417 0
    endloop
  endfacet
  facet normal -0.442314 0.89686 0
    outer loop
      vertex 58.9975 2.29896 0
      vertex 59.15 2.37417 -7.8
      vertex 58.9975 2.29896 -7.8
    endloop
  endfacet
  facet normal -0.321481 0.946916 0
    outer loop
      vertex 58.9975 2.29896 -7.8
      vertex 58.8365 2.2443 0
      vertex 58.9975 2.29896 0
    endloop
  endfacet
  facet normal -0.321481 0.946916 0
    outer loop
      vertex 58.8365 2.2443 0
      vertex 58.9975 2.29896 -7.8
      vertex 58.8365 2.2443 -7.8
    endloop
  endfacet
  facet normal 0.980757 -0.195234 0
    outer loop
      vertex 57.2111 3.66968 0
      vertex 57.2443 3.83646 -7.8
      vertex 57.2443 3.83646 0
    endloop
  endfacet
  facet normal 0.980757 -0.195234 0
    outer loop
      vertex 57.2443 3.83646 -7.8
      vertex 57.2111 3.66968 0
      vertex 57.2111 3.66968 -7.8
    endloop
  endfacet
  facet normal -0.980757 0.195234 0
    outer loop
      vertex 59.7557 3.16354 -7.8
      vertex 59.7889 3.33032 0
      vertex 59.7889 3.33032 -7.8
    endloop
  endfacet
  facet normal -0.980757 0.195234 0
    outer loop
      vertex 59.7889 3.33032 0
      vertex 59.7557 3.16354 -7.8
      vertex 59.7557 3.16354 0
    endloop
  endfacet
  facet normal -0.0653872 0.99786 0
    outer loop
      vertex 58.6697 2.21112 -7.8
      vertex 58.5 2.2 0
      vertex 58.6697 2.21112 0
    endloop
  endfacet
  facet normal -0.0653872 0.99786 0
    outer loop
      vertex 58.5 2.2 0
      vertex 58.6697 2.21112 -7.8
      vertex 58.5 2.2 -7.8
    endloop
  endfacet
  facet normal 0.321481 0.946916 -0
    outer loop
      vertex 58.1635 2.2443 -7.8
      vertex 58.0025 2.29896 0
      vertex 58.1635 2.2443 0
    endloop
  endfacet
  facet normal 0.321481 0.946916 0
    outer loop
      vertex 58.0025 2.29896 0
      vertex 58.1635 2.2443 -7.8
      vertex 58.0025 2.29896 -7.8
    endloop
  endfacet
  facet normal 0.980757 0.195234 0
    outer loop
      vertex 57.2443 3.16354 0
      vertex 57.2111 3.33032 -7.8
      vertex 57.2111 3.33032 0
    endloop
  endfacet
  facet normal 0.980757 0.195234 0
    outer loop
      vertex 57.2111 3.33032 -7.8
      vertex 57.2443 3.16354 0
      vertex 57.2443 3.16354 -7.8
    endloop
  endfacet
  facet normal -0.659487 0.751716 0
    outer loop
      vertex 59.4192 2.58076 -7.8
      vertex 59.2914 2.46864 0
      vertex 59.4192 2.58076 0
    endloop
  endfacet
  facet normal -0.659487 0.751716 0
    outer loop
      vertex 59.2914 2.46864 0
      vertex 59.4192 2.58076 -7.8
      vertex 59.2914 2.46864 -7.8
    endloop
  endfacet
  facet normal -0.751611 0.659607 0
    outer loop
      vertex 59.4192 2.58076 -7.8
      vertex 59.5314 2.70861 0
      vertex 59.5314 2.70861 -7.8
    endloop
  endfacet
  facet normal -0.751611 0.659607 0
    outer loop
      vertex 59.5314 2.70861 0
      vertex 59.4192 2.58076 -7.8
      vertex 59.4192 2.58076 0
    endloop
  endfacet
  facet normal 0.0653872 0.99786 -0
    outer loop
      vertex 58.5 2.2 -7.8
      vertex 58.3303 2.21112 0
      vertex 58.5 2.2 0
    endloop
  endfacet
  facet normal 0.0653872 0.99786 0
    outer loop
      vertex 58.3303 2.21112 0
      vertex 58.5 2.2 -7.8
      vertex 58.3303 2.21112 -7.8
    endloop
  endfacet
  facet normal 0.555528 0.831498 -0
    outer loop
      vertex 57.85 2.37417 -7.8
      vertex 57.7086 2.46864 0
      vertex 57.85 2.37417 0
    endloop
  endfacet
  facet normal 0.555528 0.831498 0
    outer loop
      vertex 57.7086 2.46864 0
      vertex 57.85 2.37417 -7.8
      vertex 57.7086 2.46864 -7.8
    endloop
  endfacet
  facet normal 0.659487 0.751716 -0
    outer loop
      vertex 57.7086 2.46864 -7.8
      vertex 57.5808 2.58076 0
      vertex 57.7086 2.46864 0
    endloop
  endfacet
  facet normal 0.659487 0.751716 0
    outer loop
      vertex 57.5808 2.58076 0
      vertex 57.7086 2.46864 -7.8
      vertex 57.5808 2.58076 -7.8
    endloop
  endfacet
  facet normal 0.946863 0.321638 0
    outer loop
      vertex 57.299 3.00251 0
      vertex 57.2443 3.16354 -7.8
      vertex 57.2443 3.16354 0
    endloop
  endfacet
  facet normal 0.946863 0.321638 0
    outer loop
      vertex 57.2443 3.16354 -7.8
      vertex 57.299 3.00251 0
      vertex 57.299 3.00251 -7.8
    endloop
  endfacet
  facet normal 0.195098 0.980784 -0
    outer loop
      vertex 58.3303 2.21112 -7.8
      vertex 58.1635 2.2443 0
      vertex 58.3303 2.21112 0
    endloop
  endfacet
  facet normal 0.195098 0.980784 0
    outer loop
      vertex 58.1635 2.2443 0
      vertex 58.3303 2.21112 -7.8
      vertex 58.1635 2.2443 -7.8
    endloop
  endfacet
  facet normal 0.442314 0.89686 -0
    outer loop
      vertex 58.0025 2.29896 -7.8
      vertex 57.85 2.37417 0
      vertex 58.0025 2.29896 0
    endloop
  endfacet
  facet normal 0.442314 0.89686 0
    outer loop
      vertex 57.85 2.37417 0
      vertex 58.0025 2.29896 -7.8
      vertex 57.85 2.37417 -7.8
    endloop
  endfacet
  facet normal -0.99786 -0.065389 0
    outer loop
      vertex 6.6 46.5 -10.4
      vertex 6.59059 46.6436 -8.8
      vertex 6.59059 46.6436 -10.4
    endloop
  endfacet
  facet normal -0.99786 -0.065389 0
    outer loop
      vertex 6.59059 46.6436 -8.8
      vertex 6.6 46.5 -10.4
      vertex 6.6 46.5 -8.8
    endloop
  endfacet
  facet normal 0.0653289 -0.997864 0
    outer loop
      vertex 5.35642 47.5906 -10.4
      vertex 5.5 47.6 -8.8
      vertex 5.35642 47.5906 -8.8
    endloop
  endfacet
  facet normal 0.0653289 -0.997864 0
    outer loop
      vertex 5.5 47.6 -8.8
      vertex 5.35642 47.5906 -10.4
      vertex 5.5 47.6 -10.4
    endloop
  endfacet
  facet normal -0.0653289 0.997864 0
    outer loop
      vertex 5.64358 45.4094 -10.4
      vertex 5.5 45.4 -8.8
      vertex 5.64358 45.4094 -8.8
    endloop
  endfacet
  facet normal -0.0653289 0.997864 0
    outer loop
      vertex 5.5 45.4 -8.8
      vertex 5.64358 45.4094 -10.4
      vertex 5.5 45.4 -10.4
    endloop
  endfacet
  facet normal -0.659458 -0.751741 0
    outer loop
      vertex 6.16964 47.3727 -10.4
      vertex 6.27782 47.2778 -8.8
      vertex 6.16964 47.3727 -8.8
    endloop
  endfacet
  facet normal -0.659458 -0.751741 -0
    outer loop
      vertex 6.27782 47.2778 -8.8
      vertex 6.16964 47.3727 -10.4
      vertex 6.27782 47.2778 -10.4
    endloop
  endfacet
  facet normal 0.751905 -0.659272 0
    outer loop
      vertex 4.62731 47.1696 -8.8
      vertex 4.72218 47.2778 -10.4
      vertex 4.72218 47.2778 -8.8
    endloop
  endfacet
  facet normal 0.751905 -0.659272 0
    outer loop
      vertex 4.72218 47.2778 -10.4
      vertex 4.62731 47.1696 -8.8
      vertex 4.62731 47.1696 -10.4
    endloop
  endfacet
  facet normal 0.442622 -0.896708 0
    outer loop
      vertex 4.95 47.4526 -10.4
      vertex 5.07905 47.5163 -8.8
      vertex 4.95 47.4526 -8.8
    endloop
  endfacet
  facet normal 0.442622 -0.896708 0
    outer loop
      vertex 5.07905 47.5163 -8.8
      vertex 4.95 47.4526 -10.4
      vertex 5.07905 47.5163 -10.4
    endloop
  endfacet
  facet normal -0.896806 -0.442424 0
    outer loop
      vertex 6.51627 46.921 -10.4
      vertex 6.45263 47.05 -8.8
      vertex 6.45263 47.05 -10.4
    endloop
  endfacet
  facet normal -0.896806 -0.442424 0
    outer loop
      vertex 6.45263 47.05 -8.8
      vertex 6.51627 46.921 -10.4
      vertex 6.51627 46.921 -8.8
    endloop
  endfacet
  facet normal -0.980781 -0.195113 0
    outer loop
      vertex 6.59059 46.6436 -10.4
      vertex 6.56252 46.7847 -8.8
      vertex 6.56252 46.7847 -10.4
    endloop
  endfacet
  facet normal -0.980781 -0.195113 0
    outer loop
      vertex 6.56252 46.7847 -8.8
      vertex 6.59059 46.6436 -10.4
      vertex 6.59059 46.6436 -8.8
    endloop
  endfacet
  facet normal -0.831387 -0.555694 0
    outer loop
      vertex 6.45263 47.05 -10.4
      vertex 6.37269 47.1696 -8.8
      vertex 6.37269 47.1696 -10.4
    endloop
  endfacet
  facet normal -0.831387 -0.555694 0
    outer loop
      vertex 6.37269 47.1696 -8.8
      vertex 6.45263 47.05 -10.4
      vertex 6.45263 47.05 -8.8
    endloop
  endfacet
  facet normal -0.321124 -0.947037 0
    outer loop
      vertex 5.7847 47.5625 -10.4
      vertex 5.92095 47.5163 -8.8
      vertex 5.7847 47.5625 -8.8
    endloop
  endfacet
  facet normal -0.321124 -0.947037 -0
    outer loop
      vertex 5.92095 47.5163 -8.8
      vertex 5.7847 47.5625 -10.4
      vertex 5.92095 47.5163 -10.4
    endloop
  endfacet
  facet normal -0.555374 -0.831601 0
    outer loop
      vertex 6.05 47.4526 -10.4
      vertex 6.16964 47.3727 -8.8
      vertex 6.05 47.4526 -8.8
    endloop
  endfacet
  facet normal -0.555374 -0.831601 -0
    outer loop
      vertex 6.16964 47.3727 -8.8
      vertex 6.05 47.4526 -10.4
      vertex 6.16964 47.3727 -10.4
    endloop
  endfacet
  facet normal 0.896806 -0.442424 0
    outer loop
      vertex 4.48373 46.921 -8.8
      vertex 4.54737 47.05 -10.4
      vertex 4.54737 47.05 -8.8
    endloop
  endfacet
  facet normal 0.896806 -0.442424 0
    outer loop
      vertex 4.54737 47.05 -10.4
      vertex 4.48373 46.921 -8.8
      vertex 4.48373 46.921 -10.4
    endloop
  endfacet
  facet normal 0.831387 -0.555694 0
    outer loop
      vertex 4.54737 47.05 -8.8
      vertex 4.62731 47.1696 -10.4
      vertex 4.62731 47.1696 -8.8
    endloop
  endfacet
  facet normal 0.831387 -0.555694 0
    outer loop
      vertex 4.62731 47.1696 -10.4
      vertex 4.54737 47.05 -8.8
      vertex 4.54737 47.05 -10.4
    endloop
  endfacet
  facet normal 0.555374 -0.831601 0
    outer loop
      vertex 4.83036 47.3727 -10.4
      vertex 4.95 47.4526 -8.8
      vertex 4.83036 47.3727 -8.8
    endloop
  endfacet
  facet normal 0.555374 -0.831601 0
    outer loop
      vertex 4.95 47.4526 -8.8
      vertex 4.83036 47.3727 -10.4
      vertex 4.95 47.4526 -10.4
    endloop
  endfacet
  facet normal 0.195287 -0.980746 0
    outer loop
      vertex 5.2153 47.5625 -10.4
      vertex 5.35642 47.5906 -8.8
      vertex 5.2153 47.5625 -8.8
    endloop
  endfacet
  facet normal 0.195287 -0.980746 0
    outer loop
      vertex 5.35642 47.5906 -8.8
      vertex 5.2153 47.5625 -10.4
      vertex 5.35642 47.5906 -10.4
    endloop
  endfacet
  facet normal -0.946967 -0.32133 0
    outer loop
      vertex 6.56252 46.7847 -10.4
      vertex 6.51627 46.921 -8.8
      vertex 6.51627 46.921 -10.4
    endloop
  endfacet
  facet normal -0.946967 -0.32133 0
    outer loop
      vertex 6.51627 46.921 -8.8
      vertex 6.56252 46.7847 -10.4
      vertex 6.56252 46.7847 -8.8
    endloop
  endfacet
  facet normal -0.751905 -0.659272 0
    outer loop
      vertex 6.37269 47.1696 -10.4
      vertex 6.27782 47.2778 -8.8
      vertex 6.27782 47.2778 -10.4
    endloop
  endfacet
  facet normal -0.751905 -0.659272 0
    outer loop
      vertex 6.27782 47.2778 -8.8
      vertex 6.37269 47.1696 -10.4
      vertex 6.37269 47.1696 -8.8
    endloop
  endfacet
  facet normal -0.195287 -0.980746 0
    outer loop
      vertex 5.64358 47.5906 -10.4
      vertex 5.7847 47.5625 -8.8
      vertex 5.64358 47.5906 -8.8
    endloop
  endfacet
  facet normal -0.195287 -0.980746 -0
    outer loop
      vertex 5.7847 47.5625 -8.8
      vertex 5.64358 47.5906 -10.4
      vertex 5.7847 47.5625 -10.4
    endloop
  endfacet
  facet normal -0.0653289 -0.997864 0
    outer loop
      vertex 5.5 47.6 -10.4
      vertex 5.64358 47.5906 -8.8
      vertex 5.5 47.6 -8.8
    endloop
  endfacet
  facet normal -0.0653289 -0.997864 -0
    outer loop
      vertex 5.64358 47.5906 -8.8
      vertex 5.5 47.6 -10.4
      vertex 5.64358 47.5906 -10.4
    endloop
  endfacet
  facet normal 0.946967 -0.32133 0
    outer loop
      vertex 4.43748 46.7847 -8.8
      vertex 4.48373 46.921 -10.4
      vertex 4.48373 46.921 -8.8
    endloop
  endfacet
  facet normal 0.946967 -0.32133 0
    outer loop
      vertex 4.48373 46.921 -10.4
      vertex 4.43748 46.7847 -8.8
      vertex 4.43748 46.7847 -10.4
    endloop
  endfacet
  facet normal 0.99786 -0.065389 0
    outer loop
      vertex 4.4 46.5 -8.8
      vertex 4.40941 46.6436 -10.4
      vertex 4.40941 46.6436 -8.8
    endloop
  endfacet
  facet normal 0.99786 -0.065389 0
    outer loop
      vertex 4.40941 46.6436 -10.4
      vertex 4.4 46.5 -8.8
      vertex 4.4 46.5 -10.4
    endloop
  endfacet
  facet normal 0.99786 0.065389 0
    outer loop
      vertex 4.40941 46.3564 -8.8
      vertex 4.4 46.5 -10.4
      vertex 4.4 46.5 -8.8
    endloop
  endfacet
  facet normal 0.99786 0.065389 0
    outer loop
      vertex 4.4 46.5 -10.4
      vertex 4.40941 46.3564 -8.8
      vertex 4.40941 46.3564 -10.4
    endloop
  endfacet
  facet normal 0.321124 -0.947037 0
    outer loop
      vertex 5.07905 47.5163 -10.4
      vertex 5.2153 47.5625 -8.8
      vertex 5.07905 47.5163 -8.8
    endloop
  endfacet
  facet normal 0.321124 -0.947037 0
    outer loop
      vertex 5.2153 47.5625 -8.8
      vertex 5.07905 47.5163 -10.4
      vertex 5.2153 47.5625 -10.4
    endloop
  endfacet
  facet normal -0.831387 0.555694 0
    outer loop
      vertex 6.37269 45.8304 -10.4
      vertex 6.45263 45.95 -8.8
      vertex 6.45263 45.95 -10.4
    endloop
  endfacet
  facet normal -0.831387 0.555694 0
    outer loop
      vertex 6.45263 45.95 -8.8
      vertex 6.37269 45.8304 -10.4
      vertex 6.37269 45.8304 -8.8
    endloop
  endfacet
  facet normal -0.980781 0.195113 0
    outer loop
      vertex 6.56252 46.2153 -10.4
      vertex 6.59059 46.3564 -8.8
      vertex 6.59059 46.3564 -10.4
    endloop
  endfacet
  facet normal -0.980781 0.195113 0
    outer loop
      vertex 6.59059 46.3564 -8.8
      vertex 6.56252 46.2153 -10.4
      vertex 6.56252 46.2153 -8.8
    endloop
  endfacet
  facet normal 0.751905 0.659272 0
    outer loop
      vertex 4.72218 45.7222 -8.8
      vertex 4.62731 45.8304 -10.4
      vertex 4.62731 45.8304 -8.8
    endloop
  endfacet
  facet normal 0.751905 0.659272 0
    outer loop
      vertex 4.62731 45.8304 -10.4
      vertex 4.72218 45.7222 -8.8
      vertex 4.72218 45.7222 -10.4
    endloop
  endfacet
  facet normal 0.831387 0.555694 0
    outer loop
      vertex 4.62731 45.8304 -8.8
      vertex 4.54737 45.95 -10.4
      vertex 4.54737 45.95 -8.8
    endloop
  endfacet
  facet normal 0.831387 0.555694 0
    outer loop
      vertex 4.54737 45.95 -10.4
      vertex 4.62731 45.8304 -8.8
      vertex 4.62731 45.8304 -10.4
    endloop
  endfacet
  facet normal -0.555374 0.831601 0
    outer loop
      vertex 6.16964 45.6273 -10.4
      vertex 6.05 45.5474 -8.8
      vertex 6.16964 45.6273 -8.8
    endloop
  endfacet
  facet normal -0.555374 0.831601 0
    outer loop
      vertex 6.05 45.5474 -8.8
      vertex 6.16964 45.6273 -10.4
      vertex 6.05 45.5474 -10.4
    endloop
  endfacet
  facet normal -0.442622 0.896708 0
    outer loop
      vertex 6.05 45.5474 -10.4
      vertex 5.92095 45.4837 -8.8
      vertex 6.05 45.5474 -8.8
    endloop
  endfacet
  facet normal -0.442622 0.896708 0
    outer loop
      vertex 5.92095 45.4837 -8.8
      vertex 6.05 45.5474 -10.4
      vertex 5.92095 45.4837 -10.4
    endloop
  endfacet
  facet normal -0.442622 -0.896708 0
    outer loop
      vertex 5.92095 47.5163 -10.4
      vertex 6.05 47.4526 -8.8
      vertex 5.92095 47.5163 -8.8
    endloop
  endfacet
  facet normal -0.442622 -0.896708 -0
    outer loop
      vertex 6.05 47.4526 -8.8
      vertex 5.92095 47.5163 -10.4
      vertex 6.05 47.4526 -10.4
    endloop
  endfacet
  facet normal 0.980781 -0.195113 0
    outer loop
      vertex 4.40941 46.6436 -8.8
      vertex 4.43748 46.7847 -10.4
      vertex 4.43748 46.7847 -8.8
    endloop
  endfacet
  facet normal 0.980781 -0.195113 0
    outer loop
      vertex 4.43748 46.7847 -10.4
      vertex 4.40941 46.6436 -8.8
      vertex 4.40941 46.6436 -10.4
    endloop
  endfacet
  facet normal 0.659458 -0.751741 0
    outer loop
      vertex 4.72218 47.2778 -10.4
      vertex 4.83036 47.3727 -8.8
      vertex 4.72218 47.2778 -8.8
    endloop
  endfacet
  facet normal 0.659458 -0.751741 0
    outer loop
      vertex 4.83036 47.3727 -8.8
      vertex 4.72218 47.2778 -10.4
      vertex 4.83036 47.3727 -10.4
    endloop
  endfacet
  facet normal -0.946967 0.32133 0
    outer loop
      vertex 6.51627 46.079 -10.4
      vertex 6.56252 46.2153 -8.8
      vertex 6.56252 46.2153 -10.4
    endloop
  endfacet
  facet normal -0.946967 0.32133 0
    outer loop
      vertex 6.56252 46.2153 -8.8
      vertex 6.51627 46.079 -10.4
      vertex 6.51627 46.079 -8.8
    endloop
  endfacet
  facet normal -0.896806 0.442424 0
    outer loop
      vertex 6.45263 45.95 -10.4
      vertex 6.51627 46.079 -8.8
      vertex 6.51627 46.079 -10.4
    endloop
  endfacet
  facet normal -0.896806 0.442424 0
    outer loop
      vertex 6.51627 46.079 -8.8
      vertex 6.45263 45.95 -10.4
      vertex 6.45263 45.95 -8.8
    endloop
  endfacet
  facet normal -0.99786 0.065389 0
    outer loop
      vertex 6.59059 46.3564 -10.4
      vertex 6.6 46.5 -8.8
      vertex 6.6 46.5 -10.4
    endloop
  endfacet
  facet normal -0.99786 0.065389 0
    outer loop
      vertex 6.6 46.5 -8.8
      vertex 6.59059 46.3564 -10.4
      vertex 6.59059 46.3564 -8.8
    endloop
  endfacet
  facet normal 0.195287 0.980746 -0
    outer loop
      vertex 5.35642 45.4094 -10.4
      vertex 5.2153 45.4375 -8.8
      vertex 5.35642 45.4094 -8.8
    endloop
  endfacet
  facet normal 0.195287 0.980746 0
    outer loop
      vertex 5.2153 45.4375 -8.8
      vertex 5.35642 45.4094 -10.4
      vertex 5.2153 45.4375 -10.4
    endloop
  endfacet
  facet normal 0.555374 0.831601 -0
    outer loop
      vertex 4.95 45.5474 -10.4
      vertex 4.83036 45.6273 -8.8
      vertex 4.95 45.5474 -8.8
    endloop
  endfacet
  facet normal 0.555374 0.831601 0
    outer loop
      vertex 4.83036 45.6273 -8.8
      vertex 4.95 45.5474 -10.4
      vertex 4.83036 45.6273 -10.4
    endloop
  endfacet
  facet normal 0.980781 0.195113 0
    outer loop
      vertex 4.43748 46.2153 -8.8
      vertex 4.40941 46.3564 -10.4
      vertex 4.40941 46.3564 -8.8
    endloop
  endfacet
  facet normal 0.980781 0.195113 0
    outer loop
      vertex 4.40941 46.3564 -10.4
      vertex 4.43748 46.2153 -8.8
      vertex 4.43748 46.2153 -10.4
    endloop
  endfacet
  facet normal 0.946967 0.32133 0
    outer loop
      vertex 4.48373 46.079 -8.8
      vertex 4.43748 46.2153 -10.4
      vertex 4.43748 46.2153 -8.8
    endloop
  endfacet
  facet normal 0.946967 0.32133 0
    outer loop
      vertex 4.43748 46.2153 -10.4
      vertex 4.48373 46.079 -8.8
      vertex 4.48373 46.079 -10.4
    endloop
  endfacet
  facet normal 0.896806 0.442424 0
    outer loop
      vertex 4.54737 45.95 -8.8
      vertex 4.48373 46.079 -10.4
      vertex 4.48373 46.079 -8.8
    endloop
  endfacet
  facet normal 0.896806 0.442424 0
    outer loop
      vertex 4.48373 46.079 -10.4
      vertex 4.54737 45.95 -8.8
      vertex 4.54737 45.95 -10.4
    endloop
  endfacet
  facet normal -0.659458 0.751741 0
    outer loop
      vertex 6.27782 45.7222 -10.4
      vertex 6.16964 45.6273 -8.8
      vertex 6.27782 45.7222 -8.8
    endloop
  endfacet
  facet normal -0.659458 0.751741 0
    outer loop
      vertex 6.16964 45.6273 -8.8
      vertex 6.27782 45.7222 -10.4
      vertex 6.16964 45.6273 -10.4
    endloop
  endfacet
  facet normal -0.321124 0.947037 0
    outer loop
      vertex 5.92095 45.4837 -10.4
      vertex 5.7847 45.4375 -8.8
      vertex 5.92095 45.4837 -8.8
    endloop
  endfacet
  facet normal -0.321124 0.947037 0
    outer loop
      vertex 5.7847 45.4375 -8.8
      vertex 5.92095 45.4837 -10.4
      vertex 5.7847 45.4375 -10.4
    endloop
  endfacet
  facet normal -0.195287 0.980746 0
    outer loop
      vertex 5.7847 45.4375 -10.4
      vertex 5.64358 45.4094 -8.8
      vertex 5.7847 45.4375 -8.8
    endloop
  endfacet
  facet normal -0.195287 0.980746 0
    outer loop
      vertex 5.64358 45.4094 -8.8
      vertex 5.7847 45.4375 -10.4
      vertex 5.64358 45.4094 -10.4
    endloop
  endfacet
  facet normal 0.0653289 0.997864 -0
    outer loop
      vertex 5.5 45.4 -10.4
      vertex 5.35642 45.4094 -8.8
      vertex 5.5 45.4 -8.8
    endloop
  endfacet
  facet normal 0.0653289 0.997864 0
    outer loop
      vertex 5.35642 45.4094 -8.8
      vertex 5.5 45.4 -10.4
      vertex 5.35642 45.4094 -10.4
    endloop
  endfacet
  facet normal 0.442622 0.896708 -0
    outer loop
      vertex 5.07905 45.4837 -10.4
      vertex 4.95 45.5474 -8.8
      vertex 5.07905 45.4837 -8.8
    endloop
  endfacet
  facet normal 0.442622 0.896708 0
    outer loop
      vertex 4.95 45.5474 -8.8
      vertex 5.07905 45.4837 -10.4
      vertex 4.95 45.5474 -10.4
    endloop
  endfacet
  facet normal 0.659458 0.751741 -0
    outer loop
      vertex 4.83036 45.6273 -10.4
      vertex 4.72218 45.7222 -8.8
      vertex 4.83036 45.6273 -8.8
    endloop
  endfacet
  facet normal 0.659458 0.751741 0
    outer loop
      vertex 4.72218 45.7222 -8.8
      vertex 4.83036 45.6273 -10.4
      vertex 4.72218 45.7222 -10.4
    endloop
  endfacet
  facet normal -0.751905 0.659272 0
    outer loop
      vertex 6.27782 45.7222 -10.4
      vertex 6.37269 45.8304 -8.8
      vertex 6.37269 45.8304 -10.4
    endloop
  endfacet
  facet normal -0.751905 0.659272 0
    outer loop
      vertex 6.37269 45.8304 -8.8
      vertex 6.27782 45.7222 -10.4
      vertex 6.27782 45.7222 -8.8
    endloop
  endfacet
  facet normal 0.321124 0.947037 -0
    outer loop
      vertex 5.2153 45.4375 -10.4
      vertex 5.07905 45.4837 -8.8
      vertex 5.2153 45.4375 -8.8
    endloop
  endfacet
  facet normal 0.321124 0.947037 0
    outer loop
      vertex 5.07905 45.4837 -8.8
      vertex 5.2153 45.4375 -10.4
      vertex 5.07905 45.4837 -10.4
    endloop
  endfacet
  facet normal -0.99786 -0.065389 0
    outer loop
      vertex 6.6 50 -10.4
      vertex 6.59059 50.1436 -8.8
      vertex 6.59059 50.1436 -10.4
    endloop
  endfacet
  facet normal -0.99786 -0.065389 0
    outer loop
      vertex 6.59059 50.1436 -8.8
      vertex 6.6 50 -10.4
      vertex 6.6 50 -8.8
    endloop
  endfacet
  facet normal 0.0653289 -0.997864 0
    outer loop
      vertex 5.35642 51.0906 -10.4
      vertex 5.5 51.1 -8.8
      vertex 5.35642 51.0906 -8.8
    endloop
  endfacet
  facet normal 0.0653289 -0.997864 0
    outer loop
      vertex 5.5 51.1 -8.8
      vertex 5.35642 51.0906 -10.4
      vertex 5.5 51.1 -10.4
    endloop
  endfacet
  facet normal -0.0653289 0.997864 0
    outer loop
      vertex 5.64358 48.9094 -10.4
      vertex 5.5 48.9 -8.8
      vertex 5.64358 48.9094 -8.8
    endloop
  endfacet
  facet normal -0.0653289 0.997864 0
    outer loop
      vertex 5.5 48.9 -8.8
      vertex 5.64358 48.9094 -10.4
      vertex 5.5 48.9 -10.4
    endloop
  endfacet
  facet normal -0.659458 -0.751741 0
    outer loop
      vertex 6.16964 50.8727 -10.4
      vertex 6.27782 50.7778 -8.8
      vertex 6.16964 50.8727 -8.8
    endloop
  endfacet
  facet normal -0.659458 -0.751741 -0
    outer loop
      vertex 6.27782 50.7778 -8.8
      vertex 6.16964 50.8727 -10.4
      vertex 6.27782 50.7778 -10.4
    endloop
  endfacet
  facet normal 0.751905 -0.659272 0
    outer loop
      vertex 4.62731 50.6696 -8.8
      vertex 4.72218 50.7778 -10.4
      vertex 4.72218 50.7778 -8.8
    endloop
  endfacet
  facet normal 0.751905 -0.659272 0
    outer loop
      vertex 4.72218 50.7778 -10.4
      vertex 4.62731 50.6696 -8.8
      vertex 4.62731 50.6696 -10.4
    endloop
  endfacet
  facet normal 0.442622 -0.896708 0
    outer loop
      vertex 4.95 50.9526 -10.4
      vertex 5.07905 51.0163 -8.8
      vertex 4.95 50.9526 -8.8
    endloop
  endfacet
  facet normal 0.442622 -0.896708 0
    outer loop
      vertex 5.07905 51.0163 -8.8
      vertex 4.95 50.9526 -10.4
      vertex 5.07905 51.0163 -10.4
    endloop
  endfacet
  facet normal -0.896806 -0.442424 0
    outer loop
      vertex 6.51627 50.421 -10.4
      vertex 6.45263 50.55 -8.8
      vertex 6.45263 50.55 -10.4
    endloop
  endfacet
  facet normal -0.896806 -0.442424 0
    outer loop
      vertex 6.45263 50.55 -8.8
      vertex 6.51627 50.421 -10.4
      vertex 6.51627 50.421 -8.8
    endloop
  endfacet
  facet normal -0.980781 -0.195113 0
    outer loop
      vertex 6.59059 50.1436 -10.4
      vertex 6.56252 50.2847 -8.8
      vertex 6.56252 50.2847 -10.4
    endloop
  endfacet
  facet normal -0.980781 -0.195113 0
    outer loop
      vertex 6.56252 50.2847 -8.8
      vertex 6.59059 50.1436 -10.4
      vertex 6.59059 50.1436 -8.8
    endloop
  endfacet
  facet normal -0.831387 -0.555694 0
    outer loop
      vertex 6.45263 50.55 -10.4
      vertex 6.37269 50.6696 -8.8
      vertex 6.37269 50.6696 -10.4
    endloop
  endfacet
  facet normal -0.831387 -0.555694 0
    outer loop
      vertex 6.37269 50.6696 -8.8
      vertex 6.45263 50.55 -10.4
      vertex 6.45263 50.55 -8.8
    endloop
  endfacet
  facet normal -0.321124 -0.947037 0
    outer loop
      vertex 5.7847 51.0625 -10.4
      vertex 5.92095 51.0163 -8.8
      vertex 5.7847 51.0625 -8.8
    endloop
  endfacet
  facet normal -0.321124 -0.947037 -0
    outer loop
      vertex 5.92095 51.0163 -8.8
      vertex 5.7847 51.0625 -10.4
      vertex 5.92095 51.0163 -10.4
    endloop
  endfacet
  facet normal -0.555374 -0.831601 0
    outer loop
      vertex 6.05 50.9526 -10.4
      vertex 6.16964 50.8727 -8.8
      vertex 6.05 50.9526 -8.8
    endloop
  endfacet
  facet normal -0.555374 -0.831601 -0
    outer loop
      vertex 6.16964 50.8727 -8.8
      vertex 6.05 50.9526 -10.4
      vertex 6.16964 50.8727 -10.4
    endloop
  endfacet
  facet normal 0.896806 -0.442424 0
    outer loop
      vertex 4.48373 50.421 -8.8
      vertex 4.54737 50.55 -10.4
      vertex 4.54737 50.55 -8.8
    endloop
  endfacet
  facet normal 0.896806 -0.442424 0
    outer loop
      vertex 4.54737 50.55 -10.4
      vertex 4.48373 50.421 -8.8
      vertex 4.48373 50.421 -10.4
    endloop
  endfacet
  facet normal 0.831387 -0.555694 0
    outer loop
      vertex 4.54737 50.55 -8.8
      vertex 4.62731 50.6696 -10.4
      vertex 4.62731 50.6696 -8.8
    endloop
  endfacet
  facet normal 0.831387 -0.555694 0
    outer loop
      vertex 4.62731 50.6696 -10.4
      vertex 4.54737 50.55 -8.8
      vertex 4.54737 50.55 -10.4
    endloop
  endfacet
  facet normal 0.555374 -0.831601 0
    outer loop
      vertex 4.83036 50.8727 -10.4
      vertex 4.95 50.9526 -8.8
      vertex 4.83036 50.8727 -8.8
    endloop
  endfacet
  facet normal 0.555374 -0.831601 0
    outer loop
      vertex 4.95 50.9526 -8.8
      vertex 4.83036 50.8727 -10.4
      vertex 4.95 50.9526 -10.4
    endloop
  endfacet
  facet normal 0.195287 -0.980746 0
    outer loop
      vertex 5.2153 51.0625 -10.4
      vertex 5.35642 51.0906 -8.8
      vertex 5.2153 51.0625 -8.8
    endloop
  endfacet
  facet normal 0.195287 -0.980746 0
    outer loop
      vertex 5.35642 51.0906 -8.8
      vertex 5.2153 51.0625 -10.4
      vertex 5.35642 51.0906 -10.4
    endloop
  endfacet
  facet normal -0.195287 0.980746 0
    outer loop
      vertex 5.7847 48.9375 -10.4
      vertex 5.64358 48.9094 -8.8
      vertex 5.7847 48.9375 -8.8
    endloop
  endfacet
  facet normal -0.195287 0.980746 0
    outer loop
      vertex 5.64358 48.9094 -8.8
      vertex 5.7847 48.9375 -10.4
      vertex 5.64358 48.9094 -10.4
    endloop
  endfacet
  facet normal -0.946967 -0.32133 0
    outer loop
      vertex 6.56252 50.2847 -10.4
      vertex 6.51627 50.421 -8.8
      vertex 6.51627 50.421 -10.4
    endloop
  endfacet
  facet normal -0.946967 -0.32133 0
    outer loop
      vertex 6.51627 50.421 -8.8
      vertex 6.56252 50.2847 -10.4
      vertex 6.56252 50.2847 -8.8
    endloop
  endfacet
  facet normal -0.751905 -0.659272 0
    outer loop
      vertex 6.37269 50.6696 -10.4
      vertex 6.27782 50.7778 -8.8
      vertex 6.27782 50.7778 -10.4
    endloop
  endfacet
  facet normal -0.751905 -0.659272 0
    outer loop
      vertex 6.27782 50.7778 -8.8
      vertex 6.37269 50.6696 -10.4
      vertex 6.37269 50.6696 -8.8
    endloop
  endfacet
  facet normal -0.195287 -0.980746 0
    outer loop
      vertex 5.64358 51.0906 -10.4
      vertex 5.7847 51.0625 -8.8
      vertex 5.64358 51.0906 -8.8
    endloop
  endfacet
  facet normal -0.195287 -0.980746 -0
    outer loop
      vertex 5.7847 51.0625 -8.8
      vertex 5.64358 51.0906 -10.4
      vertex 5.7847 51.0625 -10.4
    endloop
  endfacet
  facet normal -0.0653289 -0.997864 0
    outer loop
      vertex 5.5 51.1 -10.4
      vertex 5.64358 51.0906 -8.8
      vertex 5.5 51.1 -8.8
    endloop
  endfacet
  facet normal -0.0653289 -0.997864 -0
    outer loop
      vertex 5.64358 51.0906 -8.8
      vertex 5.5 51.1 -10.4
      vertex 5.64358 51.0906 -10.4
    endloop
  endfacet
  facet normal 0.946967 -0.32133 0
    outer loop
      vertex 4.43748 50.2847 -8.8
      vertex 4.48373 50.421 -10.4
      vertex 4.48373 50.421 -8.8
    endloop
  endfacet
  facet normal 0.946967 -0.32133 0
    outer loop
      vertex 4.48373 50.421 -10.4
      vertex 4.43748 50.2847 -8.8
      vertex 4.43748 50.2847 -10.4
    endloop
  endfacet
  facet normal 0.99786 -0.065389 0
    outer loop
      vertex 4.4 50 -8.8
      vertex 4.40941 50.1436 -10.4
      vertex 4.40941 50.1436 -8.8
    endloop
  endfacet
  facet normal 0.99786 -0.065389 0
    outer loop
      vertex 4.40941 50.1436 -10.4
      vertex 4.4 50 -8.8
      vertex 4.4 50 -10.4
    endloop
  endfacet
  facet normal 0.99786 0.065389 0
    outer loop
      vertex 4.40941 49.8564 -8.8
      vertex 4.4 50 -10.4
      vertex 4.4 50 -8.8
    endloop
  endfacet
  facet normal 0.99786 0.065389 0
    outer loop
      vertex 4.4 50 -10.4
      vertex 4.40941 49.8564 -8.8
      vertex 4.40941 49.8564 -10.4
    endloop
  endfacet
  facet normal 0.321124 -0.947037 0
    outer loop
      vertex 5.07905 51.0163 -10.4
      vertex 5.2153 51.0625 -8.8
      vertex 5.07905 51.0163 -8.8
    endloop
  endfacet
  facet normal 0.321124 -0.947037 0
    outer loop
      vertex 5.2153 51.0625 -8.8
      vertex 5.07905 51.0163 -10.4
      vertex 5.2153 51.0625 -10.4
    endloop
  endfacet
  facet normal -0.99786 0.065389 0
    outer loop
      vertex 6.59059 49.8564 -10.4
      vertex 6.6 50 -8.8
      vertex 6.6 50 -10.4
    endloop
  endfacet
  facet normal -0.99786 0.065389 0
    outer loop
      vertex 6.6 50 -8.8
      vertex 6.59059 49.8564 -10.4
      vertex 6.59059 49.8564 -8.8
    endloop
  endfacet
  facet normal -0.831387 0.555694 0
    outer loop
      vertex 6.37269 49.3304 -10.4
      vertex 6.45263 49.45 -8.8
      vertex 6.45263 49.45 -10.4
    endloop
  endfacet
  facet normal -0.831387 0.555694 0
    outer loop
      vertex 6.45263 49.45 -8.8
      vertex 6.37269 49.3304 -10.4
      vertex 6.37269 49.3304 -8.8
    endloop
  endfacet
  facet normal -0.980781 0.195113 0
    outer loop
      vertex 6.56252 49.7153 -10.4
      vertex 6.59059 49.8564 -8.8
      vertex 6.59059 49.8564 -10.4
    endloop
  endfacet
  facet normal -0.980781 0.195113 0
    outer loop
      vertex 6.59059 49.8564 -8.8
      vertex 6.56252 49.7153 -10.4
      vertex 6.56252 49.7153 -8.8
    endloop
  endfacet
  facet normal 0.751905 0.659272 0
    outer loop
      vertex 4.72218 49.2222 -8.8
      vertex 4.62731 49.3304 -10.4
      vertex 4.62731 49.3304 -8.8
    endloop
  endfacet
  facet normal 0.751905 0.659272 0
    outer loop
      vertex 4.62731 49.3304 -10.4
      vertex 4.72218 49.2222 -8.8
      vertex 4.72218 49.2222 -10.4
    endloop
  endfacet
  facet normal 0.831387 0.555694 0
    outer loop
      vertex 4.62731 49.3304 -8.8
      vertex 4.54737 49.45 -10.4
      vertex 4.54737 49.45 -8.8
    endloop
  endfacet
  facet normal 0.831387 0.555694 0
    outer loop
      vertex 4.54737 49.45 -10.4
      vertex 4.62731 49.3304 -8.8
      vertex 4.62731 49.3304 -10.4
    endloop
  endfacet
  facet normal 0.980781 0.195113 0
    outer loop
      vertex 4.43748 49.7153 -8.8
      vertex 4.40941 49.8564 -10.4
      vertex 4.40941 49.8564 -8.8
    endloop
  endfacet
  facet normal 0.980781 0.195113 0
    outer loop
      vertex 4.40941 49.8564 -10.4
      vertex 4.43748 49.7153 -8.8
      vertex 4.43748 49.7153 -10.4
    endloop
  endfacet
  facet normal -0.555374 0.831601 0
    outer loop
      vertex 6.16964 49.1273 -10.4
      vertex 6.05 49.0474 -8.8
      vertex 6.16964 49.1273 -8.8
    endloop
  endfacet
  facet normal -0.555374 0.831601 0
    outer loop
      vertex 6.05 49.0474 -8.8
      vertex 6.16964 49.1273 -10.4
      vertex 6.05 49.0474 -10.4
    endloop
  endfacet
  facet normal -0.442622 0.896708 0
    outer loop
      vertex 6.05 49.0474 -10.4
      vertex 5.92095 48.9837 -8.8
      vertex 6.05 49.0474 -8.8
    endloop
  endfacet
  facet normal -0.442622 0.896708 0
    outer loop
      vertex 5.92095 48.9837 -8.8
      vertex 6.05 49.0474 -10.4
      vertex 5.92095 48.9837 -10.4
    endloop
  endfacet
  facet normal -0.442622 -0.896708 0
    outer loop
      vertex 5.92095 51.0163 -10.4
      vertex 6.05 50.9526 -8.8
      vertex 5.92095 51.0163 -8.8
    endloop
  endfacet
  facet normal -0.442622 -0.896708 -0
    outer loop
      vertex 6.05 50.9526 -8.8
      vertex 5.92095 51.0163 -10.4
      vertex 6.05 50.9526 -10.4
    endloop
  endfacet
  facet normal 0.980781 -0.195113 0
    outer loop
      vertex 4.40941 50.1436 -8.8
      vertex 4.43748 50.2847 -10.4
      vertex 4.43748 50.2847 -8.8
    endloop
  endfacet
  facet normal 0.980781 -0.195113 0
    outer loop
      vertex 4.43748 50.2847 -10.4
      vertex 4.40941 50.1436 -8.8
      vertex 4.40941 50.1436 -10.4
    endloop
  endfacet
  facet normal 0.659458 -0.751741 0
    outer loop
      vertex 4.72218 50.7778 -10.4
      vertex 4.83036 50.8727 -8.8
      vertex 4.72218 50.7778 -8.8
    endloop
  endfacet
  facet normal 0.659458 -0.751741 0
    outer loop
      vertex 4.83036 50.8727 -8.8
      vertex 4.72218 50.7778 -10.4
      vertex 4.83036 50.8727 -10.4
    endloop
  endfacet
  facet normal -0.946967 0.32133 0
    outer loop
      vertex 6.51627 49.579 -10.4
      vertex 6.56252 49.7153 -8.8
      vertex 6.56252 49.7153 -10.4
    endloop
  endfacet
  facet normal -0.946967 0.32133 0
    outer loop
      vertex 6.56252 49.7153 -8.8
      vertex 6.51627 49.579 -10.4
      vertex 6.51627 49.579 -8.8
    endloop
  endfacet
  facet normal -0.896806 0.442424 0
    outer loop
      vertex 6.45263 49.45 -10.4
      vertex 6.51627 49.579 -8.8
      vertex 6.51627 49.579 -10.4
    endloop
  endfacet
  facet normal -0.896806 0.442424 0
    outer loop
      vertex 6.51627 49.579 -8.8
      vertex 6.45263 49.45 -10.4
      vertex 6.45263 49.45 -8.8
    endloop
  endfacet
  facet normal 0.195287 0.980746 -0
    outer loop
      vertex 5.35642 48.9094 -10.4
      vertex 5.2153 48.9375 -8.8
      vertex 5.35642 48.9094 -8.8
    endloop
  endfacet
  facet normal 0.195287 0.980746 0
    outer loop
      vertex 5.2153 48.9375 -8.8
      vertex 5.35642 48.9094 -10.4
      vertex 5.2153 48.9375 -10.4
    endloop
  endfacet
  facet normal 0.555374 0.831601 -0
    outer loop
      vertex 4.95 49.0474 -10.4
      vertex 4.83036 49.1273 -8.8
      vertex 4.95 49.0474 -8.8
    endloop
  endfacet
  facet normal 0.555374 0.831601 0
    outer loop
      vertex 4.83036 49.1273 -8.8
      vertex 4.95 49.0474 -10.4
      vertex 4.83036 49.1273 -10.4
    endloop
  endfacet
  facet normal 0.946967 0.32133 0
    outer loop
      vertex 4.48373 49.579 -8.8
      vertex 4.43748 49.7153 -10.4
      vertex 4.43748 49.7153 -8.8
    endloop
  endfacet
  facet normal 0.946967 0.32133 0
    outer loop
      vertex 4.43748 49.7153 -10.4
      vertex 4.48373 49.579 -8.8
      vertex 4.48373 49.579 -10.4
    endloop
  endfacet
  facet normal 0.896806 0.442424 0
    outer loop
      vertex 4.54737 49.45 -8.8
      vertex 4.48373 49.579 -10.4
      vertex 4.48373 49.579 -8.8
    endloop
  endfacet
  facet normal 0.896806 0.442424 0
    outer loop
      vertex 4.48373 49.579 -10.4
      vertex 4.54737 49.45 -8.8
      vertex 4.54737 49.45 -10.4
    endloop
  endfacet
  facet normal -0.659458 0.751741 0
    outer loop
      vertex 6.27782 49.2222 -10.4
      vertex 6.16964 49.1273 -8.8
      vertex 6.27782 49.2222 -8.8
    endloop
  endfacet
  facet normal -0.659458 0.751741 0
    outer loop
      vertex 6.16964 49.1273 -8.8
      vertex 6.27782 49.2222 -10.4
      vertex 6.16964 49.1273 -10.4
    endloop
  endfacet
  facet normal -0.321124 0.947037 0
    outer loop
      vertex 5.92095 48.9837 -10.4
      vertex 5.7847 48.9375 -8.8
      vertex 5.92095 48.9837 -8.8
    endloop
  endfacet
  facet normal -0.321124 0.947037 0
    outer loop
      vertex 5.7847 48.9375 -8.8
      vertex 5.92095 48.9837 -10.4
      vertex 5.7847 48.9375 -10.4
    endloop
  endfacet
  facet normal 0.0653289 0.997864 -0
    outer loop
      vertex 5.5 48.9 -10.4
      vertex 5.35642 48.9094 -8.8
      vertex 5.5 48.9 -8.8
    endloop
  endfacet
  facet normal 0.0653289 0.997864 0
    outer loop
      vertex 5.35642 48.9094 -8.8
      vertex 5.5 48.9 -10.4
      vertex 5.35642 48.9094 -10.4
    endloop
  endfacet
  facet normal 0.442622 0.896708 -0
    outer loop
      vertex 5.07905 48.9837 -10.4
      vertex 4.95 49.0474 -8.8
      vertex 5.07905 48.9837 -8.8
    endloop
  endfacet
  facet normal 0.442622 0.896708 0
    outer loop
      vertex 4.95 49.0474 -8.8
      vertex 5.07905 48.9837 -10.4
      vertex 4.95 49.0474 -10.4
    endloop
  endfacet
  facet normal 0.659458 0.751741 -0
    outer loop
      vertex 4.83036 49.1273 -10.4
      vertex 4.72218 49.2222 -8.8
      vertex 4.83036 49.1273 -8.8
    endloop
  endfacet
  facet normal 0.659458 0.751741 0
    outer loop
      vertex 4.72218 49.2222 -8.8
      vertex 4.83036 49.1273 -10.4
      vertex 4.72218 49.2222 -10.4
    endloop
  endfacet
  facet normal -0.751905 0.659272 0
    outer loop
      vertex 6.27782 49.2222 -10.4
      vertex 6.37269 49.3304 -8.8
      vertex 6.37269 49.3304 -10.4
    endloop
  endfacet
  facet normal -0.751905 0.659272 0
    outer loop
      vertex 6.37269 49.3304 -8.8
      vertex 6.27782 49.2222 -10.4
      vertex 6.27782 49.2222 -8.8
    endloop
  endfacet
  facet normal 0.321124 0.947037 -0
    outer loop
      vertex 5.2153 48.9375 -10.4
      vertex 5.07905 48.9837 -8.8
      vertex 5.2153 48.9375 -8.8
    endloop
  endfacet
  facet normal 0.321124 0.947037 0
    outer loop
      vertex 5.07905 48.9837 -8.8
      vertex 5.2153 48.9375 -10.4
      vertex 5.07905 48.9837 -10.4
    endloop
  endfacet
  facet normal -0.99786 -0.065389 0
    outer loop
      vertex 6.6 53.5 -10.4
      vertex 6.59059 53.6436 -8.8
      vertex 6.59059 53.6436 -10.4
    endloop
  endfacet
  facet normal -0.99786 -0.065389 0
    outer loop
      vertex 6.59059 53.6436 -8.8
      vertex 6.6 53.5 -10.4
      vertex 6.6 53.5 -8.8
    endloop
  endfacet
  facet normal 0.0653289 -0.997864 0
    outer loop
      vertex 5.35642 54.5906 -10.4
      vertex 5.5 54.6 -8.8
      vertex 5.35642 54.5906 -8.8
    endloop
  endfacet
  facet normal 0.0653289 -0.997864 0
    outer loop
      vertex 5.5 54.6 -8.8
      vertex 5.35642 54.5906 -10.4
      vertex 5.5 54.6 -10.4
    endloop
  endfacet
  facet normal -0.0653289 0.997864 0
    outer loop
      vertex 5.64358 52.4094 -10.4
      vertex 5.5 52.4 -8.8
      vertex 5.64358 52.4094 -8.8
    endloop
  endfacet
  facet normal -0.0653289 0.997864 0
    outer loop
      vertex 5.5 52.4 -8.8
      vertex 5.64358 52.4094 -10.4
      vertex 5.5 52.4 -10.4
    endloop
  endfacet
  facet normal -0.751905 0.659272 0
    outer loop
      vertex 6.27782 52.7222 -10.4
      vertex 6.37269 52.8304 -8.8
      vertex 6.37269 52.8304 -10.4
    endloop
  endfacet
  facet normal -0.751905 0.659272 0
    outer loop
      vertex 6.37269 52.8304 -8.8
      vertex 6.27782 52.7222 -10.4
      vertex 6.27782 52.7222 -8.8
    endloop
  endfacet
  facet normal -0.659458 -0.751741 0
    outer loop
      vertex 6.16964 54.3727 -10.4
      vertex 6.27782 54.2778 -8.8
      vertex 6.16964 54.3727 -8.8
    endloop
  endfacet
  facet normal -0.659458 -0.751741 -0
    outer loop
      vertex 6.27782 54.2778 -8.8
      vertex 6.16964 54.3727 -10.4
      vertex 6.27782 54.2778 -10.4
    endloop
  endfacet
  facet normal 0.751905 -0.659272 0
    outer loop
      vertex 4.62731 54.1696 -8.8
      vertex 4.72218 54.2778 -10.4
      vertex 4.72218 54.2778 -8.8
    endloop
  endfacet
  facet normal 0.751905 -0.659272 0
    outer loop
      vertex 4.72218 54.2778 -10.4
      vertex 4.62731 54.1696 -8.8
      vertex 4.62731 54.1696 -10.4
    endloop
  endfacet
  facet normal 0.442622 -0.896708 0
    outer loop
      vertex 4.95 54.4526 -10.4
      vertex 5.07905 54.5163 -8.8
      vertex 4.95 54.4526 -8.8
    endloop
  endfacet
  facet normal 0.442622 -0.896708 0
    outer loop
      vertex 5.07905 54.5163 -8.8
      vertex 4.95 54.4526 -10.4
      vertex 5.07905 54.5163 -10.4
    endloop
  endfacet
  facet normal -0.946967 0.32133 0
    outer loop
      vertex 6.51627 53.079 -10.4
      vertex 6.56252 53.2153 -8.8
      vertex 6.56252 53.2153 -10.4
    endloop
  endfacet
  facet normal -0.946967 0.32133 0
    outer loop
      vertex 6.56252 53.2153 -8.8
      vertex 6.51627 53.079 -10.4
      vertex 6.51627 53.079 -8.8
    endloop
  endfacet
  facet normal -0.896806 -0.442424 0
    outer loop
      vertex 6.51627 53.921 -10.4
      vertex 6.45263 54.05 -8.8
      vertex 6.45263 54.05 -10.4
    endloop
  endfacet
  facet normal -0.896806 -0.442424 0
    outer loop
      vertex 6.45263 54.05 -8.8
      vertex 6.51627 53.921 -10.4
      vertex 6.51627 53.921 -8.8
    endloop
  endfacet
  facet normal -0.980781 -0.195113 0
    outer loop
      vertex 6.59059 53.6436 -10.4
      vertex 6.56252 53.7847 -8.8
      vertex 6.56252 53.7847 -10.4
    endloop
  endfacet
  facet normal -0.980781 -0.195113 0
    outer loop
      vertex 6.56252 53.7847 -8.8
      vertex 6.59059 53.6436 -10.4
      vertex 6.59059 53.6436 -8.8
    endloop
  endfacet
  facet normal -0.831387 -0.555694 0
    outer loop
      vertex 6.45263 54.05 -10.4
      vertex 6.37269 54.1696 -8.8
      vertex 6.37269 54.1696 -10.4
    endloop
  endfacet
  facet normal -0.831387 -0.555694 0
    outer loop
      vertex 6.37269 54.1696 -8.8
      vertex 6.45263 54.05 -10.4
      vertex 6.45263 54.05 -8.8
    endloop
  endfacet
  facet normal -0.321124 -0.947037 0
    outer loop
      vertex 5.7847 54.5625 -10.4
      vertex 5.92095 54.5163 -8.8
      vertex 5.7847 54.5625 -8.8
    endloop
  endfacet
  facet normal -0.321124 -0.947037 -0
    outer loop
      vertex 5.92095 54.5163 -8.8
      vertex 5.7847 54.5625 -10.4
      vertex 5.92095 54.5163 -10.4
    endloop
  endfacet
  facet normal -0.555374 -0.831601 0
    outer loop
      vertex 6.05 54.4526 -10.4
      vertex 6.16964 54.3727 -8.8
      vertex 6.05 54.4526 -8.8
    endloop
  endfacet
  facet normal -0.555374 -0.831601 -0
    outer loop
      vertex 6.16964 54.3727 -8.8
      vertex 6.05 54.4526 -10.4
      vertex 6.16964 54.3727 -10.4
    endloop
  endfacet
  facet normal 0.946967 -0.32133 0
    outer loop
      vertex 4.43748 53.7847 -8.8
      vertex 4.48373 53.921 -10.4
      vertex 4.48373 53.921 -8.8
    endloop
  endfacet
  facet normal 0.946967 -0.32133 0
    outer loop
      vertex 4.48373 53.921 -10.4
      vertex 4.43748 53.7847 -8.8
      vertex 4.43748 53.7847 -10.4
    endloop
  endfacet
  facet normal 0.831387 -0.555694 0
    outer loop
      vertex 4.54737 54.05 -8.8
      vertex 4.62731 54.1696 -10.4
      vertex 4.62731 54.1696 -8.8
    endloop
  endfacet
  facet normal 0.831387 -0.555694 0
    outer loop
      vertex 4.62731 54.1696 -10.4
      vertex 4.54737 54.05 -8.8
      vertex 4.54737 54.05 -10.4
    endloop
  endfacet
  facet normal 0.555374 -0.831601 0
    outer loop
      vertex 4.83036 54.3727 -10.4
      vertex 4.95 54.4526 -8.8
      vertex 4.83036 54.3727 -8.8
    endloop
  endfacet
  facet normal 0.555374 -0.831601 0
    outer loop
      vertex 4.95 54.4526 -8.8
      vertex 4.83036 54.3727 -10.4
      vertex 4.95 54.4526 -10.4
    endloop
  endfacet
  facet normal 0.195287 -0.980746 0
    outer loop
      vertex 5.2153 54.5625 -10.4
      vertex 5.35642 54.5906 -8.8
      vertex 5.2153 54.5625 -8.8
    endloop
  endfacet
  facet normal 0.195287 -0.980746 0
    outer loop
      vertex 5.35642 54.5906 -8.8
      vertex 5.2153 54.5625 -10.4
      vertex 5.35642 54.5906 -10.4
    endloop
  endfacet
  facet normal -0.946967 -0.32133 0
    outer loop
      vertex 6.56252 53.7847 -10.4
      vertex 6.51627 53.921 -8.8
      vertex 6.51627 53.921 -10.4
    endloop
  endfacet
  facet normal -0.946967 -0.32133 0
    outer loop
      vertex 6.51627 53.921 -8.8
      vertex 6.56252 53.7847 -10.4
      vertex 6.56252 53.7847 -8.8
    endloop
  endfacet
  facet normal -0.751905 -0.659272 0
    outer loop
      vertex 6.37269 54.1696 -10.4
      vertex 6.27782 54.2778 -8.8
      vertex 6.27782 54.2778 -10.4
    endloop
  endfacet
  facet normal -0.751905 -0.659272 0
    outer loop
      vertex 6.27782 54.2778 -8.8
      vertex 6.37269 54.1696 -10.4
      vertex 6.37269 54.1696 -8.8
    endloop
  endfacet
  facet normal -0.195287 -0.980746 0
    outer loop
      vertex 5.64358 54.5906 -10.4
      vertex 5.7847 54.5625 -8.8
      vertex 5.64358 54.5906 -8.8
    endloop
  endfacet
  facet normal -0.195287 -0.980746 -0
    outer loop
      vertex 5.7847 54.5625 -8.8
      vertex 5.64358 54.5906 -10.4
      vertex 5.7847 54.5625 -10.4
    endloop
  endfacet
  facet normal -0.0653289 -0.997864 0
    outer loop
      vertex 5.5 54.6 -10.4
      vertex 5.64358 54.5906 -8.8
      vertex 5.5 54.6 -8.8
    endloop
  endfacet
  facet normal -0.0653289 -0.997864 -0
    outer loop
      vertex 5.64358 54.5906 -8.8
      vertex 5.5 54.6 -10.4
      vertex 5.64358 54.5906 -10.4
    endloop
  endfacet
  facet normal -0.442622 -0.896708 0
    outer loop
      vertex 5.92095 54.5163 -10.4
      vertex 6.05 54.4526 -8.8
      vertex 5.92095 54.5163 -8.8
    endloop
  endfacet
  facet normal -0.442622 -0.896708 -0
    outer loop
      vertex 6.05 54.4526 -8.8
      vertex 5.92095 54.5163 -10.4
      vertex 6.05 54.4526 -10.4
    endloop
  endfacet
  facet normal 0.896806 -0.442424 0
    outer loop
      vertex 4.48373 53.921 -8.8
      vertex 4.54737 54.05 -10.4
      vertex 4.54737 54.05 -8.8
    endloop
  endfacet
  facet normal 0.896806 -0.442424 0
    outer loop
      vertex 4.54737 54.05 -10.4
      vertex 4.48373 53.921 -8.8
      vertex 4.48373 53.921 -10.4
    endloop
  endfacet
  facet normal 0.980781 -0.195113 0
    outer loop
      vertex 4.40941 53.6436 -8.8
      vertex 4.43748 53.7847 -10.4
      vertex 4.43748 53.7847 -8.8
    endloop
  endfacet
  facet normal 0.980781 -0.195113 0
    outer loop
      vertex 4.43748 53.7847 -10.4
      vertex 4.40941 53.6436 -8.8
      vertex 4.40941 53.6436 -10.4
    endloop
  endfacet
  facet normal 0.99786 -0.065389 0
    outer loop
      vertex 4.4 53.5 -8.8
      vertex 4.40941 53.6436 -10.4
      vertex 4.40941 53.6436 -8.8
    endloop
  endfacet
  facet normal 0.99786 -0.065389 0
    outer loop
      vertex 4.40941 53.6436 -10.4
      vertex 4.4 53.5 -8.8
      vertex 4.4 53.5 -10.4
    endloop
  endfacet
  facet normal 0.99786 0.065389 0
    outer loop
      vertex 4.40941 53.3564 -8.8
      vertex 4.4 53.5 -10.4
      vertex 4.4 53.5 -8.8
    endloop
  endfacet
  facet normal 0.99786 0.065389 0
    outer loop
      vertex 4.4 53.5 -10.4
      vertex 4.40941 53.3564 -8.8
      vertex 4.40941 53.3564 -10.4
    endloop
  endfacet
  facet normal 0.659458 -0.751741 0
    outer loop
      vertex 4.72218 54.2778 -10.4
      vertex 4.83036 54.3727 -8.8
      vertex 4.72218 54.2778 -8.8
    endloop
  endfacet
  facet normal 0.659458 -0.751741 0
    outer loop
      vertex 4.83036 54.3727 -8.8
      vertex 4.72218 54.2778 -10.4
      vertex 4.83036 54.3727 -10.4
    endloop
  endfacet
  facet normal 0.321124 -0.947037 0
    outer loop
      vertex 5.07905 54.5163 -10.4
      vertex 5.2153 54.5625 -8.8
      vertex 5.07905 54.5163 -8.8
    endloop
  endfacet
  facet normal 0.321124 -0.947037 0
    outer loop
      vertex 5.2153 54.5625 -8.8
      vertex 5.07905 54.5163 -10.4
      vertex 5.2153 54.5625 -10.4
    endloop
  endfacet
  facet normal -0.831387 0.555694 0
    outer loop
      vertex 6.37269 52.8304 -10.4
      vertex 6.45263 52.95 -8.8
      vertex 6.45263 52.95 -10.4
    endloop
  endfacet
  facet normal -0.831387 0.555694 0
    outer loop
      vertex 6.45263 52.95 -8.8
      vertex 6.37269 52.8304 -10.4
      vertex 6.37269 52.8304 -8.8
    endloop
  endfacet
  facet normal -0.980781 0.195113 0
    outer loop
      vertex 6.56252 53.2153 -10.4
      vertex 6.59059 53.3564 -8.8
      vertex 6.59059 53.3564 -10.4
    endloop
  endfacet
  facet normal -0.980781 0.195113 0
    outer loop
      vertex 6.59059 53.3564 -8.8
      vertex 6.56252 53.2153 -10.4
      vertex 6.56252 53.2153 -8.8
    endloop
  endfacet
  facet normal 0.555374 0.831601 -0
    outer loop
      vertex 4.95 52.5474 -10.4
      vertex 4.83036 52.6273 -8.8
      vertex 4.95 52.5474 -8.8
    endloop
  endfacet
  facet normal 0.555374 0.831601 0
    outer loop
      vertex 4.83036 52.6273 -8.8
      vertex 4.95 52.5474 -10.4
      vertex 4.83036 52.6273 -10.4
    endloop
  endfacet
  facet normal 0.831387 0.555694 0
    outer loop
      vertex 4.62731 52.8304 -8.8
      vertex 4.54737 52.95 -10.4
      vertex 4.54737 52.95 -8.8
    endloop
  endfacet
  facet normal 0.831387 0.555694 0
    outer loop
      vertex 4.54737 52.95 -10.4
      vertex 4.62731 52.8304 -8.8
      vertex 4.62731 52.8304 -10.4
    endloop
  endfacet
  facet normal 0.751905 0.659272 0
    outer loop
      vertex 4.72218 52.7222 -8.8
      vertex 4.62731 52.8304 -10.4
      vertex 4.62731 52.8304 -8.8
    endloop
  endfacet
  facet normal 0.751905 0.659272 0
    outer loop
      vertex 4.62731 52.8304 -10.4
      vertex 4.72218 52.7222 -8.8
      vertex 4.72218 52.7222 -10.4
    endloop
  endfacet
  facet normal -0.555374 0.831601 0
    outer loop
      vertex 6.16964 52.6273 -10.4
      vertex 6.05 52.5474 -8.8
      vertex 6.16964 52.6273 -8.8
    endloop
  endfacet
  facet normal -0.555374 0.831601 0
    outer loop
      vertex 6.05 52.5474 -8.8
      vertex 6.16964 52.6273 -10.4
      vertex 6.05 52.5474 -10.4
    endloop
  endfacet
  facet normal -0.896806 0.442424 0
    outer loop
      vertex 6.45263 52.95 -10.4
      vertex 6.51627 53.079 -8.8
      vertex 6.51627 53.079 -10.4
    endloop
  endfacet
  facet normal -0.896806 0.442424 0
    outer loop
      vertex 6.51627 53.079 -8.8
      vertex 6.45263 52.95 -10.4
      vertex 6.45263 52.95 -8.8
    endloop
  endfacet
  facet normal -0.99786 0.065389 0
    outer loop
      vertex 6.59059 53.3564 -10.4
      vertex 6.6 53.5 -8.8
      vertex 6.6 53.5 -10.4
    endloop
  endfacet
  facet normal -0.99786 0.065389 0
    outer loop
      vertex 6.6 53.5 -8.8
      vertex 6.59059 53.3564 -10.4
      vertex 6.59059 53.3564 -8.8
    endloop
  endfacet
  facet normal 0.195287 0.980746 -0
    outer loop
      vertex 5.35642 52.4094 -10.4
      vertex 5.2153 52.4375 -8.8
      vertex 5.35642 52.4094 -8.8
    endloop
  endfacet
  facet normal 0.195287 0.980746 0
    outer loop
      vertex 5.2153 52.4375 -8.8
      vertex 5.35642 52.4094 -10.4
      vertex 5.2153 52.4375 -10.4
    endloop
  endfacet
  facet normal 0.659458 0.751741 -0
    outer loop
      vertex 4.83036 52.6273 -10.4
      vertex 4.72218 52.7222 -8.8
      vertex 4.83036 52.6273 -8.8
    endloop
  endfacet
  facet normal 0.659458 0.751741 0
    outer loop
      vertex 4.72218 52.7222 -8.8
      vertex 4.83036 52.6273 -10.4
      vertex 4.72218 52.7222 -10.4
    endloop
  endfacet
  facet normal 0.946967 0.32133 0
    outer loop
      vertex 4.48373 53.079 -8.8
      vertex 4.43748 53.2153 -10.4
      vertex 4.43748 53.2153 -8.8
    endloop
  endfacet
  facet normal 0.946967 0.32133 0
    outer loop
      vertex 4.43748 53.2153 -10.4
      vertex 4.48373 53.079 -8.8
      vertex 4.48373 53.079 -10.4
    endloop
  endfacet
  facet normal 0.980781 0.195113 0
    outer loop
      vertex 4.43748 53.2153 -8.8
      vertex 4.40941 53.3564 -10.4
      vertex 4.40941 53.3564 -8.8
    endloop
  endfacet
  facet normal 0.980781 0.195113 0
    outer loop
      vertex 4.40941 53.3564 -10.4
      vertex 4.43748 53.2153 -8.8
      vertex 4.43748 53.2153 -10.4
    endloop
  endfacet
  facet normal 0.896806 0.442424 0
    outer loop
      vertex 4.54737 52.95 -8.8
      vertex 4.48373 53.079 -10.4
      vertex 4.48373 53.079 -8.8
    endloop
  endfacet
  facet normal 0.896806 0.442424 0
    outer loop
      vertex 4.48373 53.079 -10.4
      vertex 4.54737 52.95 -8.8
      vertex 4.54737 52.95 -10.4
    endloop
  endfacet
  facet normal -0.659458 0.751741 0
    outer loop
      vertex 6.27782 52.7222 -10.4
      vertex 6.16964 52.6273 -8.8
      vertex 6.27782 52.7222 -8.8
    endloop
  endfacet
  facet normal -0.659458 0.751741 0
    outer loop
      vertex 6.16964 52.6273 -8.8
      vertex 6.27782 52.7222 -10.4
      vertex 6.16964 52.6273 -10.4
    endloop
  endfacet
  facet normal -0.442622 0.896708 0
    outer loop
      vertex 6.05 52.5474 -10.4
      vertex 5.92095 52.4837 -8.8
      vertex 6.05 52.5474 -8.8
    endloop
  endfacet
  facet normal -0.442622 0.896708 0
    outer loop
      vertex 5.92095 52.4837 -8.8
      vertex 6.05 52.5474 -10.4
      vertex 5.92095 52.4837 -10.4
    endloop
  endfacet
  facet normal -0.321124 0.947037 0
    outer loop
      vertex 5.92095 52.4837 -10.4
      vertex 5.7847 52.4375 -8.8
      vertex 5.92095 52.4837 -8.8
    endloop
  endfacet
  facet normal -0.321124 0.947037 0
    outer loop
      vertex 5.7847 52.4375 -8.8
      vertex 5.92095 52.4837 -10.4
      vertex 5.7847 52.4375 -10.4
    endloop
  endfacet
  facet normal -0.195287 0.980746 0
    outer loop
      vertex 5.7847 52.4375 -10.4
      vertex 5.64358 52.4094 -8.8
      vertex 5.7847 52.4375 -8.8
    endloop
  endfacet
  facet normal -0.195287 0.980746 0
    outer loop
      vertex 5.64358 52.4094 -8.8
      vertex 5.7847 52.4375 -10.4
      vertex 5.64358 52.4094 -10.4
    endloop
  endfacet
  facet normal 0.0653289 0.997864 -0
    outer loop
      vertex 5.5 52.4 -10.4
      vertex 5.35642 52.4094 -8.8
      vertex 5.5 52.4 -8.8
    endloop
  endfacet
  facet normal 0.0653289 0.997864 0
    outer loop
      vertex 5.35642 52.4094 -8.8
      vertex 5.5 52.4 -10.4
      vertex 5.35642 52.4094 -10.4
    endloop
  endfacet
  facet normal 0.442622 0.896708 -0
    outer loop
      vertex 5.07905 52.4837 -10.4
      vertex 4.95 52.5474 -8.8
      vertex 5.07905 52.4837 -8.8
    endloop
  endfacet
  facet normal 0.442622 0.896708 0
    outer loop
      vertex 4.95 52.5474 -8.8
      vertex 5.07905 52.4837 -10.4
      vertex 4.95 52.5474 -10.4
    endloop
  endfacet
  facet normal 0.321124 0.947037 -0
    outer loop
      vertex 5.2153 52.4375 -10.4
      vertex 5.07905 52.4837 -8.8
      vertex 5.2153 52.4375 -8.8
    endloop
  endfacet
  facet normal 0.321124 0.947037 0
    outer loop
      vertex 5.07905 52.4837 -8.8
      vertex 5.2153 52.4375 -10.4
      vertex 5.07905 52.4837 -10.4
    endloop
  endfacet
  facet normal -0.997864 -0.0653198 0
    outer loop
      vertex 10.1 46.5 -10.4
      vertex 10.0906 46.6436 -8.8
      vertex 10.0906 46.6436 -10.4
    endloop
  endfacet
  facet normal -0.997864 -0.0653198 0
    outer loop
      vertex 10.0906 46.6436 -8.8
      vertex 10.1 46.5 -10.4
      vertex 10.1 46.5 -8.8
    endloop
  endfacet
  facet normal 0.0653289 -0.997864 0
    outer loop
      vertex 8.85642 47.5906 -10.4
      vertex 9 47.6 -8.8
      vertex 8.85642 47.5906 -8.8
    endloop
  endfacet
  facet normal 0.0653289 -0.997864 0
    outer loop
      vertex 9 47.6 -8.8
      vertex 8.85642 47.5906 -10.4
      vertex 9 47.6 -10.4
    endloop
  endfacet
  facet normal -0.0653289 0.997864 0
    outer loop
      vertex 9.14358 45.4094 -10.4
      vertex 9 45.4 -8.8
      vertex 9.14358 45.4094 -8.8
    endloop
  endfacet
  facet normal -0.0653289 0.997864 0
    outer loop
      vertex 9 45.4 -8.8
      vertex 9.14358 45.4094 -10.4
      vertex 9 45.4 -10.4
    endloop
  endfacet
  facet normal -0.751905 0.659272 0
    outer loop
      vertex 9.77782 45.7222 -10.4
      vertex 9.87269 45.8304 -8.8
      vertex 9.87269 45.8304 -10.4
    endloop
  endfacet
  facet normal -0.751905 0.659272 0
    outer loop
      vertex 9.87269 45.8304 -8.8
      vertex 9.77782 45.7222 -10.4
      vertex 9.77782 45.7222 -8.8
    endloop
  endfacet
  facet normal -0.659458 -0.751741 0
    outer loop
      vertex 9.66964 47.3727 -10.4
      vertex 9.77782 47.2778 -8.8
      vertex 9.66964 47.3727 -8.8
    endloop
  endfacet
  facet normal -0.659458 -0.751741 -0
    outer loop
      vertex 9.77782 47.2778 -8.8
      vertex 9.66964 47.3727 -10.4
      vertex 9.77782 47.2778 -10.4
    endloop
  endfacet
  facet normal 0.751905 -0.659272 0
    outer loop
      vertex 8.12731 47.1696 -8.8
      vertex 8.22218 47.2778 -10.4
      vertex 8.22218 47.2778 -8.8
    endloop
  endfacet
  facet normal 0.751905 -0.659272 0
    outer loop
      vertex 8.22218 47.2778 -10.4
      vertex 8.12731 47.1696 -8.8
      vertex 8.12731 47.1696 -10.4
    endloop
  endfacet
  facet normal 0.442622 -0.896708 0
    outer loop
      vertex 8.45 47.4526 -10.4
      vertex 8.57905 47.5163 -8.8
      vertex 8.45 47.4526 -8.8
    endloop
  endfacet
  facet normal 0.442622 -0.896708 0
    outer loop
      vertex 8.57905 47.5163 -8.8
      vertex 8.45 47.4526 -10.4
      vertex 8.57905 47.5163 -10.4
    endloop
  endfacet
  facet normal -0.896723 -0.442592 0
    outer loop
      vertex 10.0163 46.921 -10.4
      vertex 9.95263 47.05 -8.8
      vertex 9.95263 47.05 -10.4
    endloop
  endfacet
  facet normal -0.896723 -0.442592 0
    outer loop
      vertex 9.95263 47.05 -8.8
      vertex 10.0163 46.921 -10.4
      vertex 10.0163 46.921 -8.8
    endloop
  endfacet
  facet normal -0.980741 -0.195314 0
    outer loop
      vertex 10.0906 46.6436 -10.4
      vertex 10.0625 46.7847 -8.8
      vertex 10.0625 46.7847 -10.4
    endloop
  endfacet
  facet normal -0.980741 -0.195314 0
    outer loop
      vertex 10.0625 46.7847 -8.8
      vertex 10.0906 46.6436 -10.4
      vertex 10.0906 46.6436 -8.8
    endloop
  endfacet
  facet normal -0.831387 -0.555694 0
    outer loop
      vertex 9.95263 47.05 -10.4
      vertex 9.87269 47.1696 -8.8
      vertex 9.87269 47.1696 -10.4
    endloop
  endfacet
  facet normal -0.831387 -0.555694 0
    outer loop
      vertex 9.87269 47.1696 -8.8
      vertex 9.95263 47.05 -10.4
      vertex 9.95263 47.05 -8.8
    endloop
  endfacet
  facet normal -0.321124 -0.947037 0
    outer loop
      vertex 9.2847 47.5625 -10.4
      vertex 9.42095 47.5163 -8.8
      vertex 9.2847 47.5625 -8.8
    endloop
  endfacet
  facet normal -0.321124 -0.947037 -0
    outer loop
      vertex 9.42095 47.5163 -8.8
      vertex 9.2847 47.5625 -10.4
      vertex 9.42095 47.5163 -10.4
    endloop
  endfacet
  facet normal -0.555374 -0.831601 0
    outer loop
      vertex 9.55 47.4526 -10.4
      vertex 9.66964 47.3727 -8.8
      vertex 9.55 47.4526 -8.8
    endloop
  endfacet
  facet normal -0.555374 -0.831601 -0
    outer loop
      vertex 9.66964 47.3727 -8.8
      vertex 9.55 47.4526 -10.4
      vertex 9.66964 47.3727 -10.4
    endloop
  endfacet
  facet normal 0.896806 -0.442424 0
    outer loop
      vertex 7.98373 46.921 -8.8
      vertex 8.04737 47.05 -10.4
      vertex 8.04737 47.05 -8.8
    endloop
  endfacet
  facet normal 0.896806 -0.442424 0
    outer loop
      vertex 8.04737 47.05 -10.4
      vertex 7.98373 46.921 -8.8
      vertex 7.98373 46.921 -10.4
    endloop
  endfacet
  facet normal 0.831387 -0.555694 0
    outer loop
      vertex 8.04737 47.05 -8.8
      vertex 8.12731 47.1696 -10.4
      vertex 8.12731 47.1696 -8.8
    endloop
  endfacet
  facet normal 0.831387 -0.555694 0
    outer loop
      vertex 8.12731 47.1696 -10.4
      vertex 8.04737 47.05 -8.8
      vertex 8.04737 47.05 -10.4
    endloop
  endfacet
  facet normal 0.555374 -0.831601 0
    outer loop
      vertex 8.33036 47.3727 -10.4
      vertex 8.45 47.4526 -8.8
      vertex 8.33036 47.3727 -8.8
    endloop
  endfacet
  facet normal 0.555374 -0.831601 0
    outer loop
      vertex 8.45 47.4526 -8.8
      vertex 8.33036 47.3727 -10.4
      vertex 8.45 47.4526 -10.4
    endloop
  endfacet
  facet normal 0.195287 -0.980746 0
    outer loop
      vertex 8.7153 47.5625 -10.4
      vertex 8.85642 47.5906 -8.8
      vertex 8.7153 47.5625 -8.8
    endloop
  endfacet
  facet normal 0.195287 -0.980746 0
    outer loop
      vertex 8.85642 47.5906 -8.8
      vertex 8.7153 47.5625 -10.4
      vertex 8.85642 47.5906 -10.4
    endloop
  endfacet
  facet normal -0.947073 -0.321018 0
    outer loop
      vertex 10.0625 46.7847 -10.4
      vertex 10.0163 46.921 -8.8
      vertex 10.0163 46.921 -10.4
    endloop
  endfacet
  facet normal -0.947073 -0.321018 0
    outer loop
      vertex 10.0163 46.921 -8.8
      vertex 10.0625 46.7847 -10.4
      vertex 10.0625 46.7847 -8.8
    endloop
  endfacet
  facet normal -0.751905 -0.659272 0
    outer loop
      vertex 9.87269 47.1696 -10.4
      vertex 9.77782 47.2778 -8.8
      vertex 9.77782 47.2778 -10.4
    endloop
  endfacet
  facet normal -0.751905 -0.659272 0
    outer loop
      vertex 9.77782 47.2778 -8.8
      vertex 9.87269 47.1696 -10.4
      vertex 9.87269 47.1696 -8.8
    endloop
  endfacet
  facet normal -0.195287 -0.980746 0
    outer loop
      vertex 9.14358 47.5906 -10.4
      vertex 9.2847 47.5625 -8.8
      vertex 9.14358 47.5906 -8.8
    endloop
  endfacet
  facet normal -0.195287 -0.980746 -0
    outer loop
      vertex 9.2847 47.5625 -8.8
      vertex 9.14358 47.5906 -10.4
      vertex 9.2847 47.5625 -10.4
    endloop
  endfacet
  facet normal -0.0653289 -0.997864 0
    outer loop
      vertex 9 47.6 -10.4
      vertex 9.14358 47.5906 -8.8
      vertex 9 47.6 -8.8
    endloop
  endfacet
  facet normal -0.0653289 -0.997864 -0
    outer loop
      vertex 9.14358 47.5906 -8.8
      vertex 9 47.6 -10.4
      vertex 9.14358 47.5906 -10.4
    endloop
  endfacet
  facet normal -0.442622 -0.896708 0
    outer loop
      vertex 9.42095 47.5163 -10.4
      vertex 9.55 47.4526 -8.8
      vertex 9.42095 47.5163 -8.8
    endloop
  endfacet
  facet normal -0.442622 -0.896708 -0
    outer loop
      vertex 9.55 47.4526 -8.8
      vertex 9.42095 47.5163 -10.4
      vertex 9.55 47.4526 -10.4
    endloop
  endfacet
  facet normal 0.946967 -0.32133 0
    outer loop
      vertex 7.93748 46.7847 -8.8
      vertex 7.98373 46.921 -10.4
      vertex 7.98373 46.921 -8.8
    endloop
  endfacet
  facet normal 0.946967 -0.32133 0
    outer loop
      vertex 7.98373 46.921 -10.4
      vertex 7.93748 46.7847 -8.8
      vertex 7.93748 46.7847 -10.4
    endloop
  endfacet
  facet normal 0.99786 -0.065389 0
    outer loop
      vertex 7.9 46.5 -8.8
      vertex 7.90941 46.6436 -10.4
      vertex 7.90941 46.6436 -8.8
    endloop
  endfacet
  facet normal 0.99786 -0.065389 0
    outer loop
      vertex 7.90941 46.6436 -10.4
      vertex 7.9 46.5 -8.8
      vertex 7.9 46.5 -10.4
    endloop
  endfacet
  facet normal 0.99786 0.065389 0
    outer loop
      vertex 7.90941 46.3564 -8.8
      vertex 7.9 46.5 -10.4
      vertex 7.9 46.5 -8.8
    endloop
  endfacet
  facet normal 0.99786 0.065389 0
    outer loop
      vertex 7.9 46.5 -10.4
      vertex 7.90941 46.3564 -8.8
      vertex 7.90941 46.3564 -10.4
    endloop
  endfacet
  facet normal 0.659458 -0.751741 0
    outer loop
      vertex 8.22218 47.2778 -10.4
      vertex 8.33036 47.3727 -8.8
      vertex 8.22218 47.2778 -8.8
    endloop
  endfacet
  facet normal 0.659458 -0.751741 0
    outer loop
      vertex 8.33036 47.3727 -8.8
      vertex 8.22218 47.2778 -10.4
      vertex 8.33036 47.3727 -10.4
    endloop
  endfacet
  facet normal 0.321124 -0.947037 0
    outer loop
      vertex 8.57905 47.5163 -10.4
      vertex 8.7153 47.5625 -8.8
      vertex 8.57905 47.5163 -8.8
    endloop
  endfacet
  facet normal 0.321124 -0.947037 0
    outer loop
      vertex 8.7153 47.5625 -8.8
      vertex 8.57905 47.5163 -10.4
      vertex 8.7153 47.5625 -10.4
    endloop
  endfacet
  facet normal -0.997864 0.0653198 0
    outer loop
      vertex 10.0906 46.3564 -10.4
      vertex 10.1 46.5 -8.8
      vertex 10.1 46.5 -10.4
    endloop
  endfacet
  facet normal -0.997864 0.0653198 0
    outer loop
      vertex 10.1 46.5 -8.8
      vertex 10.0906 46.3564 -10.4
      vertex 10.0906 46.3564 -8.8
    endloop
  endfacet
  facet normal -0.831387 0.555694 0
    outer loop
      vertex 9.87269 45.8304 -10.4
      vertex 9.95263 45.95 -8.8
      vertex 9.95263 45.95 -10.4
    endloop
  endfacet
  facet normal -0.831387 0.555694 0
    outer loop
      vertex 9.95263 45.95 -8.8
      vertex 9.87269 45.8304 -10.4
      vertex 9.87269 45.8304 -8.8
    endloop
  endfacet
  facet normal -0.980741 0.195314 0
    outer loop
      vertex 10.0625 46.2153 -10.4
      vertex 10.0906 46.3564 -8.8
      vertex 10.0906 46.3564 -10.4
    endloop
  endfacet
  facet normal -0.980741 0.195314 0
    outer loop
      vertex 10.0906 46.3564 -8.8
      vertex 10.0625 46.2153 -10.4
      vertex 10.0625 46.2153 -8.8
    endloop
  endfacet
  facet normal 0.831387 0.555694 0
    outer loop
      vertex 8.12731 45.8304 -8.8
      vertex 8.04737 45.95 -10.4
      vertex 8.04737 45.95 -8.8
    endloop
  endfacet
  facet normal 0.831387 0.555694 0
    outer loop
      vertex 8.04737 45.95 -10.4
      vertex 8.12731 45.8304 -8.8
      vertex 8.12731 45.8304 -10.4
    endloop
  endfacet
  facet normal -0.555374 0.831601 0
    outer loop
      vertex 9.66964 45.6273 -10.4
      vertex 9.55 45.5474 -8.8
      vertex 9.66964 45.6273 -8.8
    endloop
  endfacet
  facet normal -0.555374 0.831601 0
    outer loop
      vertex 9.55 45.5474 -8.8
      vertex 9.66964 45.6273 -10.4
      vertex 9.55 45.5474 -10.4
    endloop
  endfacet
  facet normal -0.442622 0.896708 0
    outer loop
      vertex 9.55 45.5474 -10.4
      vertex 9.42095 45.4837 -8.8
      vertex 9.55 45.5474 -8.8
    endloop
  endfacet
  facet normal -0.442622 0.896708 0
    outer loop
      vertex 9.42095 45.4837 -8.8
      vertex 9.55 45.5474 -10.4
      vertex 9.42095 45.4837 -10.4
    endloop
  endfacet
  facet normal 0.980781 -0.195113 0
    outer loop
      vertex 7.90941 46.6436 -8.8
      vertex 7.93748 46.7847 -10.4
      vertex 7.93748 46.7847 -8.8
    endloop
  endfacet
  facet normal 0.980781 -0.195113 0
    outer loop
      vertex 7.93748 46.7847 -10.4
      vertex 7.90941 46.6436 -8.8
      vertex 7.90941 46.6436 -10.4
    endloop
  endfacet
  facet normal -0.947073 0.321018 0
    outer loop
      vertex 10.0163 46.079 -10.4
      vertex 10.0625 46.2153 -8.8
      vertex 10.0625 46.2153 -10.4
    endloop
  endfacet
  facet normal -0.947073 0.321018 0
    outer loop
      vertex 10.0625 46.2153 -8.8
      vertex 10.0163 46.079 -10.4
      vertex 10.0163 46.079 -8.8
    endloop
  endfacet
  facet normal -0.896723 0.442592 0
    outer loop
      vertex 9.95263 45.95 -10.4
      vertex 10.0163 46.079 -8.8
      vertex 10.0163 46.079 -10.4
    endloop
  endfacet
  facet normal -0.896723 0.442592 0
    outer loop
      vertex 10.0163 46.079 -8.8
      vertex 9.95263 45.95 -10.4
      vertex 9.95263 45.95 -8.8
    endloop
  endfacet
  facet normal 0.195287 0.980746 -0
    outer loop
      vertex 8.85642 45.4094 -10.4
      vertex 8.7153 45.4375 -8.8
      vertex 8.85642 45.4094 -8.8
    endloop
  endfacet
  facet normal 0.195287 0.980746 0
    outer loop
      vertex 8.7153 45.4375 -8.8
      vertex 8.85642 45.4094 -10.4
      vertex 8.7153 45.4375 -10.4
    endloop
  endfacet
  facet normal 0.555374 0.831601 -0
    outer loop
      vertex 8.45 45.5474 -10.4
      vertex 8.33036 45.6273 -8.8
      vertex 8.45 45.5474 -8.8
    endloop
  endfacet
  facet normal 0.555374 0.831601 0
    outer loop
      vertex 8.33036 45.6273 -8.8
      vertex 8.45 45.5474 -10.4
      vertex 8.33036 45.6273 -10.4
    endloop
  endfacet
  facet normal 0.980781 0.195113 0
    outer loop
      vertex 7.93748 46.2153 -8.8
      vertex 7.90941 46.3564 -10.4
      vertex 7.90941 46.3564 -8.8
    endloop
  endfacet
  facet normal 0.980781 0.195113 0
    outer loop
      vertex 7.90941 46.3564 -10.4
      vertex 7.93748 46.2153 -8.8
      vertex 7.93748 46.2153 -10.4
    endloop
  endfacet
  facet normal 0.946967 0.32133 0
    outer loop
      vertex 7.98373 46.079 -8.8
      vertex 7.93748 46.2153 -10.4
      vertex 7.93748 46.2153 -8.8
    endloop
  endfacet
  facet normal 0.946967 0.32133 0
    outer loop
      vertex 7.93748 46.2153 -10.4
      vertex 7.98373 46.079 -8.8
      vertex 7.98373 46.079 -10.4
    endloop
  endfacet
  facet normal 0.896806 0.442424 0
    outer loop
      vertex 8.04737 45.95 -8.8
      vertex 7.98373 46.079 -10.4
      vertex 7.98373 46.079 -8.8
    endloop
  endfacet
  facet normal 0.896806 0.442424 0
    outer loop
      vertex 7.98373 46.079 -10.4
      vertex 8.04737 45.95 -8.8
      vertex 8.04737 45.95 -10.4
    endloop
  endfacet
  facet normal -0.659458 0.751741 0
    outer loop
      vertex 9.77782 45.7222 -10.4
      vertex 9.66964 45.6273 -8.8
      vertex 9.77782 45.7222 -8.8
    endloop
  endfacet
  facet normal -0.659458 0.751741 0
    outer loop
      vertex 9.66964 45.6273 -8.8
      vertex 9.77782 45.7222 -10.4
      vertex 9.66964 45.6273 -10.4
    endloop
  endfacet
  facet normal -0.321124 0.947037 0
    outer loop
      vertex 9.42095 45.4837 -10.4
      vertex 9.2847 45.4375 -8.8
      vertex 9.42095 45.4837 -8.8
    endloop
  endfacet
  facet normal -0.321124 0.947037 0
    outer loop
      vertex 9.2847 45.4375 -8.8
      vertex 9.42095 45.4837 -10.4
      vertex 9.2847 45.4375 -10.4
    endloop
  endfacet
  facet normal -0.195287 0.980746 0
    outer loop
      vertex 9.2847 45.4375 -10.4
      vertex 9.14358 45.4094 -8.8
      vertex 9.2847 45.4375 -8.8
    endloop
  endfacet
  facet normal -0.195287 0.980746 0
    outer loop
      vertex 9.14358 45.4094 -8.8
      vertex 9.2847 45.4375 -10.4
      vertex 9.14358 45.4094 -10.4
    endloop
  endfacet
  facet normal 0.0653289 0.997864 -0
    outer loop
      vertex 9 45.4 -10.4
      vertex 8.85642 45.4094 -8.8
      vertex 9 45.4 -8.8
    endloop
  endfacet
  facet normal 0.0653289 0.997864 0
    outer loop
      vertex 8.85642 45.4094 -8.8
      vertex 9 45.4 -10.4
      vertex 8.85642 45.4094 -10.4
    endloop
  endfacet
  facet normal 0.442622 0.896708 -0
    outer loop
      vertex 8.57905 45.4837 -10.4
      vertex 8.45 45.5474 -8.8
      vertex 8.57905 45.4837 -8.8
    endloop
  endfacet
  facet normal 0.442622 0.896708 0
    outer loop
      vertex 8.45 45.5474 -8.8
      vertex 8.57905 45.4837 -10.4
      vertex 8.45 45.5474 -10.4
    endloop
  endfacet
  facet normal 0.659458 0.751741 -0
    outer loop
      vertex 8.33036 45.6273 -10.4
      vertex 8.22218 45.7222 -8.8
      vertex 8.33036 45.6273 -8.8
    endloop
  endfacet
  facet normal 0.659458 0.751741 0
    outer loop
      vertex 8.22218 45.7222 -8.8
      vertex 8.33036 45.6273 -10.4
      vertex 8.22218 45.7222 -10.4
    endloop
  endfacet
  facet normal 0.751905 0.659272 0
    outer loop
      vertex 8.22218 45.7222 -8.8
      vertex 8.12731 45.8304 -10.4
      vertex 8.12731 45.8304 -8.8
    endloop
  endfacet
  facet normal 0.751905 0.659272 0
    outer loop
      vertex 8.12731 45.8304 -10.4
      vertex 8.22218 45.7222 -8.8
      vertex 8.22218 45.7222 -10.4
    endloop
  endfacet
  facet normal 0.321124 0.947037 -0
    outer loop
      vertex 8.7153 45.4375 -10.4
      vertex 8.57905 45.4837 -8.8
      vertex 8.7153 45.4375 -8.8
    endloop
  endfacet
  facet normal 0.321124 0.947037 0
    outer loop
      vertex 8.57905 45.4837 -8.8
      vertex 8.7153 45.4375 -10.4
      vertex 8.57905 45.4837 -10.4
    endloop
  endfacet
  facet normal -0.831387 -0.555694 0
    outer loop
      vertex 9.95263 50.55 -10.4
      vertex 9.87269 50.6696 -8.8
      vertex 9.87269 50.6696 -10.4
    endloop
  endfacet
  facet normal -0.831387 -0.555694 0
    outer loop
      vertex 9.87269 50.6696 -8.8
      vertex 9.95263 50.55 -10.4
      vertex 9.95263 50.55 -8.8
    endloop
  endfacet
  facet normal -0.321124 -0.947037 0
    outer loop
      vertex 9.2847 51.0625 -10.4
      vertex 9.42095 51.0163 -8.8
      vertex 9.2847 51.0625 -8.8
    endloop
  endfacet
  facet normal -0.321124 -0.947037 -0
    outer loop
      vertex 9.42095 51.0163 -8.8
      vertex 9.2847 51.0625 -10.4
      vertex 9.42095 51.0163 -10.4
    endloop
  endfacet
  facet normal 0.442622 -0.896708 0
    outer loop
      vertex 8.45 50.9526 -10.4
      vertex 8.57905 51.0163 -8.8
      vertex 8.45 50.9526 -8.8
    endloop
  endfacet
  facet normal 0.442622 -0.896708 0
    outer loop
      vertex 8.57905 51.0163 -8.8
      vertex 8.45 50.9526 -10.4
      vertex 8.57905 51.0163 -10.4
    endloop
  endfacet
  facet normal 0.946967 -0.32133 0
    outer loop
      vertex 7.93748 50.2847 -8.8
      vertex 7.98373 50.421 -10.4
      vertex 7.98373 50.421 -8.8
    endloop
  endfacet
  facet normal 0.946967 -0.32133 0
    outer loop
      vertex 7.98373 50.421 -10.4
      vertex 7.93748 50.2847 -8.8
      vertex 7.93748 50.2847 -10.4
    endloop
  endfacet
  facet normal -0.980741 0.195314 0
    outer loop
      vertex 10.0625 49.7153 -10.4
      vertex 10.0906 49.8564 -8.8
      vertex 10.0906 49.8564 -10.4
    endloop
  endfacet
  facet normal -0.980741 0.195314 0
    outer loop
      vertex 10.0906 49.8564 -8.8
      vertex 10.0625 49.7153 -10.4
      vertex 10.0625 49.7153 -8.8
    endloop
  endfacet
  facet normal -0.980741 -0.195314 0
    outer loop
      vertex 10.0906 50.1436 -10.4
      vertex 10.0625 50.2847 -8.8
      vertex 10.0625 50.2847 -10.4
    endloop
  endfacet
  facet normal -0.980741 -0.195314 0
    outer loop
      vertex 10.0625 50.2847 -8.8
      vertex 10.0906 50.1436 -10.4
      vertex 10.0906 50.1436 -8.8
    endloop
  endfacet
  facet normal 0.0653289 -0.997864 0
    outer loop
      vertex 8.85642 51.0906 -10.4
      vertex 9 51.1 -8.8
      vertex 8.85642 51.0906 -8.8
    endloop
  endfacet
  facet normal 0.0653289 -0.997864 0
    outer loop
      vertex 9 51.1 -8.8
      vertex 8.85642 51.0906 -10.4
      vertex 9 51.1 -10.4
    endloop
  endfacet
  facet normal -0.555374 -0.831601 0
    outer loop
      vertex 9.55 50.9526 -10.4
      vertex 9.66964 50.8727 -8.8
      vertex 9.55 50.9526 -8.8
    endloop
  endfacet
  facet normal -0.555374 -0.831601 -0
    outer loop
      vertex 9.66964 50.8727 -8.8
      vertex 9.55 50.9526 -10.4
      vertex 9.66964 50.8727 -10.4
    endloop
  endfacet
  facet normal 0.99786 0.065389 0
    outer loop
      vertex 7.90941 49.8564 -8.8
      vertex 7.9 50 -10.4
      vertex 7.9 50 -8.8
    endloop
  endfacet
  facet normal 0.99786 0.065389 0
    outer loop
      vertex 7.9 50 -10.4
      vertex 7.90941 49.8564 -8.8
      vertex 7.90941 49.8564 -10.4
    endloop
  endfacet
  facet normal 0.831387 -0.555694 0
    outer loop
      vertex 8.04737 50.55 -8.8
      vertex 8.12731 50.6696 -10.4
      vertex 8.12731 50.6696 -8.8
    endloop
  endfacet
  facet normal 0.831387 -0.555694 0
    outer loop
      vertex 8.12731 50.6696 -10.4
      vertex 8.04737 50.55 -8.8
      vertex 8.04737 50.55 -10.4
    endloop
  endfacet
  facet normal 0.555374 -0.831601 0
    outer loop
      vertex 8.33036 50.8727 -10.4
      vertex 8.45 50.9526 -8.8
      vertex 8.33036 50.8727 -8.8
    endloop
  endfacet
  facet normal 0.555374 -0.831601 0
    outer loop
      vertex 8.45 50.9526 -8.8
      vertex 8.33036 50.8727 -10.4
      vertex 8.45 50.9526 -10.4
    endloop
  endfacet
  facet normal 0.195287 -0.980746 0
    outer loop
      vertex 8.7153 51.0625 -10.4
      vertex 8.85642 51.0906 -8.8
      vertex 8.7153 51.0625 -8.8
    endloop
  endfacet
  facet normal 0.195287 -0.980746 0
    outer loop
      vertex 8.85642 51.0906 -8.8
      vertex 8.7153 51.0625 -10.4
      vertex 8.85642 51.0906 -10.4
    endloop
  endfacet
  facet normal -0.997864 -0.0653198 0
    outer loop
      vertex 10.1 50 -10.4
      vertex 10.0906 50.1436 -8.8
      vertex 10.0906 50.1436 -10.4
    endloop
  endfacet
  facet normal -0.997864 -0.0653198 0
    outer loop
      vertex 10.0906 50.1436 -8.8
      vertex 10.1 50 -10.4
      vertex 10.1 50 -8.8
    endloop
  endfacet
  facet normal -0.947073 0.321018 0
    outer loop
      vertex 10.0163 49.579 -10.4
      vertex 10.0625 49.7153 -8.8
      vertex 10.0625 49.7153 -10.4
    endloop
  endfacet
  facet normal -0.947073 0.321018 0
    outer loop
      vertex 10.0625 49.7153 -8.8
      vertex 10.0163 49.579 -10.4
      vertex 10.0163 49.579 -8.8
    endloop
  endfacet
  facet normal 0.555374 0.831601 -0
    outer loop
      vertex 8.45 49.0474 -10.4
      vertex 8.33036 49.1273 -8.8
      vertex 8.45 49.0474 -8.8
    endloop
  endfacet
  facet normal 0.555374 0.831601 0
    outer loop
      vertex 8.33036 49.1273 -8.8
      vertex 8.45 49.0474 -10.4
      vertex 8.33036 49.1273 -10.4
    endloop
  endfacet
  facet normal 0.831387 0.555694 0
    outer loop
      vertex 8.12731 49.3304 -8.8
      vertex 8.04737 49.45 -10.4
      vertex 8.04737 49.45 -8.8
    endloop
  endfacet
  facet normal 0.831387 0.555694 0
    outer loop
      vertex 8.04737 49.45 -10.4
      vertex 8.12731 49.3304 -8.8
      vertex 8.12731 49.3304 -10.4
    endloop
  endfacet
  facet normal -0.555374 0.831601 0
    outer loop
      vertex 9.66964 49.1273 -10.4
      vertex 9.55 49.0474 -8.8
      vertex 9.66964 49.1273 -8.8
    endloop
  endfacet
  facet normal -0.555374 0.831601 0
    outer loop
      vertex 9.55 49.0474 -8.8
      vertex 9.66964 49.1273 -10.4
      vertex 9.55 49.0474 -10.4
    endloop
  endfacet
  facet normal -0.659458 -0.751741 0
    outer loop
      vertex 9.66964 50.8727 -10.4
      vertex 9.77782 50.7778 -8.8
      vertex 9.66964 50.8727 -8.8
    endloop
  endfacet
  facet normal -0.659458 -0.751741 -0
    outer loop
      vertex 9.77782 50.7778 -8.8
      vertex 9.66964 50.8727 -10.4
      vertex 9.77782 50.7778 -10.4
    endloop
  endfacet
  facet normal -0.195287 -0.980746 0
    outer loop
      vertex 9.14358 51.0906 -10.4
      vertex 9.2847 51.0625 -8.8
      vertex 9.14358 51.0906 -8.8
    endloop
  endfacet
  facet normal -0.195287 -0.980746 -0
    outer loop
      vertex 9.2847 51.0625 -8.8
      vertex 9.14358 51.0906 -10.4
      vertex 9.2847 51.0625 -10.4
    endloop
  endfacet
  facet normal -0.0653289 -0.997864 0
    outer loop
      vertex 9 51.1 -10.4
      vertex 9.14358 51.0906 -8.8
      vertex 9 51.1 -8.8
    endloop
  endfacet
  facet normal -0.0653289 -0.997864 -0
    outer loop
      vertex 9.14358 51.0906 -8.8
      vertex 9 51.1 -10.4
      vertex 9.14358 51.0906 -10.4
    endloop
  endfacet
  facet normal -0.442622 -0.896708 0
    outer loop
      vertex 9.42095 51.0163 -10.4
      vertex 9.55 50.9526 -8.8
      vertex 9.42095 51.0163 -8.8
    endloop
  endfacet
  facet normal -0.442622 -0.896708 -0
    outer loop
      vertex 9.55 50.9526 -8.8
      vertex 9.42095 51.0163 -10.4
      vertex 9.55 50.9526 -10.4
    endloop
  endfacet
  facet normal 0.980781 -0.195113 0
    outer loop
      vertex 7.90941 50.1436 -8.8
      vertex 7.93748 50.2847 -10.4
      vertex 7.93748 50.2847 -8.8
    endloop
  endfacet
  facet normal 0.980781 -0.195113 0
    outer loop
      vertex 7.93748 50.2847 -10.4
      vertex 7.90941 50.1436 -8.8
      vertex 7.90941 50.1436 -10.4
    endloop
  endfacet
  facet normal 0.99786 -0.065389 0
    outer loop
      vertex 7.9 50 -8.8
      vertex 7.90941 50.1436 -10.4
      vertex 7.90941 50.1436 -8.8
    endloop
  endfacet
  facet normal 0.99786 -0.065389 0
    outer loop
      vertex 7.90941 50.1436 -10.4
      vertex 7.9 50 -8.8
      vertex 7.9 50 -10.4
    endloop
  endfacet
  facet normal 0.896806 -0.442424 0
    outer loop
      vertex 7.98373 50.421 -8.8
      vertex 8.04737 50.55 -10.4
      vertex 8.04737 50.55 -8.8
    endloop
  endfacet
  facet normal 0.896806 -0.442424 0
    outer loop
      vertex 8.04737 50.55 -10.4
      vertex 7.98373 50.421 -8.8
      vertex 7.98373 50.421 -10.4
    endloop
  endfacet
  facet normal 0.321124 -0.947037 0
    outer loop
      vertex 8.57905 51.0163 -10.4
      vertex 8.7153 51.0625 -8.8
      vertex 8.57905 51.0163 -8.8
    endloop
  endfacet
  facet normal 0.321124 -0.947037 0
    outer loop
      vertex 8.7153 51.0625 -8.8
      vertex 8.57905 51.0163 -10.4
      vertex 8.7153 51.0625 -10.4
    endloop
  endfacet
  facet normal 0.659458 -0.751741 0
    outer loop
      vertex 8.22218 50.7778 -10.4
      vertex 8.33036 50.8727 -8.8
      vertex 8.22218 50.7778 -8.8
    endloop
  endfacet
  facet normal 0.659458 -0.751741 0
    outer loop
      vertex 8.33036 50.8727 -8.8
      vertex 8.22218 50.7778 -10.4
      vertex 8.33036 50.8727 -10.4
    endloop
  endfacet
  facet normal 0.751905 -0.659272 0
    outer loop
      vertex 8.12731 50.6696 -8.8
      vertex 8.22218 50.7778 -10.4
      vertex 8.22218 50.7778 -8.8
    endloop
  endfacet
  facet normal 0.751905 -0.659272 0
    outer loop
      vertex 8.22218 50.7778 -10.4
      vertex 8.12731 50.6696 -8.8
      vertex 8.12731 50.6696 -10.4
    endloop
  endfacet
  facet normal -0.831387 0.555694 0
    outer loop
      vertex 9.87269 49.3304 -10.4
      vertex 9.95263 49.45 -8.8
      vertex 9.95263 49.45 -10.4
    endloop
  endfacet
  facet normal -0.831387 0.555694 0
    outer loop
      vertex 9.95263 49.45 -8.8
      vertex 9.87269 49.3304 -10.4
      vertex 9.87269 49.3304 -8.8
    endloop
  endfacet
  facet normal -0.0653289 0.997864 0
    outer loop
      vertex 9.14358 48.9094 -10.4
      vertex 9 48.9 -8.8
      vertex 9.14358 48.9094 -8.8
    endloop
  endfacet
  facet normal -0.0653289 0.997864 0
    outer loop
      vertex 9 48.9 -8.8
      vertex 9.14358 48.9094 -10.4
      vertex 9 48.9 -10.4
    endloop
  endfacet
  facet normal 0.751905 0.659272 0
    outer loop
      vertex 8.22218 49.2222 -8.8
      vertex 8.12731 49.3304 -10.4
      vertex 8.12731 49.3304 -8.8
    endloop
  endfacet
  facet normal 0.751905 0.659272 0
    outer loop
      vertex 8.12731 49.3304 -10.4
      vertex 8.22218 49.2222 -8.8
      vertex 8.22218 49.2222 -10.4
    endloop
  endfacet
  facet normal -0.195287 0.980746 0
    outer loop
      vertex 9.2847 48.9375 -10.4
      vertex 9.14358 48.9094 -8.8
      vertex 9.2847 48.9375 -8.8
    endloop
  endfacet
  facet normal -0.195287 0.980746 0
    outer loop
      vertex 9.14358 48.9094 -8.8
      vertex 9.2847 48.9375 -10.4
      vertex 9.14358 48.9094 -10.4
    endloop
  endfacet
  facet normal -0.751905 0.659272 0
    outer loop
      vertex 9.77782 49.2222 -10.4
      vertex 9.87269 49.3304 -8.8
      vertex 9.87269 49.3304 -10.4
    endloop
  endfacet
  facet normal -0.751905 0.659272 0
    outer loop
      vertex 9.87269 49.3304 -8.8
      vertex 9.77782 49.2222 -10.4
      vertex 9.77782 49.2222 -8.8
    endloop
  endfacet
  facet normal -0.896723 -0.442592 0
    outer loop
      vertex 10.0163 50.421 -10.4
      vertex 9.95263 50.55 -8.8
      vertex 9.95263 50.55 -10.4
    endloop
  endfacet
  facet normal -0.896723 -0.442592 0
    outer loop
      vertex 9.95263 50.55 -8.8
      vertex 10.0163 50.421 -10.4
      vertex 10.0163 50.421 -8.8
    endloop
  endfacet
  facet normal -0.947073 -0.321018 0
    outer loop
      vertex 10.0625 50.2847 -10.4
      vertex 10.0163 50.421 -8.8
      vertex 10.0163 50.421 -10.4
    endloop
  endfacet
  facet normal -0.947073 -0.321018 0
    outer loop
      vertex 10.0163 50.421 -8.8
      vertex 10.0625 50.2847 -10.4
      vertex 10.0625 50.2847 -8.8
    endloop
  endfacet
  facet normal -0.751905 -0.659272 0
    outer loop
      vertex 9.87269 50.6696 -10.4
      vertex 9.77782 50.7778 -8.8
      vertex 9.77782 50.7778 -10.4
    endloop
  endfacet
  facet normal -0.751905 -0.659272 0
    outer loop
      vertex 9.77782 50.7778 -8.8
      vertex 9.87269 50.6696 -10.4
      vertex 9.87269 50.6696 -8.8
    endloop
  endfacet
  facet normal -0.997864 0.0653198 0
    outer loop
      vertex 10.0906 49.8564 -10.4
      vertex 10.1 50 -8.8
      vertex 10.1 50 -10.4
    endloop
  endfacet
  facet normal -0.997864 0.0653198 0
    outer loop
      vertex 10.1 50 -8.8
      vertex 10.0906 49.8564 -10.4
      vertex 10.0906 49.8564 -8.8
    endloop
  endfacet
  facet normal -0.896723 0.442592 0
    outer loop
      vertex 9.95263 49.45 -10.4
      vertex 10.0163 49.579 -8.8
      vertex 10.0163 49.579 -10.4
    endloop
  endfacet
  facet normal -0.896723 0.442592 0
    outer loop
      vertex 10.0163 49.579 -8.8
      vertex 9.95263 49.45 -10.4
      vertex 9.95263 49.45 -8.8
    endloop
  endfacet
  facet normal 0.195287 0.980746 -0
    outer loop
      vertex 8.85642 48.9094 -10.4
      vertex 8.7153 48.9375 -8.8
      vertex 8.85642 48.9094 -8.8
    endloop
  endfacet
  facet normal 0.195287 0.980746 0
    outer loop
      vertex 8.7153 48.9375 -8.8
      vertex 8.85642 48.9094 -10.4
      vertex 8.7153 48.9375 -10.4
    endloop
  endfacet
  facet normal 0.896806 0.442424 0
    outer loop
      vertex 8.04737 49.45 -8.8
      vertex 7.98373 49.579 -10.4
      vertex 7.98373 49.579 -8.8
    endloop
  endfacet
  facet normal 0.896806 0.442424 0
    outer loop
      vertex 7.98373 49.579 -10.4
      vertex 8.04737 49.45 -8.8
      vertex 8.04737 49.45 -10.4
    endloop
  endfacet
  facet normal 0.946967 0.32133 0
    outer loop
      vertex 7.98373 49.579 -8.8
      vertex 7.93748 49.7153 -10.4
      vertex 7.93748 49.7153 -8.8
    endloop
  endfacet
  facet normal 0.946967 0.32133 0
    outer loop
      vertex 7.93748 49.7153 -10.4
      vertex 7.98373 49.579 -8.8
      vertex 7.98373 49.579 -10.4
    endloop
  endfacet
  facet normal 0.980781 0.195113 0
    outer loop
      vertex 7.93748 49.7153 -8.8
      vertex 7.90941 49.8564 -10.4
      vertex 7.90941 49.8564 -8.8
    endloop
  endfacet
  facet normal 0.980781 0.195113 0
    outer loop
      vertex 7.90941 49.8564 -10.4
      vertex 7.93748 49.7153 -8.8
      vertex 7.93748 49.7153 -10.4
    endloop
  endfacet
  facet normal 0.659458 0.751741 -0
    outer loop
      vertex 8.33036 49.1273 -10.4
      vertex 8.22218 49.2222 -8.8
      vertex 8.33036 49.1273 -8.8
    endloop
  endfacet
  facet normal 0.659458 0.751741 0
    outer loop
      vertex 8.22218 49.2222 -8.8
      vertex 8.33036 49.1273 -10.4
      vertex 8.22218 49.2222 -10.4
    endloop
  endfacet
  facet normal -0.442622 0.896708 0
    outer loop
      vertex 9.55 49.0474 -10.4
      vertex 9.42095 48.9837 -8.8
      vertex 9.55 49.0474 -8.8
    endloop
  endfacet
  facet normal -0.442622 0.896708 0
    outer loop
      vertex 9.42095 48.9837 -8.8
      vertex 9.55 49.0474 -10.4
      vertex 9.42095 48.9837 -10.4
    endloop
  endfacet
  facet normal -0.321124 0.947037 0
    outer loop
      vertex 9.42095 48.9837 -10.4
      vertex 9.2847 48.9375 -8.8
      vertex 9.42095 48.9837 -8.8
    endloop
  endfacet
  facet normal -0.321124 0.947037 0
    outer loop
      vertex 9.2847 48.9375 -8.8
      vertex 9.42095 48.9837 -10.4
      vertex 9.2847 48.9375 -10.4
    endloop
  endfacet
  facet normal -0.659458 0.751741 0
    outer loop
      vertex 9.77782 49.2222 -10.4
      vertex 9.66964 49.1273 -8.8
      vertex 9.77782 49.2222 -8.8
    endloop
  endfacet
  facet normal -0.659458 0.751741 0
    outer loop
      vertex 9.66964 49.1273 -8.8
      vertex 9.77782 49.2222 -10.4
      vertex 9.66964 49.1273 -10.4
    endloop
  endfacet
  facet normal 0.321124 0.947037 -0
    outer loop
      vertex 8.7153 48.9375 -10.4
      vertex 8.57905 48.9837 -8.8
      vertex 8.7153 48.9375 -8.8
    endloop
  endfacet
  facet normal 0.321124 0.947037 0
    outer loop
      vertex 8.57905 48.9837 -8.8
      vertex 8.7153 48.9375 -10.4
      vertex 8.57905 48.9837 -10.4
    endloop
  endfacet
  facet normal 0.442622 0.896708 -0
    outer loop
      vertex 8.57905 48.9837 -10.4
      vertex 8.45 49.0474 -8.8
      vertex 8.57905 48.9837 -8.8
    endloop
  endfacet
  facet normal 0.442622 0.896708 0
    outer loop
      vertex 8.45 49.0474 -8.8
      vertex 8.57905 48.9837 -10.4
      vertex 8.45 49.0474 -10.4
    endloop
  endfacet
  facet normal 0.0653289 0.997864 -0
    outer loop
      vertex 9 48.9 -10.4
      vertex 8.85642 48.9094 -8.8
      vertex 9 48.9 -8.8
    endloop
  endfacet
  facet normal 0.0653289 0.997864 0
    outer loop
      vertex 8.85642 48.9094 -8.8
      vertex 9 48.9 -10.4
      vertex 8.85642 48.9094 -10.4
    endloop
  endfacet
  facet normal -0.997864 -0.0653198 0
    outer loop
      vertex 10.1 53.5 -10.4
      vertex 10.0906 53.6436 -8.8
      vertex 10.0906 53.6436 -10.4
    endloop
  endfacet
  facet normal -0.997864 -0.0653198 0
    outer loop
      vertex 10.0906 53.6436 -8.8
      vertex 10.1 53.5 -10.4
      vertex 10.1 53.5 -8.8
    endloop
  endfacet
  facet normal 0.0653289 -0.997864 0
    outer loop
      vertex 8.85642 54.5906 -10.4
      vertex 9 54.6 -8.8
      vertex 8.85642 54.5906 -8.8
    endloop
  endfacet
  facet normal 0.0653289 -0.997864 0
    outer loop
      vertex 9 54.6 -8.8
      vertex 8.85642 54.5906 -10.4
      vertex 9 54.6 -10.4
    endloop
  endfacet
  facet normal -0.659458 -0.751741 0
    outer loop
      vertex 9.66964 54.3727 -10.4
      vertex 9.77782 54.2778 -8.8
      vertex 9.66964 54.3727 -8.8
    endloop
  endfacet
  facet normal -0.659458 -0.751741 -0
    outer loop
      vertex 9.77782 54.2778 -8.8
      vertex 9.66964 54.3727 -10.4
      vertex 9.77782 54.2778 -10.4
    endloop
  endfacet
  facet normal 0.751905 -0.659272 0
    outer loop
      vertex 8.12731 54.1696 -8.8
      vertex 8.22218 54.2778 -10.4
      vertex 8.22218 54.2778 -8.8
    endloop
  endfacet
  facet normal 0.751905 -0.659272 0
    outer loop
      vertex 8.22218 54.2778 -10.4
      vertex 8.12731 54.1696 -8.8
      vertex 8.12731 54.1696 -10.4
    endloop
  endfacet
  facet normal 0.442622 -0.896708 0
    outer loop
      vertex 8.45 54.4526 -10.4
      vertex 8.57905 54.5163 -8.8
      vertex 8.45 54.4526 -8.8
    endloop
  endfacet
  facet normal 0.442622 -0.896708 0
    outer loop
      vertex 8.57905 54.5163 -8.8
      vertex 8.45 54.4526 -10.4
      vertex 8.57905 54.5163 -10.4
    endloop
  endfacet
  facet normal -0.896723 -0.442592 0
    outer loop
      vertex 10.0163 53.921 -10.4
      vertex 9.95263 54.05 -8.8
      vertex 9.95263 54.05 -10.4
    endloop
  endfacet
  facet normal -0.896723 -0.442592 0
    outer loop
      vertex 9.95263 54.05 -8.8
      vertex 10.0163 53.921 -10.4
      vertex 10.0163 53.921 -8.8
    endloop
  endfacet
  facet normal -0.980741 -0.195314 0
    outer loop
      vertex 10.0906 53.6436 -10.4
      vertex 10.0625 53.7847 -8.8
      vertex 10.0625 53.7847 -10.4
    endloop
  endfacet
  facet normal -0.980741 -0.195314 0
    outer loop
      vertex 10.0625 53.7847 -8.8
      vertex 10.0906 53.6436 -10.4
      vertex 10.0906 53.6436 -8.8
    endloop
  endfacet
  facet normal -0.831387 -0.555694 0
    outer loop
      vertex 9.95263 54.05 -10.4
      vertex 9.87269 54.1696 -8.8
      vertex 9.87269 54.1696 -10.4
    endloop
  endfacet
  facet normal -0.831387 -0.555694 0
    outer loop
      vertex 9.87269 54.1696 -8.8
      vertex 9.95263 54.05 -10.4
      vertex 9.95263 54.05 -8.8
    endloop
  endfacet
  facet normal -0.321124 -0.947037 0
    outer loop
      vertex 9.2847 54.5625 -10.4
      vertex 9.42095 54.5163 -8.8
      vertex 9.2847 54.5625 -8.8
    endloop
  endfacet
  facet normal -0.321124 -0.947037 -0
    outer loop
      vertex 9.42095 54.5163 -8.8
      vertex 9.2847 54.5625 -10.4
      vertex 9.42095 54.5163 -10.4
    endloop
  endfacet
  facet normal -0.555374 -0.831601 0
    outer loop
      vertex 9.55 54.4526 -10.4
      vertex 9.66964 54.3727 -8.8
      vertex 9.55 54.4526 -8.8
    endloop
  endfacet
  facet normal -0.555374 -0.831601 -0
    outer loop
      vertex 9.66964 54.3727 -8.8
      vertex 9.55 54.4526 -10.4
      vertex 9.66964 54.3727 -10.4
    endloop
  endfacet
  facet normal 0.896806 -0.442424 0
    outer loop
      vertex 7.98373 53.921 -8.8
      vertex 8.04737 54.05 -10.4
      vertex 8.04737 54.05 -8.8
    endloop
  endfacet
  facet normal 0.896806 -0.442424 0
    outer loop
      vertex 8.04737 54.05 -10.4
      vertex 7.98373 53.921 -8.8
      vertex 7.98373 53.921 -10.4
    endloop
  endfacet
  facet normal 0.831387 -0.555694 0
    outer loop
      vertex 8.04737 54.05 -8.8
      vertex 8.12731 54.1696 -10.4
      vertex 8.12731 54.1696 -8.8
    endloop
  endfacet
  facet normal 0.831387 -0.555694 0
    outer loop
      vertex 8.12731 54.1696 -10.4
      vertex 8.04737 54.05 -8.8
      vertex 8.04737 54.05 -10.4
    endloop
  endfacet
  facet normal 0.99786 -0.065389 0
    outer loop
      vertex 7.9 53.5 -8.8
      vertex 7.90941 53.6436 -10.4
      vertex 7.90941 53.6436 -8.8
    endloop
  endfacet
  facet normal 0.99786 -0.065389 0
    outer loop
      vertex 7.90941 53.6436 -10.4
      vertex 7.9 53.5 -8.8
      vertex 7.9 53.5 -10.4
    endloop
  endfacet
  facet normal 0.555374 -0.831601 0
    outer loop
      vertex 8.33036 54.3727 -10.4
      vertex 8.45 54.4526 -8.8
      vertex 8.33036 54.3727 -8.8
    endloop
  endfacet
  facet normal 0.555374 -0.831601 0
    outer loop
      vertex 8.45 54.4526 -8.8
      vertex 8.33036 54.3727 -10.4
      vertex 8.45 54.4526 -10.4
    endloop
  endfacet
  facet normal 0.195287 -0.980746 0
    outer loop
      vertex 8.7153 54.5625 -10.4
      vertex 8.85642 54.5906 -8.8
      vertex 8.7153 54.5625 -8.8
    endloop
  endfacet
  facet normal 0.195287 -0.980746 0
    outer loop
      vertex 8.85642 54.5906 -8.8
      vertex 8.7153 54.5625 -10.4
      vertex 8.85642 54.5906 -10.4
    endloop
  endfacet
  facet normal -0.831387 0.555694 0
    outer loop
      vertex 9.87269 52.8304 -10.4
      vertex 9.95263 52.95 -8.8
      vertex 9.95263 52.95 -10.4
    endloop
  endfacet
  facet normal -0.831387 0.555694 0
    outer loop
      vertex 9.95263 52.95 -8.8
      vertex 9.87269 52.8304 -10.4
      vertex 9.87269 52.8304 -8.8
    endloop
  endfacet
  facet normal -0.997864 0.0653198 0
    outer loop
      vertex 10.0906 53.3564 -10.4
      vertex 10.1 53.5 -8.8
      vertex 10.1 53.5 -10.4
    endloop
  endfacet
  facet normal -0.997864 0.0653198 0
    outer loop
      vertex 10.1 53.5 -8.8
      vertex 10.0906 53.3564 -10.4
      vertex 10.0906 53.3564 -8.8
    endloop
  endfacet
  facet normal -0.195287 0.980746 0
    outer loop
      vertex 9.2847 52.4375 -10.4
      vertex 9.14358 52.4094 -8.8
      vertex 9.2847 52.4375 -8.8
    endloop
  endfacet
  facet normal -0.195287 0.980746 0
    outer loop
      vertex 9.14358 52.4094 -8.8
      vertex 9.2847 52.4375 -10.4
      vertex 9.14358 52.4094 -10.4
    endloop
  endfacet
  facet normal -0.947073 -0.321018 0
    outer loop
      vertex 10.0625 53.7847 -10.4
      vertex 10.0163 53.921 -8.8
      vertex 10.0163 53.921 -10.4
    endloop
  endfacet
  facet normal -0.947073 -0.321018 0
    outer loop
      vertex 10.0163 53.921 -8.8
      vertex 10.0625 53.7847 -10.4
      vertex 10.0625 53.7847 -8.8
    endloop
  endfacet
  facet normal -0.751905 -0.659272 0
    outer loop
      vertex 9.87269 54.1696 -10.4
      vertex 9.77782 54.2778 -8.8
      vertex 9.77782 54.2778 -10.4
    endloop
  endfacet
  facet normal -0.751905 -0.659272 0
    outer loop
      vertex 9.77782 54.2778 -8.8
      vertex 9.87269 54.1696 -10.4
      vertex 9.87269 54.1696 -8.8
    endloop
  endfacet
  facet normal -0.195287 -0.980746 0
    outer loop
      vertex 9.14358 54.5906 -10.4
      vertex 9.2847 54.5625 -8.8
      vertex 9.14358 54.5906 -8.8
    endloop
  endfacet
  facet normal -0.195287 -0.980746 -0
    outer loop
      vertex 9.2847 54.5625 -8.8
      vertex 9.14358 54.5906 -10.4
      vertex 9.2847 54.5625 -10.4
    endloop
  endfacet
  facet normal -0.0653289 -0.997864 0
    outer loop
      vertex 9 54.6 -10.4
      vertex 9.14358 54.5906 -8.8
      vertex 9 54.6 -8.8
    endloop
  endfacet
  facet normal -0.0653289 -0.997864 -0
    outer loop
      vertex 9.14358 54.5906 -8.8
      vertex 9 54.6 -10.4
      vertex 9.14358 54.5906 -10.4
    endloop
  endfacet
  facet normal -0.442622 -0.896708 0
    outer loop
      vertex 9.42095 54.5163 -10.4
      vertex 9.55 54.4526 -8.8
      vertex 9.42095 54.5163 -8.8
    endloop
  endfacet
  facet normal -0.442622 -0.896708 -0
    outer loop
      vertex 9.55 54.4526 -8.8
      vertex 9.42095 54.5163 -10.4
      vertex 9.55 54.4526 -10.4
    endloop
  endfacet
  facet normal 0.946967 -0.32133 0
    outer loop
      vertex 7.93748 53.7847 -8.8
      vertex 7.98373 53.921 -10.4
      vertex 7.98373 53.921 -8.8
    endloop
  endfacet
  facet normal 0.946967 -0.32133 0
    outer loop
      vertex 7.98373 53.921 -10.4
      vertex 7.93748 53.7847 -8.8
      vertex 7.93748 53.7847 -10.4
    endloop
  endfacet
  facet normal 0.99786 0.065389 0
    outer loop
      vertex 7.90941 53.3564 -8.8
      vertex 7.9 53.5 -10.4
      vertex 7.9 53.5 -8.8
    endloop
  endfacet
  facet normal 0.99786 0.065389 0
    outer loop
      vertex 7.9 53.5 -10.4
      vertex 7.90941 53.3564 -8.8
      vertex 7.90941 53.3564 -10.4
    endloop
  endfacet
  facet normal -0.555374 0.831601 0
    outer loop
      vertex 9.66964 52.6273 -10.4
      vertex 9.55 52.5474 -8.8
      vertex 9.66964 52.6273 -8.8
    endloop
  endfacet
  facet normal -0.555374 0.831601 0
    outer loop
      vertex 9.55 52.5474 -8.8
      vertex 9.66964 52.6273 -10.4
      vertex 9.55 52.5474 -10.4
    endloop
  endfacet
  facet normal -0.980741 0.195314 0
    outer loop
      vertex 10.0625 53.2153 -10.4
      vertex 10.0906 53.3564 -8.8
      vertex 10.0906 53.3564 -10.4
    endloop
  endfacet
  facet normal -0.980741 0.195314 0
    outer loop
      vertex 10.0906 53.3564 -8.8
      vertex 10.0625 53.2153 -10.4
      vertex 10.0625 53.2153 -8.8
    endloop
  endfacet
  facet normal 0.321124 0.947037 -0
    outer loop
      vertex 8.7153 52.4375 -10.4
      vertex 8.57905 52.4837 -8.8
      vertex 8.7153 52.4375 -8.8
    endloop
  endfacet
  facet normal 0.321124 0.947037 0
    outer loop
      vertex 8.57905 52.4837 -8.8
      vertex 8.7153 52.4375 -10.4
      vertex 8.57905 52.4837 -10.4
    endloop
  endfacet
  facet normal 0.831387 0.555694 0
    outer loop
      vertex 8.12731 52.8304 -8.8
      vertex 8.04737 52.95 -10.4
      vertex 8.04737 52.95 -8.8
    endloop
  endfacet
  facet normal 0.831387 0.555694 0
    outer loop
      vertex 8.04737 52.95 -10.4
      vertex 8.12731 52.8304 -8.8
      vertex 8.12731 52.8304 -10.4
    endloop
  endfacet
  facet normal 0.980781 0.195113 0
    outer loop
      vertex 7.93748 53.2153 -8.8
      vertex 7.90941 53.3564 -10.4
      vertex 7.90941 53.3564 -8.8
    endloop
  endfacet
  facet normal 0.980781 0.195113 0
    outer loop
      vertex 7.90941 53.3564 -10.4
      vertex 7.93748 53.2153 -8.8
      vertex 7.93748 53.2153 -10.4
    endloop
  endfacet
  facet normal 0.896806 0.442424 0
    outer loop
      vertex 8.04737 52.95 -8.8
      vertex 7.98373 53.079 -10.4
      vertex 7.98373 53.079 -8.8
    endloop
  endfacet
  facet normal 0.896806 0.442424 0
    outer loop
      vertex 7.98373 53.079 -10.4
      vertex 8.04737 52.95 -8.8
      vertex 8.04737 52.95 -10.4
    endloop
  endfacet
  facet normal -0.442622 0.896708 0
    outer loop
      vertex 9.55 52.5474 -10.4
      vertex 9.42095 52.4837 -8.8
      vertex 9.55 52.5474 -8.8
    endloop
  endfacet
  facet normal -0.442622 0.896708 0
    outer loop
      vertex 9.42095 52.4837 -8.8
      vertex 9.55 52.5474 -10.4
      vertex 9.42095 52.4837 -10.4
    endloop
  endfacet
  facet normal -0.321124 0.947037 0
    outer loop
      vertex 9.42095 52.4837 -10.4
      vertex 9.2847 52.4375 -8.8
      vertex 9.42095 52.4837 -8.8
    endloop
  endfacet
  facet normal -0.321124 0.947037 0
    outer loop
      vertex 9.2847 52.4375 -8.8
      vertex 9.42095 52.4837 -10.4
      vertex 9.2847 52.4375 -10.4
    endloop
  endfacet
  facet normal 0.980781 -0.195113 0
    outer loop
      vertex 7.90941 53.6436 -8.8
      vertex 7.93748 53.7847 -10.4
      vertex 7.93748 53.7847 -8.8
    endloop
  endfacet
  facet normal 0.980781 -0.195113 0
    outer loop
      vertex 7.93748 53.7847 -10.4
      vertex 7.90941 53.6436 -8.8
      vertex 7.90941 53.6436 -10.4
    endloop
  endfacet
  facet normal 0.659458 -0.751741 0
    outer loop
      vertex 8.22218 54.2778 -10.4
      vertex 8.33036 54.3727 -8.8
      vertex 8.22218 54.2778 -8.8
    endloop
  endfacet
  facet normal 0.659458 -0.751741 0
    outer loop
      vertex 8.33036 54.3727 -8.8
      vertex 8.22218 54.2778 -10.4
      vertex 8.33036 54.3727 -10.4
    endloop
  endfacet
  facet normal 0.321124 -0.947037 0
    outer loop
      vertex 8.57905 54.5163 -10.4
      vertex 8.7153 54.5625 -8.8
      vertex 8.57905 54.5163 -8.8
    endloop
  endfacet
  facet normal 0.321124 -0.947037 0
    outer loop
      vertex 8.7153 54.5625 -8.8
      vertex 8.57905 54.5163 -10.4
      vertex 8.7153 54.5625 -10.4
    endloop
  endfacet
  facet normal -0.947073 0.321018 0
    outer loop
      vertex 10.0163 53.079 -10.4
      vertex 10.0625 53.2153 -8.8
      vertex 10.0625 53.2153 -10.4
    endloop
  endfacet
  facet normal -0.947073 0.321018 0
    outer loop
      vertex 10.0625 53.2153 -8.8
      vertex 10.0163 53.079 -10.4
      vertex 10.0163 53.079 -8.8
    endloop
  endfacet
  facet normal -0.896723 0.442592 0
    outer loop
      vertex 9.95263 52.95 -10.4
      vertex 10.0163 53.079 -8.8
      vertex 10.0163 53.079 -10.4
    endloop
  endfacet
  facet normal -0.896723 0.442592 0
    outer loop
      vertex 10.0163 53.079 -8.8
      vertex 9.95263 52.95 -10.4
      vertex 9.95263 52.95 -8.8
    endloop
  endfacet
  facet normal -0.0653289 0.997864 0
    outer loop
      vertex 9.14358 52.4094 -10.4
      vertex 9 52.4 -8.8
      vertex 9.14358 52.4094 -8.8
    endloop
  endfacet
  facet normal -0.0653289 0.997864 0
    outer loop
      vertex 9 52.4 -8.8
      vertex 9.14358 52.4094 -10.4
      vertex 9 52.4 -10.4
    endloop
  endfacet
  facet normal 0.555374 0.831601 -0
    outer loop
      vertex 8.45 52.5474 -10.4
      vertex 8.33036 52.6273 -8.8
      vertex 8.45 52.5474 -8.8
    endloop
  endfacet
  facet normal 0.555374 0.831601 0
    outer loop
      vertex 8.33036 52.6273 -8.8
      vertex 8.45 52.5474 -10.4
      vertex 8.33036 52.6273 -10.4
    endloop
  endfacet
  facet normal 0.946967 0.32133 0
    outer loop
      vertex 7.98373 53.079 -8.8
      vertex 7.93748 53.2153 -10.4
      vertex 7.93748 53.2153 -8.8
    endloop
  endfacet
  facet normal 0.946967 0.32133 0
    outer loop
      vertex 7.93748 53.2153 -10.4
      vertex 7.98373 53.079 -8.8
      vertex 7.98373 53.079 -10.4
    endloop
  endfacet
  facet normal -0.659458 0.751741 0
    outer loop
      vertex 9.77782 52.7222 -10.4
      vertex 9.66964 52.6273 -8.8
      vertex 9.77782 52.7222 -8.8
    endloop
  endfacet
  facet normal -0.659458 0.751741 0
    outer loop
      vertex 9.66964 52.6273 -8.8
      vertex 9.77782 52.7222 -10.4
      vertex 9.66964 52.6273 -10.4
    endloop
  endfacet
  facet normal -0.751905 0.659272 0
    outer loop
      vertex 9.77782 52.7222 -10.4
      vertex 9.87269 52.8304 -8.8
      vertex 9.87269 52.8304 -10.4
    endloop
  endfacet
  facet normal -0.751905 0.659272 0
    outer loop
      vertex 9.87269 52.8304 -8.8
      vertex 9.77782 52.7222 -10.4
      vertex 9.77782 52.7222 -8.8
    endloop
  endfacet
  facet normal 0.195287 0.980746 -0
    outer loop
      vertex 8.85642 52.4094 -10.4
      vertex 8.7153 52.4375 -8.8
      vertex 8.85642 52.4094 -8.8
    endloop
  endfacet
  facet normal 0.195287 0.980746 0
    outer loop
      vertex 8.7153 52.4375 -8.8
      vertex 8.85642 52.4094 -10.4
      vertex 8.7153 52.4375 -10.4
    endloop
  endfacet
  facet normal 0.442622 0.896708 -0
    outer loop
      vertex 8.57905 52.4837 -10.4
      vertex 8.45 52.5474 -8.8
      vertex 8.57905 52.4837 -8.8
    endloop
  endfacet
  facet normal 0.442622 0.896708 0
    outer loop
      vertex 8.45 52.5474 -8.8
      vertex 8.57905 52.4837 -10.4
      vertex 8.45 52.5474 -10.4
    endloop
  endfacet
  facet normal 0.659458 0.751741 -0
    outer loop
      vertex 8.33036 52.6273 -10.4
      vertex 8.22218 52.7222 -8.8
      vertex 8.33036 52.6273 -8.8
    endloop
  endfacet
  facet normal 0.659458 0.751741 0
    outer loop
      vertex 8.22218 52.7222 -8.8
      vertex 8.33036 52.6273 -10.4
      vertex 8.22218 52.7222 -10.4
    endloop
  endfacet
  facet normal 0.751905 0.659272 0
    outer loop
      vertex 8.22218 52.7222 -8.8
      vertex 8.12731 52.8304 -10.4
      vertex 8.12731 52.8304 -8.8
    endloop
  endfacet
  facet normal 0.751905 0.659272 0
    outer loop
      vertex 8.12731 52.8304 -10.4
      vertex 8.22218 52.7222 -8.8
      vertex 8.22218 52.7222 -10.4
    endloop
  endfacet
  facet normal 0.0653289 0.997864 -0
    outer loop
      vertex 9 52.4 -10.4
      vertex 8.85642 52.4094 -8.8
      vertex 9 52.4 -8.8
    endloop
  endfacet
  facet normal 0.0653289 0.997864 0
    outer loop
      vertex 8.85642 52.4094 -8.8
      vertex 9 52.4 -10.4
      vertex 8.85642 52.4094 -10.4
    endloop
  endfacet
  facet normal -0.831515 -0.555502 0
    outer loop
      vertex 13.4526 47.05 -10.4
      vertex 13.3727 47.1696 -8.8
      vertex 13.3727 47.1696 -10.4
    endloop
  endfacet
  facet normal -0.831515 -0.555502 0
    outer loop
      vertex 13.3727 47.1696 -8.8
      vertex 13.4526 47.05 -10.4
      vertex 13.4526 47.05 -8.8
    endloop
  endfacet
  facet normal -0.321018 -0.947073 0
    outer loop
      vertex 12.7847 47.5625 -10.4
      vertex 12.921 47.5163 -8.8
      vertex 12.7847 47.5625 -8.8
    endloop
  endfacet
  facet normal -0.321018 -0.947073 -0
    outer loop
      vertex 12.921 47.5163 -8.8
      vertex 12.7847 47.5625 -10.4
      vertex 12.921 47.5163 -10.4
    endloop
  endfacet
  facet normal 0.44276 -0.89664 0
    outer loop
      vertex 11.95 47.4526 -10.4
      vertex 12.079 47.5163 -8.8
      vertex 11.95 47.4526 -8.8
    endloop
  endfacet
  facet normal 0.44276 -0.89664 0
    outer loop
      vertex 12.079 47.5163 -8.8
      vertex 11.95 47.4526 -10.4
      vertex 12.079 47.5163 -10.4
    endloop
  endfacet
  facet normal 0.947073 -0.321018 0
    outer loop
      vertex 11.4375 46.7847 -8.8
      vertex 11.4837 46.921 -10.4
      vertex 11.4837 46.921 -8.8
    endloop
  endfacet
  facet normal 0.947073 -0.321018 0
    outer loop
      vertex 11.4837 46.921 -10.4
      vertex 11.4375 46.7847 -8.8
      vertex 11.4375 46.7847 -10.4
    endloop
  endfacet
  facet normal -0.980741 0.195314 0
    outer loop
      vertex 13.5625 46.2153 -10.4
      vertex 13.5906 46.3564 -8.8
      vertex 13.5906 46.3564 -10.4
    endloop
  endfacet
  facet normal -0.980741 0.195314 0
    outer loop
      vertex 13.5906 46.3564 -8.8
      vertex 13.5625 46.2153 -10.4
      vertex 13.5625 46.2153 -8.8
    endloop
  endfacet
  facet normal 0.0653198 -0.997864 0
    outer loop
      vertex 12.3564 47.5906 -10.4
      vertex 12.5 47.6 -8.8
      vertex 12.3564 47.5906 -8.8
    endloop
  endfacet
  facet normal 0.0653198 -0.997864 0
    outer loop
      vertex 12.5 47.6 -8.8
      vertex 12.3564 47.5906 -10.4
      vertex 12.5 47.6 -10.4
    endloop
  endfacet
  facet normal -0.555502 -0.831515 0
    outer loop
      vertex 13.05 47.4526 -10.4
      vertex 13.1696 47.3727 -8.8
      vertex 13.05 47.4526 -8.8
    endloop
  endfacet
  facet normal -0.555502 -0.831515 -0
    outer loop
      vertex 13.1696 47.3727 -8.8
      vertex 13.05 47.4526 -10.4
      vertex 13.1696 47.3727 -10.4
    endloop
  endfacet
  facet normal 0.997864 0.0653198 0
    outer loop
      vertex 11.4094 46.3564 -8.8
      vertex 11.4 46.5 -10.4
      vertex 11.4 46.5 -8.8
    endloop
  endfacet
  facet normal 0.997864 0.0653198 0
    outer loop
      vertex 11.4 46.5 -10.4
      vertex 11.4094 46.3564 -8.8
      vertex 11.4094 46.3564 -10.4
    endloop
  endfacet
  facet normal 0.831515 -0.555502 0
    outer loop
      vertex 11.5474 47.05 -8.8
      vertex 11.6273 47.1696 -10.4
      vertex 11.6273 47.1696 -8.8
    endloop
  endfacet
  facet normal 0.831515 -0.555502 0
    outer loop
      vertex 11.6273 47.1696 -10.4
      vertex 11.5474 47.05 -8.8
      vertex 11.5474 47.05 -10.4
    endloop
  endfacet
  facet normal 0.555502 -0.831515 0
    outer loop
      vertex 11.8304 47.3727 -10.4
      vertex 11.95 47.4526 -8.8
      vertex 11.8304 47.3727 -8.8
    endloop
  endfacet
  facet normal 0.555502 -0.831515 0
    outer loop
      vertex 11.95 47.4526 -8.8
      vertex 11.8304 47.3727 -10.4
      vertex 11.95 47.4526 -10.4
    endloop
  endfacet
  facet normal 0.195314 -0.980741 0
    outer loop
      vertex 12.2153 47.5625 -10.4
      vertex 12.3564 47.5906 -8.8
      vertex 12.2153 47.5625 -8.8
    endloop
  endfacet
  facet normal 0.195314 -0.980741 0
    outer loop
      vertex 12.3564 47.5906 -8.8
      vertex 12.2153 47.5625 -10.4
      vertex 12.3564 47.5906 -10.4
    endloop
  endfacet
  facet normal -0.997864 -0.0653198 0
    outer loop
      vertex 13.6 46.5 -10.4
      vertex 13.5906 46.6436 -8.8
      vertex 13.5906 46.6436 -10.4
    endloop
  endfacet
  facet normal -0.997864 -0.0653198 0
    outer loop
      vertex 13.5906 46.6436 -8.8
      vertex 13.6 46.5 -10.4
      vertex 13.6 46.5 -8.8
    endloop
  endfacet
  facet normal -0.947073 0.321018 0
    outer loop
      vertex 13.5163 46.079 -10.4
      vertex 13.5625 46.2153 -8.8
      vertex 13.5625 46.2153 -10.4
    endloop
  endfacet
  facet normal -0.947073 0.321018 0
    outer loop
      vertex 13.5625 46.2153 -8.8
      vertex 13.5163 46.079 -10.4
      vertex 13.5163 46.079 -8.8
    endloop
  endfacet
  facet normal 0.555502 0.831515 -0
    outer loop
      vertex 11.95 45.5474 -10.4
      vertex 11.8304 45.6273 -8.8
      vertex 11.95 45.5474 -8.8
    endloop
  endfacet
  facet normal 0.555502 0.831515 0
    outer loop
      vertex 11.8304 45.6273 -8.8
      vertex 11.95 45.5474 -10.4
      vertex 11.8304 45.6273 -10.4
    endloop
  endfacet
  facet normal 0.831515 0.555502 0
    outer loop
      vertex 11.6273 45.8304 -8.8
      vertex 11.5474 45.95 -10.4
      vertex 11.5474 45.95 -8.8
    endloop
  endfacet
  facet normal 0.831515 0.555502 0
    outer loop
      vertex 11.5474 45.95 -10.4
      vertex 11.6273 45.8304 -8.8
      vertex 11.6273 45.8304 -10.4
    endloop
  endfacet
  facet normal -0.555502 0.831515 0
    outer loop
      vertex 13.1696 45.6273 -10.4
      vertex 13.05 45.5474 -8.8
      vertex 13.1696 45.6273 -8.8
    endloop
  endfacet
  facet normal -0.555502 0.831515 0
    outer loop
      vertex 13.05 45.5474 -8.8
      vertex 13.1696 45.6273 -10.4
      vertex 13.05 45.5474 -10.4
    endloop
  endfacet
  facet normal -0.65939 -0.751801 0
    outer loop
      vertex 13.1696 47.3727 -10.4
      vertex 13.2778 47.2778 -8.8
      vertex 13.1696 47.3727 -8.8
    endloop
  endfacet
  facet normal -0.65939 -0.751801 -0
    outer loop
      vertex 13.2778 47.2778 -8.8
      vertex 13.1696 47.3727 -10.4
      vertex 13.2778 47.2778 -10.4
    endloop
  endfacet
  facet normal -0.195314 -0.980741 0
    outer loop
      vertex 12.6436 47.5906 -10.4
      vertex 12.7847 47.5625 -8.8
      vertex 12.6436 47.5906 -8.8
    endloop
  endfacet
  facet normal -0.195314 -0.980741 -0
    outer loop
      vertex 12.7847 47.5625 -8.8
      vertex 12.6436 47.5906 -10.4
      vertex 12.7847 47.5625 -10.4
    endloop
  endfacet
  facet normal -0.0653198 -0.997864 0
    outer loop
      vertex 12.5 47.6 -10.4
      vertex 12.6436 47.5906 -8.8
      vertex 12.5 47.6 -8.8
    endloop
  endfacet
  facet normal -0.0653198 -0.997864 -0
    outer loop
      vertex 12.6436 47.5906 -8.8
      vertex 12.5 47.6 -10.4
      vertex 12.6436 47.5906 -10.4
    endloop
  endfacet
  facet normal -0.44276 -0.89664 0
    outer loop
      vertex 12.921 47.5163 -10.4
      vertex 13.05 47.4526 -8.8
      vertex 12.921 47.5163 -8.8
    endloop
  endfacet
  facet normal -0.44276 -0.89664 -0
    outer loop
      vertex 13.05 47.4526 -8.8
      vertex 12.921 47.5163 -10.4
      vertex 13.05 47.4526 -10.4
    endloop
  endfacet
  facet normal 0.980741 -0.195314 0
    outer loop
      vertex 11.4094 46.6436 -8.8
      vertex 11.4375 46.7847 -10.4
      vertex 11.4375 46.7847 -8.8
    endloop
  endfacet
  facet normal 0.980741 -0.195314 0
    outer loop
      vertex 11.4375 46.7847 -10.4
      vertex 11.4094 46.6436 -8.8
      vertex 11.4094 46.6436 -10.4
    endloop
  endfacet
  facet normal 0.997864 -0.0653198 0
    outer loop
      vertex 11.4 46.5 -8.8
      vertex 11.4094 46.6436 -10.4
      vertex 11.4094 46.6436 -8.8
    endloop
  endfacet
  facet normal 0.997864 -0.0653198 0
    outer loop
      vertex 11.4094 46.6436 -10.4
      vertex 11.4 46.5 -8.8
      vertex 11.4 46.5 -10.4
    endloop
  endfacet
  facet normal 0.89664 -0.44276 0
    outer loop
      vertex 11.4837 46.921 -8.8
      vertex 11.5474 47.05 -10.4
      vertex 11.5474 47.05 -8.8
    endloop
  endfacet
  facet normal 0.89664 -0.44276 0
    outer loop
      vertex 11.5474 47.05 -10.4
      vertex 11.4837 46.921 -8.8
      vertex 11.4837 46.921 -10.4
    endloop
  endfacet
  facet normal 0.321018 -0.947073 0
    outer loop
      vertex 12.079 47.5163 -10.4
      vertex 12.2153 47.5625 -8.8
      vertex 12.079 47.5163 -8.8
    endloop
  endfacet
  facet normal 0.321018 -0.947073 0
    outer loop
      vertex 12.2153 47.5625 -8.8
      vertex 12.079 47.5163 -10.4
      vertex 12.2153 47.5625 -10.4
    endloop
  endfacet
  facet normal 0.65939 -0.751801 0
    outer loop
      vertex 11.7222 47.2778 -10.4
      vertex 11.8304 47.3727 -8.8
      vertex 11.7222 47.2778 -8.8
    endloop
  endfacet
  facet normal 0.65939 -0.751801 0
    outer loop
      vertex 11.8304 47.3727 -8.8
      vertex 11.7222 47.2778 -10.4
      vertex 11.8304 47.3727 -10.4
    endloop
  endfacet
  facet normal 0.751801 -0.65939 0
    outer loop
      vertex 11.6273 47.1696 -8.8
      vertex 11.7222 47.2778 -10.4
      vertex 11.7222 47.2778 -8.8
    endloop
  endfacet
  facet normal 0.751801 -0.65939 0
    outer loop
      vertex 11.7222 47.2778 -10.4
      vertex 11.6273 47.1696 -8.8
      vertex 11.6273 47.1696 -10.4
    endloop
  endfacet
  facet normal -0.831515 0.555502 0
    outer loop
      vertex 13.3727 45.8304 -10.4
      vertex 13.4526 45.95 -8.8
      vertex 13.4526 45.95 -10.4
    endloop
  endfacet
  facet normal -0.831515 0.555502 0
    outer loop
      vertex 13.4526 45.95 -8.8
      vertex 13.3727 45.8304 -10.4
      vertex 13.3727 45.8304 -8.8
    endloop
  endfacet
  facet normal -0.0653198 0.997864 0
    outer loop
      vertex 12.6436 45.4094 -10.4
      vertex 12.5 45.4 -8.8
      vertex 12.6436 45.4094 -8.8
    endloop
  endfacet
  facet normal -0.0653198 0.997864 0
    outer loop
      vertex 12.5 45.4 -8.8
      vertex 12.6436 45.4094 -10.4
      vertex 12.5 45.4 -10.4
    endloop
  endfacet
  facet normal 0.751801 0.65939 0
    outer loop
      vertex 11.7222 45.7222 -8.8
      vertex 11.6273 45.8304 -10.4
      vertex 11.6273 45.8304 -8.8
    endloop
  endfacet
  facet normal 0.751801 0.65939 0
    outer loop
      vertex 11.6273 45.8304 -10.4
      vertex 11.7222 45.7222 -8.8
      vertex 11.7222 45.7222 -10.4
    endloop
  endfacet
  facet normal -0.195314 0.980741 0
    outer loop
      vertex 12.7847 45.4375 -10.4
      vertex 12.6436 45.4094 -8.8
      vertex 12.7847 45.4375 -8.8
    endloop
  endfacet
  facet normal -0.195314 0.980741 0
    outer loop
      vertex 12.6436 45.4094 -8.8
      vertex 12.7847 45.4375 -10.4
      vertex 12.6436 45.4094 -10.4
    endloop
  endfacet
  facet normal -0.751801 0.65939 0
    outer loop
      vertex 13.2778 45.7222 -10.4
      vertex 13.3727 45.8304 -8.8
      vertex 13.3727 45.8304 -10.4
    endloop
  endfacet
  facet normal -0.751801 0.65939 0
    outer loop
      vertex 13.3727 45.8304 -8.8
      vertex 13.2778 45.7222 -10.4
      vertex 13.2778 45.7222 -8.8
    endloop
  endfacet
  facet normal -0.89664 -0.44276 0
    outer loop
      vertex 13.5163 46.921 -10.4
      vertex 13.4526 47.05 -8.8
      vertex 13.4526 47.05 -10.4
    endloop
  endfacet
  facet normal -0.89664 -0.44276 0
    outer loop
      vertex 13.4526 47.05 -8.8
      vertex 13.5163 46.921 -10.4
      vertex 13.5163 46.921 -8.8
    endloop
  endfacet
  facet normal -0.947073 -0.321018 0
    outer loop
      vertex 13.5625 46.7847 -10.4
      vertex 13.5163 46.921 -8.8
      vertex 13.5163 46.921 -10.4
    endloop
  endfacet
  facet normal -0.947073 -0.321018 0
    outer loop
      vertex 13.5163 46.921 -8.8
      vertex 13.5625 46.7847 -10.4
      vertex 13.5625 46.7847 -8.8
    endloop
  endfacet
  facet normal -0.980741 -0.195314 0
    outer loop
      vertex 13.5906 46.6436 -10.4
      vertex 13.5625 46.7847 -8.8
      vertex 13.5625 46.7847 -10.4
    endloop
  endfacet
  facet normal -0.980741 -0.195314 0
    outer loop
      vertex 13.5625 46.7847 -8.8
      vertex 13.5906 46.6436 -10.4
      vertex 13.5906 46.6436 -8.8
    endloop
  endfacet
  facet normal -0.751801 -0.65939 0
    outer loop
      vertex 13.3727 47.1696 -10.4
      vertex 13.2778 47.2778 -8.8
      vertex 13.2778 47.2778 -10.4
    endloop
  endfacet
  facet normal -0.751801 -0.65939 0
    outer loop
      vertex 13.2778 47.2778 -8.8
      vertex 13.3727 47.1696 -10.4
      vertex 13.3727 47.1696 -8.8
    endloop
  endfacet
  facet normal -0.997864 0.0653198 0
    outer loop
      vertex 13.5906 46.3564 -10.4
      vertex 13.6 46.5 -8.8
      vertex 13.6 46.5 -10.4
    endloop
  endfacet
  facet normal -0.997864 0.0653198 0
    outer loop
      vertex 13.6 46.5 -8.8
      vertex 13.5906 46.3564 -10.4
      vertex 13.5906 46.3564 -8.8
    endloop
  endfacet
  facet normal -0.89664 0.44276 0
    outer loop
      vertex 13.4526 45.95 -10.4
      vertex 13.5163 46.079 -8.8
      vertex 13.5163 46.079 -10.4
    endloop
  endfacet
  facet normal -0.89664 0.44276 0
    outer loop
      vertex 13.5163 46.079 -8.8
      vertex 13.4526 45.95 -10.4
      vertex 13.4526 45.95 -8.8
    endloop
  endfacet
  facet normal 0.321018 0.947073 -0
    outer loop
      vertex 12.2153 45.4375 -10.4
      vertex 12.079 45.4837 -8.8
      vertex 12.2153 45.4375 -8.8
    endloop
  endfacet
  facet normal 0.321018 0.947073 0
    outer loop
      vertex 12.079 45.4837 -8.8
      vertex 12.2153 45.4375 -10.4
      vertex 12.079 45.4837 -10.4
    endloop
  endfacet
  facet normal 0.195314 0.980741 -0
    outer loop
      vertex 12.3564 45.4094 -10.4
      vertex 12.2153 45.4375 -8.8
      vertex 12.3564 45.4094 -8.8
    endloop
  endfacet
  facet normal 0.195314 0.980741 0
    outer loop
      vertex 12.2153 45.4375 -8.8
      vertex 12.3564 45.4094 -10.4
      vertex 12.2153 45.4375 -10.4
    endloop
  endfacet
  facet normal 0.89664 0.44276 0
    outer loop
      vertex 11.5474 45.95 -8.8
      vertex 11.4837 46.079 -10.4
      vertex 11.4837 46.079 -8.8
    endloop
  endfacet
  facet normal 0.89664 0.44276 0
    outer loop
      vertex 11.4837 46.079 -10.4
      vertex 11.5474 45.95 -8.8
      vertex 11.5474 45.95 -10.4
    endloop
  endfacet
  facet normal 0.947073 0.321018 0
    outer loop
      vertex 11.4837 46.079 -8.8
      vertex 11.4375 46.2153 -10.4
      vertex 11.4375 46.2153 -8.8
    endloop
  endfacet
  facet normal 0.947073 0.321018 0
    outer loop
      vertex 11.4375 46.2153 -10.4
      vertex 11.4837 46.079 -8.8
      vertex 11.4837 46.079 -10.4
    endloop
  endfacet
  facet normal 0.980741 0.195314 0
    outer loop
      vertex 11.4375 46.2153 -8.8
      vertex 11.4094 46.3564 -10.4
      vertex 11.4094 46.3564 -8.8
    endloop
  endfacet
  facet normal 0.980741 0.195314 0
    outer loop
      vertex 11.4094 46.3564 -10.4
      vertex 11.4375 46.2153 -8.8
      vertex 11.4375 46.2153 -10.4
    endloop
  endfacet
  facet normal 0.65939 0.751801 -0
    outer loop
      vertex 11.8304 45.6273 -10.4
      vertex 11.7222 45.7222 -8.8
      vertex 11.8304 45.6273 -8.8
    endloop
  endfacet
  facet normal 0.65939 0.751801 0
    outer loop
      vertex 11.7222 45.7222 -8.8
      vertex 11.8304 45.6273 -10.4
      vertex 11.7222 45.7222 -10.4
    endloop
  endfacet
  facet normal -0.44276 0.89664 0
    outer loop
      vertex 13.05 45.5474 -10.4
      vertex 12.921 45.4837 -8.8
      vertex 13.05 45.5474 -8.8
    endloop
  endfacet
  facet normal -0.44276 0.89664 0
    outer loop
      vertex 12.921 45.4837 -8.8
      vertex 13.05 45.5474 -10.4
      vertex 12.921 45.4837 -10.4
    endloop
  endfacet
  facet normal -0.321018 0.947073 0
    outer loop
      vertex 12.921 45.4837 -10.4
      vertex 12.7847 45.4375 -8.8
      vertex 12.921 45.4837 -8.8
    endloop
  endfacet
  facet normal -0.321018 0.947073 0
    outer loop
      vertex 12.7847 45.4375 -8.8
      vertex 12.921 45.4837 -10.4
      vertex 12.7847 45.4375 -10.4
    endloop
  endfacet
  facet normal -0.65939 0.751801 0
    outer loop
      vertex 13.2778 45.7222 -10.4
      vertex 13.1696 45.6273 -8.8
      vertex 13.2778 45.7222 -8.8
    endloop
  endfacet
  facet normal -0.65939 0.751801 0
    outer loop
      vertex 13.1696 45.6273 -8.8
      vertex 13.2778 45.7222 -10.4
      vertex 13.1696 45.6273 -10.4
    endloop
  endfacet
  facet normal 0.44276 0.89664 -0
    outer loop
      vertex 12.079 45.4837 -10.4
      vertex 11.95 45.5474 -8.8
      vertex 12.079 45.4837 -8.8
    endloop
  endfacet
  facet normal 0.44276 0.89664 0
    outer loop
      vertex 11.95 45.5474 -8.8
      vertex 12.079 45.4837 -10.4
      vertex 11.95 45.5474 -10.4
    endloop
  endfacet
  facet normal 0.0653198 0.997864 -0
    outer loop
      vertex 12.5 45.4 -10.4
      vertex 12.3564 45.4094 -8.8
      vertex 12.5 45.4 -8.8
    endloop
  endfacet
  facet normal 0.0653198 0.997864 0
    outer loop
      vertex 12.3564 45.4094 -8.8
      vertex 12.5 45.4 -10.4
      vertex 12.3564 45.4094 -10.4
    endloop
  endfacet
  facet normal -0.997864 -0.0653198 0
    outer loop
      vertex 13.6 50 -10.4
      vertex 13.5906 50.1436 -8.8
      vertex 13.5906 50.1436 -10.4
    endloop
  endfacet
  facet normal -0.997864 -0.0653198 0
    outer loop
      vertex 13.5906 50.1436 -8.8
      vertex 13.6 50 -10.4
      vertex 13.6 50 -8.8
    endloop
  endfacet
  facet normal 0.0653198 -0.997864 0
    outer loop
      vertex 12.3564 51.0906 -10.4
      vertex 12.5 51.1 -8.8
      vertex 12.3564 51.0906 -8.8
    endloop
  endfacet
  facet normal 0.0653198 -0.997864 0
    outer loop
      vertex 12.5 51.1 -8.8
      vertex 12.3564 51.0906 -10.4
      vertex 12.5 51.1 -10.4
    endloop
  endfacet
  facet normal -0.0653198 0.997864 0
    outer loop
      vertex 12.6436 48.9094 -10.4
      vertex 12.5 48.9 -8.8
      vertex 12.6436 48.9094 -8.8
    endloop
  endfacet
  facet normal -0.0653198 0.997864 0
    outer loop
      vertex 12.5 48.9 -8.8
      vertex 12.6436 48.9094 -10.4
      vertex 12.5 48.9 -10.4
    endloop
  endfacet
  facet normal -0.751801 0.65939 0
    outer loop
      vertex 13.2778 49.2222 -10.4
      vertex 13.3727 49.3304 -8.8
      vertex 13.3727 49.3304 -10.4
    endloop
  endfacet
  facet normal -0.751801 0.65939 0
    outer loop
      vertex 13.3727 49.3304 -8.8
      vertex 13.2778 49.2222 -10.4
      vertex 13.2778 49.2222 -8.8
    endloop
  endfacet
  facet normal -0.65939 -0.751801 0
    outer loop
      vertex 13.1696 50.8727 -10.4
      vertex 13.2778 50.7778 -8.8
      vertex 13.1696 50.8727 -8.8
    endloop
  endfacet
  facet normal -0.65939 -0.751801 -0
    outer loop
      vertex 13.2778 50.7778 -8.8
      vertex 13.1696 50.8727 -10.4
      vertex 13.2778 50.7778 -10.4
    endloop
  endfacet
  facet normal 0.751801 -0.65939 0
    outer loop
      vertex 11.6273 50.6696 -8.8
      vertex 11.7222 50.7778 -10.4
      vertex 11.7222 50.7778 -8.8
    endloop
  endfacet
  facet normal 0.751801 -0.65939 0
    outer loop
      vertex 11.7222 50.7778 -10.4
      vertex 11.6273 50.6696 -8.8
      vertex 11.6273 50.6696 -10.4
    endloop
  endfacet
  facet normal 0.44276 -0.89664 0
    outer loop
      vertex 11.95 50.9526 -10.4
      vertex 12.079 51.0163 -8.8
      vertex 11.95 50.9526 -8.8
    endloop
  endfacet
  facet normal 0.44276 -0.89664 0
    outer loop
      vertex 12.079 51.0163 -8.8
      vertex 11.95 50.9526 -10.4
      vertex 12.079 51.0163 -10.4
    endloop
  endfacet
  facet normal -0.89664 -0.44276 0
    outer loop
      vertex 13.5163 50.421 -10.4
      vertex 13.4526 50.55 -8.8
      vertex 13.4526 50.55 -10.4
    endloop
  endfacet
  facet normal -0.89664 -0.44276 0
    outer loop
      vertex 13.4526 50.55 -8.8
      vertex 13.5163 50.421 -10.4
      vertex 13.5163 50.421 -8.8
    endloop
  endfacet
  facet normal -0.980741 -0.195314 0
    outer loop
      vertex 13.5906 50.1436 -10.4
      vertex 13.5625 50.2847 -8.8
      vertex 13.5625 50.2847 -10.4
    endloop
  endfacet
  facet normal -0.980741 -0.195314 0
    outer loop
      vertex 13.5625 50.2847 -8.8
      vertex 13.5906 50.1436 -10.4
      vertex 13.5906 50.1436 -8.8
    endloop
  endfacet
  facet normal -0.831515 -0.555502 0
    outer loop
      vertex 13.4526 50.55 -10.4
      vertex 13.3727 50.6696 -8.8
      vertex 13.3727 50.6696 -10.4
    endloop
  endfacet
  facet normal -0.831515 -0.555502 0
    outer loop
      vertex 13.3727 50.6696 -8.8
      vertex 13.4526 50.55 -10.4
      vertex 13.4526 50.55 -8.8
    endloop
  endfacet
  facet normal -0.321018 -0.947073 0
    outer loop
      vertex 12.7847 51.0625 -10.4
      vertex 12.921 51.0163 -8.8
      vertex 12.7847 51.0625 -8.8
    endloop
  endfacet
  facet normal -0.321018 -0.947073 -0
    outer loop
      vertex 12.921 51.0163 -8.8
      vertex 12.7847 51.0625 -10.4
      vertex 12.921 51.0163 -10.4
    endloop
  endfacet
  facet normal -0.555502 -0.831515 0
    outer loop
      vertex 13.05 50.9526 -10.4
      vertex 13.1696 50.8727 -8.8
      vertex 13.05 50.9526 -8.8
    endloop
  endfacet
  facet normal -0.555502 -0.831515 -0
    outer loop
      vertex 13.1696 50.8727 -8.8
      vertex 13.05 50.9526 -10.4
      vertex 13.1696 50.8727 -10.4
    endloop
  endfacet
  facet normal 0.89664 -0.44276 0
    outer loop
      vertex 11.4837 50.421 -8.8
      vertex 11.5474 50.55 -10.4
      vertex 11.5474 50.55 -8.8
    endloop
  endfacet
  facet normal 0.89664 -0.44276 0
    outer loop
      vertex 11.5474 50.55 -10.4
      vertex 11.4837 50.421 -8.8
      vertex 11.4837 50.421 -10.4
    endloop
  endfacet
  facet normal 0.831515 -0.555502 0
    outer loop
      vertex 11.5474 50.55 -8.8
      vertex 11.6273 50.6696 -10.4
      vertex 11.6273 50.6696 -8.8
    endloop
  endfacet
  facet normal 0.831515 -0.555502 0
    outer loop
      vertex 11.6273 50.6696 -10.4
      vertex 11.5474 50.55 -8.8
      vertex 11.5474 50.55 -10.4
    endloop
  endfacet
  facet normal 0.555502 -0.831515 0
    outer loop
      vertex 11.8304 50.8727 -10.4
      vertex 11.95 50.9526 -8.8
      vertex 11.8304 50.8727 -8.8
    endloop
  endfacet
  facet normal 0.555502 -0.831515 0
    outer loop
      vertex 11.95 50.9526 -8.8
      vertex 11.8304 50.8727 -10.4
      vertex 11.95 50.9526 -10.4
    endloop
  endfacet
  facet normal 0.195314 -0.980741 0
    outer loop
      vertex 12.2153 51.0625 -10.4
      vertex 12.3564 51.0906 -8.8
      vertex 12.2153 51.0625 -8.8
    endloop
  endfacet
  facet normal 0.195314 -0.980741 0
    outer loop
      vertex 12.3564 51.0906 -8.8
      vertex 12.2153 51.0625 -10.4
      vertex 12.3564 51.0906 -10.4
    endloop
  endfacet
  facet normal -0.195314 0.980741 0
    outer loop
      vertex 12.7847 48.9375 -10.4
      vertex 12.6436 48.9094 -8.8
      vertex 12.7847 48.9375 -8.8
    endloop
  endfacet
  facet normal -0.195314 0.980741 0
    outer loop
      vertex 12.6436 48.9094 -8.8
      vertex 12.7847 48.9375 -10.4
      vertex 12.6436 48.9094 -10.4
    endloop
  endfacet
  facet normal -0.947073 -0.321018 0
    outer loop
      vertex 13.5625 50.2847 -10.4
      vertex 13.5163 50.421 -8.8
      vertex 13.5163 50.421 -10.4
    endloop
  endfacet
  facet normal -0.947073 -0.321018 0
    outer loop
      vertex 13.5163 50.421 -8.8
      vertex 13.5625 50.2847 -10.4
      vertex 13.5625 50.2847 -8.8
    endloop
  endfacet
  facet normal -0.751801 -0.65939 0
    outer loop
      vertex 13.3727 50.6696 -10.4
      vertex 13.2778 50.7778 -8.8
      vertex 13.2778 50.7778 -10.4
    endloop
  endfacet
  facet normal -0.751801 -0.65939 0
    outer loop
      vertex 13.2778 50.7778 -8.8
      vertex 13.3727 50.6696 -10.4
      vertex 13.3727 50.6696 -8.8
    endloop
  endfacet
  facet normal -0.195314 -0.980741 0
    outer loop
      vertex 12.6436 51.0906 -10.4
      vertex 12.7847 51.0625 -8.8
      vertex 12.6436 51.0906 -8.8
    endloop
  endfacet
  facet normal -0.195314 -0.980741 -0
    outer loop
      vertex 12.7847 51.0625 -8.8
      vertex 12.6436 51.0906 -10.4
      vertex 12.7847 51.0625 -10.4
    endloop
  endfacet
  facet normal -0.0653198 -0.997864 0
    outer loop
      vertex 12.5 51.1 -10.4
      vertex 12.6436 51.0906 -8.8
      vertex 12.5 51.1 -8.8
    endloop
  endfacet
  facet normal -0.0653198 -0.997864 -0
    outer loop
      vertex 12.6436 51.0906 -8.8
      vertex 12.5 51.1 -10.4
      vertex 12.6436 51.0906 -10.4
    endloop
  endfacet
  facet normal -0.44276 -0.89664 0
    outer loop
      vertex 12.921 51.0163 -10.4
      vertex 13.05 50.9526 -8.8
      vertex 12.921 51.0163 -8.8
    endloop
  endfacet
  facet normal -0.44276 -0.89664 -0
    outer loop
      vertex 13.05 50.9526 -8.8
      vertex 12.921 51.0163 -10.4
      vertex 13.05 50.9526 -10.4
    endloop
  endfacet
  facet normal 0.947073 -0.321018 0
    outer loop
      vertex 11.4375 50.2847 -8.8
      vertex 11.4837 50.421 -10.4
      vertex 11.4837 50.421 -8.8
    endloop
  endfacet
  facet normal 0.947073 -0.321018 0
    outer loop
      vertex 11.4837 50.421 -10.4
      vertex 11.4375 50.2847 -8.8
      vertex 11.4375 50.2847 -10.4
    endloop
  endfacet
  facet normal 0.980741 -0.195314 0
    outer loop
      vertex 11.4094 50.1436 -8.8
      vertex 11.4375 50.2847 -10.4
      vertex 11.4375 50.2847 -8.8
    endloop
  endfacet
  facet normal 0.980741 -0.195314 0
    outer loop
      vertex 11.4375 50.2847 -10.4
      vertex 11.4094 50.1436 -8.8
      vertex 11.4094 50.1436 -10.4
    endloop
  endfacet
  facet normal 0.997864 -0.0653198 0
    outer loop
      vertex 11.4 50 -8.8
      vertex 11.4094 50.1436 -10.4
      vertex 11.4094 50.1436 -8.8
    endloop
  endfacet
  facet normal 0.997864 -0.0653198 0
    outer loop
      vertex 11.4094 50.1436 -10.4
      vertex 11.4 50 -8.8
      vertex 11.4 50 -10.4
    endloop
  endfacet
  facet normal 0.997864 0.0653198 0
    outer loop
      vertex 11.4094 49.8564 -8.8
      vertex 11.4 50 -10.4
      vertex 11.4 50 -8.8
    endloop
  endfacet
  facet normal 0.997864 0.0653198 0
    outer loop
      vertex 11.4 50 -10.4
      vertex 11.4094 49.8564 -8.8
      vertex 11.4094 49.8564 -10.4
    endloop
  endfacet
  facet normal 0.321018 -0.947073 0
    outer loop
      vertex 12.079 51.0163 -10.4
      vertex 12.2153 51.0625 -8.8
      vertex 12.079 51.0163 -8.8
    endloop
  endfacet
  facet normal 0.321018 -0.947073 0
    outer loop
      vertex 12.2153 51.0625 -8.8
      vertex 12.079 51.0163 -10.4
      vertex 12.2153 51.0625 -10.4
    endloop
  endfacet
  facet normal -0.997864 0.0653198 0
    outer loop
      vertex 13.5906 49.8564 -10.4
      vertex 13.6 50 -8.8
      vertex 13.6 50 -10.4
    endloop
  endfacet
  facet normal -0.997864 0.0653198 0
    outer loop
      vertex 13.6 50 -8.8
      vertex 13.5906 49.8564 -10.4
      vertex 13.5906 49.8564 -8.8
    endloop
  endfacet
  facet normal -0.831515 0.555502 0
    outer loop
      vertex 13.3727 49.3304 -10.4
      vertex 13.4526 49.45 -8.8
      vertex 13.4526 49.45 -10.4
    endloop
  endfacet
  facet normal -0.831515 0.555502 0
    outer loop
      vertex 13.4526 49.45 -8.8
      vertex 13.3727 49.3304 -10.4
      vertex 13.3727 49.3304 -8.8
    endloop
  endfacet
  facet normal -0.980741 0.195314 0
    outer loop
      vertex 13.5625 49.7153 -10.4
      vertex 13.5906 49.8564 -8.8
      vertex 13.5906 49.8564 -10.4
    endloop
  endfacet
  facet normal -0.980741 0.195314 0
    outer loop
      vertex 13.5906 49.8564 -8.8
      vertex 13.5625 49.7153 -10.4
      vertex 13.5625 49.7153 -8.8
    endloop
  endfacet
  facet normal 0.831515 0.555502 0
    outer loop
      vertex 11.6273 49.3304 -8.8
      vertex 11.5474 49.45 -10.4
      vertex 11.5474 49.45 -8.8
    endloop
  endfacet
  facet normal 0.831515 0.555502 0
    outer loop
      vertex 11.5474 49.45 -10.4
      vertex 11.6273 49.3304 -8.8
      vertex 11.6273 49.3304 -10.4
    endloop
  endfacet
  facet normal 0.980741 0.195314 0
    outer loop
      vertex 11.4375 49.7153 -8.8
      vertex 11.4094 49.8564 -10.4
      vertex 11.4094 49.8564 -8.8
    endloop
  endfacet
  facet normal 0.980741 0.195314 0
    outer loop
      vertex 11.4094 49.8564 -10.4
      vertex 11.4375 49.7153 -8.8
      vertex 11.4375 49.7153 -10.4
    endloop
  endfacet
  facet normal -0.555502 0.831515 0
    outer loop
      vertex 13.1696 49.1273 -10.4
      vertex 13.05 49.0474 -8.8
      vertex 13.1696 49.1273 -8.8
    endloop
  endfacet
  facet normal -0.555502 0.831515 0
    outer loop
      vertex 13.05 49.0474 -8.8
      vertex 13.1696 49.1273 -10.4
      vertex 13.05 49.0474 -10.4
    endloop
  endfacet
  facet normal -0.44276 0.89664 0
    outer loop
      vertex 13.05 49.0474 -10.4
      vertex 12.921 48.9837 -8.8
      vertex 13.05 49.0474 -8.8
    endloop
  endfacet
  facet normal -0.44276 0.89664 0
    outer loop
      vertex 12.921 48.9837 -8.8
      vertex 13.05 49.0474 -10.4
      vertex 12.921 48.9837 -10.4
    endloop
  endfacet
  facet normal 0.65939 -0.751801 0
    outer loop
      vertex 11.7222 50.7778 -10.4
      vertex 11.8304 50.8727 -8.8
      vertex 11.7222 50.7778 -8.8
    endloop
  endfacet
  facet normal 0.65939 -0.751801 0
    outer loop
      vertex 11.8304 50.8727 -8.8
      vertex 11.7222 50.7778 -10.4
      vertex 11.8304 50.8727 -10.4
    endloop
  endfacet
  facet normal -0.947073 0.321018 0
    outer loop
      vertex 13.5163 49.579 -10.4
      vertex 13.5625 49.7153 -8.8
      vertex 13.5625 49.7153 -10.4
    endloop
  endfacet
  facet normal -0.947073 0.321018 0
    outer loop
      vertex 13.5625 49.7153 -8.8
      vertex 13.5163 49.579 -10.4
      vertex 13.5163 49.579 -8.8
    endloop
  endfacet
  facet normal -0.89664 0.44276 0
    outer loop
      vertex 13.4526 49.45 -10.4
      vertex 13.5163 49.579 -8.8
      vertex 13.5163 49.579 -10.4
    endloop
  endfacet
  facet normal -0.89664 0.44276 0
    outer loop
      vertex 13.5163 49.579 -8.8
      vertex 13.4526 49.45 -10.4
      vertex 13.4526 49.45 -8.8
    endloop
  endfacet
  facet normal 0.195314 0.980741 -0
    outer loop
      vertex 12.3564 48.9094 -10.4
      vertex 12.2153 48.9375 -8.8
      vertex 12.3564 48.9094 -8.8
    endloop
  endfacet
  facet normal 0.195314 0.980741 0
    outer loop
      vertex 12.2153 48.9375 -8.8
      vertex 12.3564 48.9094 -10.4
      vertex 12.2153 48.9375 -10.4
    endloop
  endfacet
  facet normal 0.555502 0.831515 -0
    outer loop
      vertex 11.95 49.0474 -10.4
      vertex 11.8304 49.1273 -8.8
      vertex 11.95 49.0474 -8.8
    endloop
  endfacet
  facet normal 0.555502 0.831515 0
    outer loop
      vertex 11.8304 49.1273 -8.8
      vertex 11.95 49.0474 -10.4
      vertex 11.8304 49.1273 -10.4
    endloop
  endfacet
  facet normal 0.947073 0.321018 0
    outer loop
      vertex 11.4837 49.579 -8.8
      vertex 11.4375 49.7153 -10.4
      vertex 11.4375 49.7153 -8.8
    endloop
  endfacet
  facet normal 0.947073 0.321018 0
    outer loop
      vertex 11.4375 49.7153 -10.4
      vertex 11.4837 49.579 -8.8
      vertex 11.4837 49.579 -10.4
    endloop
  endfacet
  facet normal 0.89664 0.44276 0
    outer loop
      vertex 11.5474 49.45 -8.8
      vertex 11.4837 49.579 -10.4
      vertex 11.4837 49.579 -8.8
    endloop
  endfacet
  facet normal 0.89664 0.44276 0
    outer loop
      vertex 11.4837 49.579 -10.4
      vertex 11.5474 49.45 -8.8
      vertex 11.5474 49.45 -10.4
    endloop
  endfacet
  facet normal -0.65939 0.751801 0
    outer loop
      vertex 13.2778 49.2222 -10.4
      vertex 13.1696 49.1273 -8.8
      vertex 13.2778 49.2222 -8.8
    endloop
  endfacet
  facet normal -0.65939 0.751801 0
    outer loop
      vertex 13.1696 49.1273 -8.8
      vertex 13.2778 49.2222 -10.4
      vertex 13.1696 49.1273 -10.4
    endloop
  endfacet
  facet normal -0.321018 0.947073 0
    outer loop
      vertex 12.921 48.9837 -10.4
      vertex 12.7847 48.9375 -8.8
      vertex 12.921 48.9837 -8.8
    endloop
  endfacet
  facet normal -0.321018 0.947073 0
    outer loop
      vertex 12.7847 48.9375 -8.8
      vertex 12.921 48.9837 -10.4
      vertex 12.7847 48.9375 -10.4
    endloop
  endfacet
  facet normal 0.0653198 0.997864 -0
    outer loop
      vertex 12.5 48.9 -10.4
      vertex 12.3564 48.9094 -8.8
      vertex 12.5 48.9 -8.8
    endloop
  endfacet
  facet normal 0.0653198 0.997864 0
    outer loop
      vertex 12.3564 48.9094 -8.8
      vertex 12.5 48.9 -10.4
      vertex 12.3564 48.9094 -10.4
    endloop
  endfacet
  facet normal 0.44276 0.89664 -0
    outer loop
      vertex 12.079 48.9837 -10.4
      vertex 11.95 49.0474 -8.8
      vertex 12.079 48.9837 -8.8
    endloop
  endfacet
  facet normal 0.44276 0.89664 0
    outer loop
      vertex 11.95 49.0474 -8.8
      vertex 12.079 48.9837 -10.4
      vertex 11.95 49.0474 -10.4
    endloop
  endfacet
  facet normal 0.65939 0.751801 -0
    outer loop
      vertex 11.8304 49.1273 -10.4
      vertex 11.7222 49.2222 -8.8
      vertex 11.8304 49.1273 -8.8
    endloop
  endfacet
  facet normal 0.65939 0.751801 0
    outer loop
      vertex 11.7222 49.2222 -8.8
      vertex 11.8304 49.1273 -10.4
      vertex 11.7222 49.2222 -10.4
    endloop
  endfacet
  facet normal 0.751801 0.65939 0
    outer loop
      vertex 11.7222 49.2222 -8.8
      vertex 11.6273 49.3304 -10.4
      vertex 11.6273 49.3304 -8.8
    endloop
  endfacet
  facet normal 0.751801 0.65939 0
    outer loop
      vertex 11.6273 49.3304 -10.4
      vertex 11.7222 49.2222 -8.8
      vertex 11.7222 49.2222 -10.4
    endloop
  endfacet
  facet normal 0.321018 0.947073 -0
    outer loop
      vertex 12.2153 48.9375 -10.4
      vertex 12.079 48.9837 -8.8
      vertex 12.2153 48.9375 -8.8
    endloop
  endfacet
  facet normal 0.321018 0.947073 0
    outer loop
      vertex 12.079 48.9837 -8.8
      vertex 12.2153 48.9375 -10.4
      vertex 12.079 48.9837 -10.4
    endloop
  endfacet
  facet normal -0.997864 -0.0653198 0
    outer loop
      vertex 13.6 53.5 -10.4
      vertex 13.5906 53.6436 -8.8
      vertex 13.5906 53.6436 -10.4
    endloop
  endfacet
  facet normal -0.997864 -0.0653198 0
    outer loop
      vertex 13.5906 53.6436 -8.8
      vertex 13.6 53.5 -10.4
      vertex 13.6 53.5 -8.8
    endloop
  endfacet
  facet normal 0.0653198 -0.997864 0
    outer loop
      vertex 12.3564 54.5906 -10.4
      vertex 12.5 54.6 -8.8
      vertex 12.3564 54.5906 -8.8
    endloop
  endfacet
  facet normal 0.0653198 -0.997864 0
    outer loop
      vertex 12.5 54.6 -8.8
      vertex 12.3564 54.5906 -10.4
      vertex 12.5 54.6 -10.4
    endloop
  endfacet
  facet normal -0.0653198 0.997864 0
    outer loop
      vertex 12.6436 52.4094 -10.4
      vertex 12.5 52.4 -8.8
      vertex 12.6436 52.4094 -8.8
    endloop
  endfacet
  facet normal -0.0653198 0.997864 0
    outer loop
      vertex 12.5 52.4 -8.8
      vertex 12.6436 52.4094 -10.4
      vertex 12.5 52.4 -10.4
    endloop
  endfacet
  facet normal -0.751801 0.65939 0
    outer loop
      vertex 13.2778 52.7222 -10.4
      vertex 13.3727 52.8304 -8.8
      vertex 13.3727 52.8304 -10.4
    endloop
  endfacet
  facet normal -0.751801 0.65939 0
    outer loop
      vertex 13.3727 52.8304 -8.8
      vertex 13.2778 52.7222 -10.4
      vertex 13.2778 52.7222 -8.8
    endloop
  endfacet
  facet normal -0.65939 -0.751801 0
    outer loop
      vertex 13.1696 54.3727 -10.4
      vertex 13.2778 54.2778 -8.8
      vertex 13.1696 54.3727 -8.8
    endloop
  endfacet
  facet normal -0.65939 -0.751801 -0
    outer loop
      vertex 13.2778 54.2778 -8.8
      vertex 13.1696 54.3727 -10.4
      vertex 13.2778 54.2778 -10.4
    endloop
  endfacet
  facet normal 0.751801 -0.65939 0
    outer loop
      vertex 11.6273 54.1696 -8.8
      vertex 11.7222 54.2778 -10.4
      vertex 11.7222 54.2778 -8.8
    endloop
  endfacet
  facet normal 0.751801 -0.65939 0
    outer loop
      vertex 11.7222 54.2778 -10.4
      vertex 11.6273 54.1696 -8.8
      vertex 11.6273 54.1696 -10.4
    endloop
  endfacet
  facet normal 0.44276 -0.89664 0
    outer loop
      vertex 11.95 54.4526 -10.4
      vertex 12.079 54.5163 -8.8
      vertex 11.95 54.4526 -8.8
    endloop
  endfacet
  facet normal 0.44276 -0.89664 0
    outer loop
      vertex 12.079 54.5163 -8.8
      vertex 11.95 54.4526 -10.4
      vertex 12.079 54.5163 -10.4
    endloop
  endfacet
  facet normal -0.89664 -0.44276 0
    outer loop
      vertex 13.5163 53.921 -10.4
      vertex 13.4526 54.05 -8.8
      vertex 13.4526 54.05 -10.4
    endloop
  endfacet
  facet normal -0.89664 -0.44276 0
    outer loop
      vertex 13.4526 54.05 -8.8
      vertex 13.5163 53.921 -10.4
      vertex 13.5163 53.921 -8.8
    endloop
  endfacet
  facet normal -0.980741 -0.195314 0
    outer loop
      vertex 13.5906 53.6436 -10.4
      vertex 13.5625 53.7847 -8.8
      vertex 13.5625 53.7847 -10.4
    endloop
  endfacet
  facet normal -0.980741 -0.195314 0
    outer loop
      vertex 13.5625 53.7847 -8.8
      vertex 13.5906 53.6436 -10.4
      vertex 13.5906 53.6436 -8.8
    endloop
  endfacet
  facet normal -0.831515 -0.555502 0
    outer loop
      vertex 13.4526 54.05 -10.4
      vertex 13.3727 54.1696 -8.8
      vertex 13.3727 54.1696 -10.4
    endloop
  endfacet
  facet normal -0.831515 -0.555502 0
    outer loop
      vertex 13.3727 54.1696 -8.8
      vertex 13.4526 54.05 -10.4
      vertex 13.4526 54.05 -8.8
    endloop
  endfacet
  facet normal -0.321018 -0.947073 0
    outer loop
      vertex 12.7847 54.5625 -10.4
      vertex 12.921 54.5163 -8.8
      vertex 12.7847 54.5625 -8.8
    endloop
  endfacet
  facet normal -0.321018 -0.947073 -0
    outer loop
      vertex 12.921 54.5163 -8.8
      vertex 12.7847 54.5625 -10.4
      vertex 12.921 54.5163 -10.4
    endloop
  endfacet
  facet normal -0.555502 -0.831515 0
    outer loop
      vertex 13.05 54.4526 -10.4
      vertex 13.1696 54.3727 -8.8
      vertex 13.05 54.4526 -8.8
    endloop
  endfacet
  facet normal -0.555502 -0.831515 -0
    outer loop
      vertex 13.1696 54.3727 -8.8
      vertex 13.05 54.4526 -10.4
      vertex 13.1696 54.3727 -10.4
    endloop
  endfacet
  facet normal 0.89664 -0.44276 0
    outer loop
      vertex 11.4837 53.921 -8.8
      vertex 11.5474 54.05 -10.4
      vertex 11.5474 54.05 -8.8
    endloop
  endfacet
  facet normal 0.89664 -0.44276 0
    outer loop
      vertex 11.5474 54.05 -10.4
      vertex 11.4837 53.921 -8.8
      vertex 11.4837 53.921 -10.4
    endloop
  endfacet
  facet normal 0.831515 -0.555502 0
    outer loop
      vertex 11.5474 54.05 -8.8
      vertex 11.6273 54.1696 -10.4
      vertex 11.6273 54.1696 -8.8
    endloop
  endfacet
  facet normal 0.831515 -0.555502 0
    outer loop
      vertex 11.6273 54.1696 -10.4
      vertex 11.5474 54.05 -8.8
      vertex 11.5474 54.05 -10.4
    endloop
  endfacet
  facet normal 0.555502 -0.831515 0
    outer loop
      vertex 11.8304 54.3727 -10.4
      vertex 11.95 54.4526 -8.8
      vertex 11.8304 54.3727 -8.8
    endloop
  endfacet
  facet normal 0.555502 -0.831515 0
    outer loop
      vertex 11.95 54.4526 -8.8
      vertex 11.8304 54.3727 -10.4
      vertex 11.95 54.4526 -10.4
    endloop
  endfacet
  facet normal 0.195314 -0.980741 0
    outer loop
      vertex 12.2153 54.5625 -10.4
      vertex 12.3564 54.5906 -8.8
      vertex 12.2153 54.5625 -8.8
    endloop
  endfacet
  facet normal 0.195314 -0.980741 0
    outer loop
      vertex 12.3564 54.5906 -8.8
      vertex 12.2153 54.5625 -10.4
      vertex 12.3564 54.5906 -10.4
    endloop
  endfacet
  facet normal -0.947073 -0.321018 0
    outer loop
      vertex 13.5625 53.7847 -10.4
      vertex 13.5163 53.921 -8.8
      vertex 13.5163 53.921 -10.4
    endloop
  endfacet
  facet normal -0.947073 -0.321018 0
    outer loop
      vertex 13.5163 53.921 -8.8
      vertex 13.5625 53.7847 -10.4
      vertex 13.5625 53.7847 -8.8
    endloop
  endfacet
  facet normal -0.751801 -0.65939 0
    outer loop
      vertex 13.3727 54.1696 -10.4
      vertex 13.2778 54.2778 -8.8
      vertex 13.2778 54.2778 -10.4
    endloop
  endfacet
  facet normal -0.751801 -0.65939 0
    outer loop
      vertex 13.2778 54.2778 -8.8
      vertex 13.3727 54.1696 -10.4
      vertex 13.3727 54.1696 -8.8
    endloop
  endfacet
  facet normal -0.195314 -0.980741 0
    outer loop
      vertex 12.6436 54.5906 -10.4
      vertex 12.7847 54.5625 -8.8
      vertex 12.6436 54.5906 -8.8
    endloop
  endfacet
  facet normal -0.195314 -0.980741 -0
    outer loop
      vertex 12.7847 54.5625 -8.8
      vertex 12.6436 54.5906 -10.4
      vertex 12.7847 54.5625 -10.4
    endloop
  endfacet
  facet normal -0.0653198 -0.997864 0
    outer loop
      vertex 12.5 54.6 -10.4
      vertex 12.6436 54.5906 -8.8
      vertex 12.5 54.6 -8.8
    endloop
  endfacet
  facet normal -0.0653198 -0.997864 -0
    outer loop
      vertex 12.6436 54.5906 -8.8
      vertex 12.5 54.6 -10.4
      vertex 12.6436 54.5906 -10.4
    endloop
  endfacet
  facet normal 0.947073 -0.321018 0
    outer loop
      vertex 11.4375 53.7847 -8.8
      vertex 11.4837 53.921 -10.4
      vertex 11.4837 53.921 -8.8
    endloop
  endfacet
  facet normal 0.947073 -0.321018 0
    outer loop
      vertex 11.4837 53.921 -10.4
      vertex 11.4375 53.7847 -8.8
      vertex 11.4375 53.7847 -10.4
    endloop
  endfacet
  facet normal 0.980741 -0.195314 0
    outer loop
      vertex 11.4094 53.6436 -8.8
      vertex 11.4375 53.7847 -10.4
      vertex 11.4375 53.7847 -8.8
    endloop
  endfacet
  facet normal 0.980741 -0.195314 0
    outer loop
      vertex 11.4375 53.7847 -10.4
      vertex 11.4094 53.6436 -8.8
      vertex 11.4094 53.6436 -10.4
    endloop
  endfacet
  facet normal 0.997864 -0.0653198 0
    outer loop
      vertex 11.4 53.5 -8.8
      vertex 11.4094 53.6436 -10.4
      vertex 11.4094 53.6436 -8.8
    endloop
  endfacet
  facet normal 0.997864 -0.0653198 0
    outer loop
      vertex 11.4094 53.6436 -10.4
      vertex 11.4 53.5 -8.8
      vertex 11.4 53.5 -10.4
    endloop
  endfacet
  facet normal 0.997864 0.0653198 0
    outer loop
      vertex 11.4094 53.3564 -8.8
      vertex 11.4 53.5 -10.4
      vertex 11.4 53.5 -8.8
    endloop
  endfacet
  facet normal 0.997864 0.0653198 0
    outer loop
      vertex 11.4 53.5 -10.4
      vertex 11.4094 53.3564 -8.8
      vertex 11.4094 53.3564 -10.4
    endloop
  endfacet
  facet normal 0.65939 -0.751801 0
    outer loop
      vertex 11.7222 54.2778 -10.4
      vertex 11.8304 54.3727 -8.8
      vertex 11.7222 54.2778 -8.8
    endloop
  endfacet
  facet normal 0.65939 -0.751801 0
    outer loop
      vertex 11.8304 54.3727 -8.8
      vertex 11.7222 54.2778 -10.4
      vertex 11.8304 54.3727 -10.4
    endloop
  endfacet
  facet normal -0.997864 0.0653198 0
    outer loop
      vertex 13.5906 53.3564 -10.4
      vertex 13.6 53.5 -8.8
      vertex 13.6 53.5 -10.4
    endloop
  endfacet
  facet normal -0.997864 0.0653198 0
    outer loop
      vertex 13.6 53.5 -8.8
      vertex 13.5906 53.3564 -10.4
      vertex 13.5906 53.3564 -8.8
    endloop
  endfacet
  facet normal -0.831515 0.555502 0
    outer loop
      vertex 13.3727 52.8304 -10.4
      vertex 13.4526 52.95 -8.8
      vertex 13.4526 52.95 -10.4
    endloop
  endfacet
  facet normal -0.831515 0.555502 0
    outer loop
      vertex 13.4526 52.95 -8.8
      vertex 13.3727 52.8304 -10.4
      vertex 13.3727 52.8304 -8.8
    endloop
  endfacet
  facet normal -0.980741 0.195314 0
    outer loop
      vertex 13.5625 53.2153 -10.4
      vertex 13.5906 53.3564 -8.8
      vertex 13.5906 53.3564 -10.4
    endloop
  endfacet
  facet normal -0.980741 0.195314 0
    outer loop
      vertex 13.5906 53.3564 -8.8
      vertex 13.5625 53.2153 -10.4
      vertex 13.5625 53.2153 -8.8
    endloop
  endfacet
  facet normal 0.831515 0.555502 0
    outer loop
      vertex 11.6273 52.8304 -8.8
      vertex 11.5474 52.95 -10.4
      vertex 11.5474 52.95 -8.8
    endloop
  endfacet
  facet normal 0.831515 0.555502 0
    outer loop
      vertex 11.5474 52.95 -10.4
      vertex 11.6273 52.8304 -8.8
      vertex 11.6273 52.8304 -10.4
    endloop
  endfacet
  facet normal 0.980741 0.195314 0
    outer loop
      vertex 11.4375 53.2153 -8.8
      vertex 11.4094 53.3564 -10.4
      vertex 11.4094 53.3564 -8.8
    endloop
  endfacet
  facet normal 0.980741 0.195314 0
    outer loop
      vertex 11.4094 53.3564 -10.4
      vertex 11.4375 53.2153 -8.8
      vertex 11.4375 53.2153 -10.4
    endloop
  endfacet
  facet normal -0.555502 0.831515 0
    outer loop
      vertex 13.1696 52.6273 -10.4
      vertex 13.05 52.5474 -8.8
      vertex 13.1696 52.6273 -8.8
    endloop
  endfacet
  facet normal -0.555502 0.831515 0
    outer loop
      vertex 13.05 52.5474 -8.8
      vertex 13.1696 52.6273 -10.4
      vertex 13.05 52.5474 -10.4
    endloop
  endfacet
  facet normal -0.44276 0.89664 0
    outer loop
      vertex 13.05 52.5474 -10.4
      vertex 12.921 52.4837 -8.8
      vertex 13.05 52.5474 -8.8
    endloop
  endfacet
  facet normal -0.44276 0.89664 0
    outer loop
      vertex 12.921 52.4837 -8.8
      vertex 13.05 52.5474 -10.4
      vertex 12.921 52.4837 -10.4
    endloop
  endfacet
  facet normal -0.44276 -0.89664 0
    outer loop
      vertex 12.921 54.5163 -10.4
      vertex 13.05 54.4526 -8.8
      vertex 12.921 54.5163 -8.8
    endloop
  endfacet
  facet normal -0.44276 -0.89664 -0
    outer loop
      vertex 13.05 54.4526 -8.8
      vertex 12.921 54.5163 -10.4
      vertex 13.05 54.4526 -10.4
    endloop
  endfacet
  facet normal 0.321018 -0.947073 0
    outer loop
      vertex 12.079 54.5163 -10.4
      vertex 12.2153 54.5625 -8.8
      vertex 12.079 54.5163 -8.8
    endloop
  endfacet
  facet normal 0.321018 -0.947073 0
    outer loop
      vertex 12.2153 54.5625 -8.8
      vertex 12.079 54.5163 -10.4
      vertex 12.2153 54.5625 -10.4
    endloop
  endfacet
  facet normal -0.947073 0.321018 0
    outer loop
      vertex 13.5163 53.079 -10.4
      vertex 13.5625 53.2153 -8.8
      vertex 13.5625 53.2153 -10.4
    endloop
  endfacet
  facet normal -0.947073 0.321018 0
    outer loop
      vertex 13.5625 53.2153 -8.8
      vertex 13.5163 53.079 -10.4
      vertex 13.5163 53.079 -8.8
    endloop
  endfacet
  facet normal -0.89664 0.44276 0
    outer loop
      vertex 13.4526 52.95 -10.4
      vertex 13.5163 53.079 -8.8
      vertex 13.5163 53.079 -10.4
    endloop
  endfacet
  facet normal -0.89664 0.44276 0
    outer loop
      vertex 13.5163 53.079 -8.8
      vertex 13.4526 52.95 -10.4
      vertex 13.4526 52.95 -8.8
    endloop
  endfacet
  facet normal 0.195314 0.980741 -0
    outer loop
      vertex 12.3564 52.4094 -10.4
      vertex 12.2153 52.4375 -8.8
      vertex 12.3564 52.4094 -8.8
    endloop
  endfacet
  facet normal 0.195314 0.980741 0
    outer loop
      vertex 12.2153 52.4375 -8.8
      vertex 12.3564 52.4094 -10.4
      vertex 12.2153 52.4375 -10.4
    endloop
  endfacet
  facet normal 0.555502 0.831515 -0
    outer loop
      vertex 11.95 52.5474 -10.4
      vertex 11.8304 52.6273 -8.8
      vertex 11.95 52.5474 -8.8
    endloop
  endfacet
  facet normal 0.555502 0.831515 0
    outer loop
      vertex 11.8304 52.6273 -8.8
      vertex 11.95 52.5474 -10.4
      vertex 11.8304 52.6273 -10.4
    endloop
  endfacet
  facet normal 0.947073 0.321018 0
    outer loop
      vertex 11.4837 53.079 -8.8
      vertex 11.4375 53.2153 -10.4
      vertex 11.4375 53.2153 -8.8
    endloop
  endfacet
  facet normal 0.947073 0.321018 0
    outer loop
      vertex 11.4375 53.2153 -10.4
      vertex 11.4837 53.079 -8.8
      vertex 11.4837 53.079 -10.4
    endloop
  endfacet
  facet normal 0.89664 0.44276 0
    outer loop
      vertex 11.5474 52.95 -8.8
      vertex 11.4837 53.079 -10.4
      vertex 11.4837 53.079 -8.8
    endloop
  endfacet
  facet normal 0.89664 0.44276 0
    outer loop
      vertex 11.4837 53.079 -10.4
      vertex 11.5474 52.95 -8.8
      vertex 11.5474 52.95 -10.4
    endloop
  endfacet
  facet normal -0.65939 0.751801 0
    outer loop
      vertex 13.2778 52.7222 -10.4
      vertex 13.1696 52.6273 -8.8
      vertex 13.2778 52.7222 -8.8
    endloop
  endfacet
  facet normal -0.65939 0.751801 0
    outer loop
      vertex 13.1696 52.6273 -8.8
      vertex 13.2778 52.7222 -10.4
      vertex 13.1696 52.6273 -10.4
    endloop
  endfacet
  facet normal -0.321018 0.947073 0
    outer loop
      vertex 12.921 52.4837 -10.4
      vertex 12.7847 52.4375 -8.8
      vertex 12.921 52.4837 -8.8
    endloop
  endfacet
  facet normal -0.321018 0.947073 0
    outer loop
      vertex 12.7847 52.4375 -8.8
      vertex 12.921 52.4837 -10.4
      vertex 12.7847 52.4375 -10.4
    endloop
  endfacet
  facet normal -0.195314 0.980741 0
    outer loop
      vertex 12.7847 52.4375 -10.4
      vertex 12.6436 52.4094 -8.8
      vertex 12.7847 52.4375 -8.8
    endloop
  endfacet
  facet normal -0.195314 0.980741 0
    outer loop
      vertex 12.6436 52.4094 -8.8
      vertex 12.7847 52.4375 -10.4
      vertex 12.6436 52.4094 -10.4
    endloop
  endfacet
  facet normal 0.0653198 0.997864 -0
    outer loop
      vertex 12.5 52.4 -10.4
      vertex 12.3564 52.4094 -8.8
      vertex 12.5 52.4 -8.8
    endloop
  endfacet
  facet normal 0.0653198 0.997864 0
    outer loop
      vertex 12.3564 52.4094 -8.8
      vertex 12.5 52.4 -10.4
      vertex 12.3564 52.4094 -10.4
    endloop
  endfacet
  facet normal 0.44276 0.89664 -0
    outer loop
      vertex 12.079 52.4837 -10.4
      vertex 11.95 52.5474 -8.8
      vertex 12.079 52.4837 -8.8
    endloop
  endfacet
  facet normal 0.44276 0.89664 0
    outer loop
      vertex 11.95 52.5474 -8.8
      vertex 12.079 52.4837 -10.4
      vertex 11.95 52.5474 -10.4
    endloop
  endfacet
  facet normal 0.65939 0.751801 -0
    outer loop
      vertex 11.8304 52.6273 -10.4
      vertex 11.7222 52.7222 -8.8
      vertex 11.8304 52.6273 -8.8
    endloop
  endfacet
  facet normal 0.65939 0.751801 0
    outer loop
      vertex 11.7222 52.7222 -8.8
      vertex 11.8304 52.6273 -10.4
      vertex 11.7222 52.7222 -10.4
    endloop
  endfacet
  facet normal 0.751801 0.65939 0
    outer loop
      vertex 11.7222 52.7222 -8.8
      vertex 11.6273 52.8304 -10.4
      vertex 11.6273 52.8304 -8.8
    endloop
  endfacet
  facet normal 0.751801 0.65939 0
    outer loop
      vertex 11.6273 52.8304 -10.4
      vertex 11.7222 52.7222 -8.8
      vertex 11.7222 52.7222 -10.4
    endloop
  endfacet
  facet normal 0.321018 0.947073 -0
    outer loop
      vertex 12.2153 52.4375 -10.4
      vertex 12.079 52.4837 -8.8
      vertex 12.2153 52.4375 -8.8
    endloop
  endfacet
  facet normal 0.321018 0.947073 0
    outer loop
      vertex 12.079 52.4837 -8.8
      vertex 12.2153 52.4375 -10.4
      vertex 12.079 52.4837 -10.4
    endloop
  endfacet
  facet normal 0 0 -1
    outer loop
      vertex -2.5 73.5 -1.7
      vertex -0.5 85.5 -1.7
      vertex -0.5 73.5 -1.7
    endloop
  endfacet
  facet normal -0 0 -1
    outer loop
      vertex -0.5 85.5 -1.7
      vertex -2.5 73.5 -1.7
      vertex -2.5 85.5 -1.7
    endloop
  endfacet
  facet normal -1 0 0
    outer loop
      vertex 0 73.5 -9.7
      vertex 0 85.5 -8.8
      vertex 0 85.5 -9.7
    endloop
  endfacet
  facet normal -1 -0 0
    outer loop
      vertex 0 85.5 -8.8
      vertex 0 73.5 -9.7
      vertex 0 73.5 -8.8
    endloop
  endfacet
  facet normal 0 -1 0
    outer loop
      vertex -2.5 85.5 -1.7
      vertex -0.5 85.5 -8.8
      vertex -0.5 85.5 -1.7
    endloop
  endfacet
  facet normal 0 -1 0
    outer loop
      vertex -2.5 85.5 -9.7
      vertex -0.5 85.5 -8.8
      vertex -2.5 85.5 -1.7
    endloop
  endfacet
  facet normal 0 -1 0
    outer loop
      vertex 0 85.5 -9.7
      vertex -0.5 85.5 -8.8
      vertex -2.5 85.5 -9.7
    endloop
  endfacet
  facet normal 0 -1 0
    outer loop
      vertex -0.5 85.5 -8.8
      vertex 0 85.5 -9.7
      vertex 0 85.5 -8.8
    endloop
  endfacet
  facet normal -0 0 1
    outer loop
      vertex -2.5 85.5 -9.7
      vertex 0 73.5 -9.7
      vertex 0 85.5 -9.7
    endloop
  endfacet
  facet normal 0 0 1
    outer loop
      vertex 0 73.5 -9.7
      vertex -2.5 85.5 -9.7
      vertex -2.5 73.5 -9.7
    endloop
  endfacet
  facet normal 0 1 0
    outer loop
      vertex 0 73.5 -8.8
      vertex 0 73.5 -9.7
      vertex -0.5 73.5 -8.8
    endloop
  endfacet
  facet normal 0 1 -0
    outer loop
      vertex -0.5 73.5 -8.8
      vertex -2.5 73.5 -1.7
      vertex -0.5 73.5 -1.7
    endloop
  endfacet
  facet normal 0 1 0
    outer loop
      vertex -0.5 73.5 -8.8
      vertex -2.5 73.5 -9.7
      vertex -2.5 73.5 -1.7
    endloop
  endfacet
  facet normal 0 1 0
    outer loop
      vertex -2.5 73.5 -9.7
      vertex -0.5 73.5 -8.8
      vertex 0 73.5 -9.7
    endloop
  endfacet
endsolid OpenSCAD_Model
